source1_entity_id,candidate_entity_id,source_pair,hit_exact_norm_name,hit_exact_rare_name_token,hit_exact_postcode,hit_name_tfidf_top20,hit_name_tfidf_top50,hit_address_tfidf_top20,hit_address_tfidf_top50,hit_union_all,n_blockers_hit,rescued_only_by
S1-10031717,S2-10438934,S1_S2,0,0,0,0,1,1,1,1,3,multiple
S1-10031717,S2-869258427,S1_S2,1,0,0,1,1,1,1,1,5,multiple
S1-10031717,S3-301997822,S1_S3,1,0,0,1,1,1,1,1,5,multiple
S1-100757016,S2-147931575,S1_S2,0,0,0,1,1,1,1,1,4,multiple
S1-100757016,S3-249690511,S1_S3,0,0,0,1,1,1,1,1,4,multiple
S1-101037565,S3-164363733,S1_S3,0,0,0,1,1,1,1,1,4,multiple
S1-1013285,S2-282245914,S1_S2,0,1,0,1,1,1,1,1,5,multiple
S1-1013285,S2-343870939,S1_S2,0,1,0,1,1,1,1,1,5,multiple
S1-1013285,S2-878733872,S1_S2,0,1,0,1,1,0,0,1,3,multiple
S1-1013285,S3-166140908,S1_S3,0,1,0,1,1,1,1,1,5,multiple
S1-1013285,S3-36979399,S1_S3,0,1,0,1,1,1,1,1,5,multiple
S1-102015525,S2-990400995,S1_S2,0,1,0,1,1,1,1,1,5,multiple
S1-102015525,S3-845084461,S1_S3,0,1,0,1,1,1,1,1,5,multiple
S1-102145943,S2-279671142,S1_S2,0,0,0,0,0,1,1,1,2,multiple
S1-102145943,S3-109361564,S1_S3,0,0,0,1,1,0,1,1,3,multiple
S1-102145943,S3-988810665,S1_S3,0,0,0,0,0,1,1,1,2,multiple
S1-102163161,S2-605765649,S1_S2,1,1,0,1,1,1,1,1,6,multiple
S1-102163161,S2-782170250,S1_S2,0,1,0,1,1,1,1,1,5,multiple
S1-102163161,S2-835412875,S1_S2,0,1,0,1,1,1,1,1,5,multiple
S1-102163161,S3-113237694,S1_S3,1,1,0,1,1,1,1,1,6,multiple
S1-102163161,S3-48560397,S1_S3,0,1,0,1,1,1,1,1,5,multiple
S1-102163161,S3-767567078,S1_S3,0,1,0,1,1,1,1,1,5,multiple
S1-102680233,S2-180823022,S1_S2,0,1,0,1,1,1,1,1,5,multiple
S1-102680233,S2-317197903,S1_S2,1,1,0,1,1,1,1,1,6,multiple
S1-102882022,S2-52623372,S1_S2,0,1,0,1,1,1,1,1,5,multiple
S1-102882022,S2-748476685,S1_S2,0,1,0,1,1,1,1,1,5,multiple
S1-102882022,S2-92712002,S1_S2,1,1,0,1,1,1,1,1,6,multiple
S1-102882022,S3-224048988,S1_S3,0,1,0,1,1,1,1,1,5,multiple
S1-102882022,S3-602694634,S1_S3,0,1,0,1,1,1,1,1,5,multiple
S1-104943229,S2-808076006,S1_S2,0,1,0,1,1,1,1,1,5,multiple
S1-10631254,S2-402681352,S1_S2,0,1,0,1,1,1,1,1,5,multiple
S1-10631254,S2-464031631,S1_S2,0,0,0,0,1,1,1,1,3,multiple
S1-10631254,S3-334692517,S1_S3,0,1,0,1,1,1,1,1,5,multiple
S1-10631254,S3-525136596,S1_S3,0,0,0,1,1,1,1,1,4,multiple
S1-10631254,S3-840968870,S1_S3,0,0,0,0,0,1,1,1,2,multiple
S1-106975569,S2-597954501,S1_S2,1,1,0,1,1,1,1,1,6,multiple
S1-106975569,S3-809522820,S1_S3,0,0,0,0,0,0,1,1,1,address_tfidf_top50
S1-108690501,S2-314401179,S1_S2,0,1,0,1,1,0,0,1,3,multiple
S1-108690501,S2-445091520,S1_S2,0,1,0,1,1,1,1,1,5,multiple
S1-108690501,S3-584267547,S1_S3,0,1,0,1,1,1,1,1,5,multiple
S1-108690501,S3-896226478,S1_S3,0,0,0,1,1,1,1,1,4,multiple
S1-109469910,S2-597646454,S1_S2,0,1,0,1,1,1,1,1,5,multiple
S1-109469910,S2-783474691,S1_S2,0,0,0,1,1,1,1,1,4,multiple
S1-109469910,S2-986872979,S1_S2,1,1,0,1,1,1,1,1,6,multiple
S1-109469910,S3-753072383,S1_S3,0,1,0,1,1,1,1,1,5,multiple
S1-109469910,S3-789148059,S1_S3,1,1,0,1,1,1,1,1,6,multiple
S1-109469910,S3-874047553,S1_S3,0,0,0,0,0,1,1,1,2,multiple
S1-109469910,S3-894089757,S1_S3,0,1,0,1,1,1,1,1,5,multiple
S1-110169125,S2-758254819,S1_S2,0,0,0,1,1,1,1,1,4,multiple
S1-110169125,S2-968587815,S1_S2,0,0,0,1,1,1,1,1,4,multiple
S1-110169125,S3-157655176,S1_S3,0,0,0,1,1,1,1,1,4,multiple
S1-110169125,S3-238828333,S1_S3,0,0,0,1,1,1,1,1,4,multiple
S1-110764340,S2-387282743,S1_S2,0,0,0,1,1,1,1,1,4,multiple
S1-110764340,S3-477781258,S1_S3,1,0,0,1,1,0,0,1,3,multiple
S1-110764340,S3-485524863,S1_S3,0,0,0,1,1,1,1,1,4,multiple
S1-110764340,S3-620449456,S1_S3,0,0,0,1,1,1,1,1,4,multiple
S1-110764340,S3-771447907,S1_S3,1,0,0,1,1,1,1,1,5,multiple
S1-110764340,S3-82961475,S1_S3,0,0,0,1,1,1,1,1,4,multiple
S1-111627994,S2-196228085,S1_S2,0,1,0,1,1,1,1,1,5,multiple
S1-111627994,S2-362968860,S1_S2,0,1,0,1,1,1,1,1,5,multiple
S1-111627994,S3-333481836,S1_S3,0,1,0,1,1,1,1,1,5,multiple
S1-111627994,S3-603021422,S1_S3,0,0,0,1,1,1,1,1,4,multiple
S1-112252915,S2-300783449,S1_S2,1,0,0,1,1,1,1,1,5,multiple
S1-112252915,S3-193313422,S1_S3,0,0,1,1,1,1,1,1,5,multiple
S1-112252915,S3-216866165,S1_S3,0,0,1,1,1,1,1,1,5,multiple
S1-112375722,S2-375943440,S1_S2,0,1,0,1,1,1,1,1,5,multiple
S1-112375722,S2-90314850,S1_S2,0,1,0,1,1,1,1,1,5,multiple
S1-112375722,S3-28168750,S1_S3,0,1,0,1,1,1,1,1,5,multiple
S1-112375722,S3-369141703,S1_S3,0,1,0,1,1,1,1,1,5,multiple
S1-112375722,S3-546347195,S1_S3,0,1,0,1,1,1,1,1,5,multiple
S1-112664169,S2-196230682,S1_S2,0,0,0,0,0,1,1,1,2,multiple
S1-112664169,S2-589515399,S1_S2,0,0,0,1,1,1,1,1,4,multiple
S1-112664169,S2-857978472,S1_S2,0,0,0,1,1,1,1,1,4,multiple
S1-112664169,S3-528759812,S1_S3,0,0,0,1,1,1,1,1,4,multiple
S1-112664169,S3-788877568,S1_S3,0,0,0,0,0,1,1,1,2,multiple
S1-112664169,S3-810606019,S1_S3,0,0,0,1,1,1,1,1,4,multiple
S1-113408925,S2-24308402,S1_S2,0,0,0,1,1,1,1,1,4,multiple
S1-113408925,S2-395940993,S1_S2,0,0,0,0,0,1,1,1,2,multiple
S1-113408925,S2-880009754,S1_S2,0,0,0,0,0,1,1,1,2,multiple
S1-113408925,S3-298920866,S1_S3,1,1,0,1,1,1,1,1,6,multiple
S1-113540984,S2-488268023,S1_S2,0,1,0,1,1,1,1,1,5,multiple
S1-113540984,S2-738597221,S1_S2,0,1,0,1,1,1,1,1,5,multiple
S1-113540984,S3-326336661,S1_S3,0,1,0,1,1,1,1,1,5,multiple
S1-113540984,S3-737381682,S1_S3,0,1,0,1,1,1,1,1,5,multiple
S1-113540984,S3-876568865,S1_S3,0,1,0,1,1,1,1,1,5,multiple
S1-114085149,S2-41146081,S1_S2,1,1,0,1,1,1,1,1,6,multiple
S1-114085149,S3-350678501,S1_S3,0,1,0,1,1,1,1,1,5,multiple
S1-115901232,S3-717880338,S1_S3,1,0,0,1,1,1,1,1,5,multiple
S1-116298454,S2-517748033,S1_S2,0,0,1,1,1,1,1,1,5,multiple
S1-116298454,S3-175651046,S1_S3,0,0,1,0,0,1,1,1,3,multiple
S1-116298454,S3-430735192,S1_S3,0,0,1,1,1,1,1,1,5,multiple
S1-116305519,S3-295917841,S1_S3,0,1,0,1,1,1,1,1,5,multiple
S1-116305519,S3-569452363,S1_S3,0,0,0,0,0,1,1,1,2,multiple
S1-116620781,S2-253958998,S1_S2,0,1,0,1,1,1,1,1,5,multiple
S1-116620781,S2-514533029,S1_S2,0,1,0,1,1,1,1,1,5,multiple
S1-116620781,S2-625486110,S1_S2,1,1,0,1,1,1,1,1,6,multiple
S1-116620781,S3-373478638,S1_S3,1,1,0,1,1,1,1,1,6,multiple
S1-117197981,S3-407031739,S1_S3,1,1,0,1,1,1,1,1,6,multiple
S1-117259523,S2-237641822,S1_S2,1,1,0,1,1,1,1,1,6,multiple
S1-117259523,S3-791343163,S1_S3,0,1,0,1,1,1,1,1,5,multiple
S1-117486749,S2-559017401,S1_S2,0,0,0,1,1,1,1,1,4,multiple
S1-117486749,S2-971436472,S1_S2,1,1,0,1,1,1,1,1,6,multiple
S1-117486749,S3-381722185,S1_S3,1,1,0,1,1,1,1,1,6,multiple
S1-118252104,S2-191717795,S1_S2,0,1,0,1,1,1,1,1,5,multiple
S1-118252104,S2-526959857,S1_S2,0,1,0,1,1,1,1,1,5,multiple
S1-118252104,S2-930929709,S1_S2,1,1,0,1,1,1,1,1,6,multiple
S1-118252104,S3-481504122,S1_S3,0,1,0,1,1,0,0,1,3,multiple
S1-118252104,S3-524165519,S1_S3,1,1,1,1,1,1,1,1,7,multiple
S1-118252104,S3-615197886,S1_S3,0,1,1,1,1,1,1,1,6,multiple
S1-119137604,S2-368730562,S1_S2,0,0,0,1,1,1,1,1,4,multiple
S1-119137604,S3-301938687,S1_S3,0,1,0,1,1,1,1,1,5,multiple
S1-119137604,S3-343231736,S1_S3,0,1,0,1,1,1,1,1,5,multiple
S1-119137604,S3-793487174,S1_S3,0,1,0,1,1,1,1,1,5,multiple
S1-119978074,S2-559233975,S1_S2,1,1,0,1,1,0,1,1,5,multiple
S1-119978074,S3-410210567,S1_S3,0,1,0,1,1,0,0,1,3,multiple
S1-119978074,S3-542954481,S1_S3,0,0,0,1,1,1,1,1,4,multiple
S1-119978074,S3-670532411,S1_S3,0,1,0,1,1,1,1,1,5,multiple
S1-120131911,S3-131308649,S1_S3,0,0,0,1,1,1,1,1,4,multiple
S1-120131911,S3-53940753,S1_S3,1,1,0,1,1,1,1,1,6,multiple
S1-120131911,S3-784151861,S1_S3,0,1,0,1,1,1,1,1,5,multiple
S1-120131911,S3-786074190,S1_S3,0,0,0,1,1,0,0,1,2,multiple
S1-120131911,S3-999713288,S1_S3,0,1,0,1,1,1,1,1,5,multiple
S1-120803513,S2-658002694,S1_S2,1,1,0,1,1,1,1,1,6,multiple
S1-120803513,S2-710227608,S1_S2,1,1,0,1,1,1,1,1,6,multiple
S1-120803513,S3-661643654,S1_S3,0,1,0,1,1,1,1,1,5,multiple
S1-120973189,S2-677717573,S1_S2,1,0,0,1,1,1,1,1,5,multiple
S1-120973189,S3-294275778,S1_S3,0,0,0,1,1,1,1,1,4,multiple
S1-120973189,S3-999113858,S1_S3,0,0,0,1,1,1,1,1,4,multiple
S1-122012050,S2-307192015,S1_S2,0,1,0,1,1,0,0,1,3,multiple
S1-122012050,S3-5610369,S1_S3,0,0,0,0,1,1,1,1,3,multiple
S1-122351043,S2-395645716,S1_S2,0,0,0,0,0,1,1,1,2,multiple
S1-122351043,S3-411182312,S1_S3,0,0,0,0,0,1,1,1,2,multiple
S1-122351043,S3-838184930,S1_S3,0,0,0,0,0,1,1,1,2,multiple
S1-122351043,S3-888807153,S1_S3,0,0,0,0,0,1,1,1,2,multiple
S1-122351043,S3-972682090,S1_S3,0,0,0,1,1,1,1,1,4,multiple
S1-122911351,S2-186222852,S1_S2,0,0,0,1,1,1,1,1,4,multiple
S1-122911351,S2-266420146,S1_S2,0,0,0,0,0,1,1,1,2,multiple
S1-122911351,S2-323909296,S1_S2,0,0,0,0,0,1,1,1,2,multiple
S1-122911351,S2-528173947,S1_S2,0,0,0,1,1,1,1,1,4,multiple
S1-122911351,S2-827641693,S1_S2,0,0,0,1,1,1,1,1,4,multiple
S1-122911351,S3-682297150,S1_S3,0,0,0,1,1,1,1,1,4,multiple
S1-122911351,S3-972364418,S1_S3,0,0,0,0,0,1,1,1,2,multiple
S1-123579193,S2-140763532,S1_S2,0,0,0,0,1,1,1,1,3,multiple
S1-123579193,S2-373636274,S1_S2,1,1,0,1,1,1,1,1,6,multiple
S1-123579193,S3-404826739,S1_S3,0,0,0,1,1,1,1,1,4,multiple
S1-123657052,S2-183138609,S1_S2,0,0,0,1,1,1,1,1,4,multiple
S1-123657052,S2-916895263,S1_S2,0,0,0,1,1,1,1,1,4,multiple
S1-123657052,S3-531864081,S1_S3,0,0,0,1,1,1,1,1,4,multiple
S1-123657052,S3-787482271,S1_S3,0,0,0,1,1,1,1,1,4,multiple
S1-123915989,S2-908008834,S1_S2,0,1,0,1,1,1,1,1,5,multiple
S1-123915989,S3-388754390,S1_S3,0,1,0,1,1,1,1,1,5,multiple
S1-123915989,S3-450951162,S1_S3,0,1,0,1,1,1,1,1,5,multiple
S1-123991019,S2-272706016,S1_S2,0,0,0,1,1,1,1,1,4,multiple
S1-123991019,S2-87212077,S1_S2,1,0,0,1,1,1,1,1,5,multiple
S1-123991019,S3-152650048,S1_S3,0,0,0,0,1,1,1,1,3,multiple
S1-123991019,S3-377276960,S1_S3,0,0,0,1,1,1,1,1,4,multiple
S1-123991019,S3-567495432,S1_S3,0,0,0,1,1,1,1,1,4,multiple
S1-123991019,S3-886287203,S1_S3,0,0,0,1,1,1,1,1,4,multiple
S1-123991019,S3-993165831,S1_S3,1,0,0,1,1,1,1,1,5,multiple
S1-124419248,S2-764448811,S1_S2,1,1,0,1,1,1,1,1,6,multiple
S1-124419248,S2-770849976,S1_S2,0,0,0,1,1,1,1,1,4,multiple
S1-124419248,S2-808762782,S1_S2,0,1,0,1,1,0,0,1,3,multiple
S1-124419248,S3-365201154,S1_S3,1,1,0,1,1,1,1,1,6,multiple
S1-124465769,S2-168396492,S1_S2,0,1,0,1,1,1,1,1,5,multiple
S1-124465769,S2-559877754,S1_S2,0,1,0,1,1,1,1,1,5,multiple
S1-125513561,S2-251105296,S1_S2,0,0,0,1,1,1,1,1,4,multiple
S1-125513561,S2-477661946,S1_S2,0,1,0,1,1,1,1,1,5,multiple
S1-125513561,S2-58674416,S1_S2,0,1,0,1,1,1,1,1,5,multiple
S1-125513561,S3-634839534,S1_S3,0,1,0,1,1,1,1,1,5,multiple
S1-1263402,S2-117437257,S1_S2,0,0,0,1,1,1,1,1,4,multiple
S1-1263402,S3-121224921,S1_S3,0,0,0,1,1,1,1,1,4,multiple
S1-1263402,S3-16517684,S1_S3,1,0,0,1,1,1,1,1,5,multiple
S1-126599055,S2-819784934,S1_S2,0,0,0,0,1,1,1,1,3,multiple
S1-126599055,S3-215645098,S1_S3,0,1,0,0,1,1,1,1,4,multiple
S1-12826133,S2-210778520,S1_S2,0,0,0,1,1,1,1,1,4,multiple
S1-12826133,S2-749580105,S1_S2,1,0,0,1,1,1,1,1,5,multiple
S1-12826133,S2-868299595,S1_S2,0,0,0,1,1,1,1,1,4,multiple
S1-12826133,S2-929633266,S1_S2,0,0,0,1,1,1,1,1,4,multiple
S1-12826133,S3-620426855,S1_S3,1,0,0,1,1,1,1,1,5,multiple
S1-12826133,S3-788211172,S1_S3,1,0,0,1,1,1,1,1,5,multiple
S1-12826133,S3-819047788,S1_S3,0,0,0,1,1,1,1,1,4,multiple
S1-129377969,S2-582337103,S1_S2,0,0,0,1,1,1,1,1,4,multiple
S1-129377969,S2-826957763,S1_S2,0,0,0,1,1,1,1,1,4,multiple
S1-129377969,S2-906299899,S1_S2,0,0,0,0,1,1,1,1,3,multiple
S1-129377969,S2-926934707,S1_S2,0,0,0,1,1,1,1,1,4,multiple
S1-129377969,S3-403645908,S1_S3,1,0,0,1,1,0,1,1,4,multiple
S1-129377969,S3-523752530,S1_S3,0,0,0,1,1,1,1,1,4,multiple
S1-129641703,S2-841505655,S1_S2,1,1,0,1,1,1,1,1,6,multiple
S1-129641703,S2-927580803,S1_S2,1,1,0,1,1,1,1,1,6,multiple
S1-129641703,S3-208907285,S1_S3,1,1,0,1,1,1,1,1,6,multiple
S1-129749535,S2-139384346,S1_S2,0,0,0,0,0,1,1,1,2,multiple
S1-129749535,S2-456577054,S1_S2,0,0,0,1,1,1,1,1,4,multiple
S1-129749535,S3-532723599,S1_S3,0,0,0,0,0,1,1,1,2,multiple
S1-130073909,S2-245179059,S1_S2,0,0,0,1,1,1,1,1,4,multiple
S1-130073909,S2-274866019,S1_S2,0,1,0,1,1,1,1,1,5,multiple
S1-130073909,S2-855785281,S1_S2,0,0,0,1,1,1,1,1,4,multiple
S1-131126031,S2-145795981,S1_S2,0,0,0,0,1,1,1,1,3,multiple
S1-131126031,S2-560369831,S1_S2,0,0,0,0,1,1,1,1,3,multiple
S1-131126031,S2-816309151,S1_S2,0,0,0,1,1,1,1,1,4,multiple
S1-131126031,S2-9800863,S1_S2,0,0,0,1,1,1,1,1,4,multiple
S1-131126031,S3-400456040,S1_S3,0,0,0,0,0,1,1,1,2,multiple
S1-131126031,S3-975180332,S1_S3,1,0,0,1,1,1,1,1,5,multiple
S1-131180656,S2-132860413,S1_S2,0,0,0,1,1,1,1,1,4,multiple
S1-131180656,S2-784262519,S1_S2,0,0,0,0,0,1,1,1,2,multiple
S1-131180656,S3-382652597,S1_S3,0,0,0,0,0,1,1,1,2,multiple
S1-133911340,S2-230568098,S1_S2,0,0,0,1,1,1,1,1,4,multiple
S1-133911340,S2-869645541,S1_S2,0,0,0,1,1,1,1,1,4,multiple
S1-133911340,S3-771293399,S1_S3,1,0,0,1,1,1,1,1,5,multiple
S1-134309833,S2-470121449,S1_S2,0,0,0,0,0,1,1,1,2,multiple
S1-134309833,S3-107442650,S1_S3,1,0,0,1,1,1,1,1,5,multiple
S1-134309833,S3-370027353,S1_S3,0,0,0,1,1,1,1,1,4,multiple
S1-134309833,S3-711601359,S1_S3,0,0,0,1,1,1,1,1,4,multiple
S1-134714253,S2-522667486,S1_S2,0,0,0,1,1,1,1,1,4,multiple
S1-134714253,S2-972725646,S1_S2,0,0,0,0,1,1,1,1,3,multiple
S1-134714253,S3-313493880,S1_S3,0,0,0,1,1,1,1,1,4,multiple
S1-134714253,S3-5508285,S1_S3,0,0,0,0,0,1,1,1,2,multiple
S1-134714253,S3-760892613,S1_S3,0,0,0,0,0,1,1,1,2,multiple
S1-134868388,S2-177998735,S1_S2,1,1,0,1,1,1,1,1,6,multiple
S1-134868388,S2-392638041,S1_S2,1,1,0,1,1,1,1,1,6,multiple
S1-134868388,S2-523337326,S1_S2,0,1,0,1,1,1,1,1,5,multiple
S1-134868388,S3-277343744,S1_S3,0,0,0,1,1,1,1,1,4,multiple
S1-134868388,S3-663809813,S1_S3,0,1,0,1,1,1,1,1,5,multiple
S1-134868388,S3-929207437,S1_S3,1,1,0,1,1,1,1,1,6,multiple
S1-135165806,S2-436471110,S1_S2,0,1,0,1,1,1,1,1,5,multiple
S1-135165806,S2-836690417,S1_S2,0,0,0,1,1,1,1,1,4,multiple
S1-135165806,S3-33624261,S1_S3,0,1,0,1,1,1,1,1,5,multiple
S1-135165806,S3-581851571,S1_S3,0,1,0,1,1,1,1,1,5,multiple
S1-135165806,S3-71027912,S1_S3,0,1,0,1,1,1,1,1,5,multiple
S1-135690668,S2-218712770,S1_S2,0,0,0,1,1,1,1,1,4,multiple
S1-135690668,S2-825807658,S1_S2,1,0,0,1,1,1,1,1,5,multiple
S1-135690668,S3-337816217,S1_S3,1,0,0,1,1,1,1,1,5,multiple
S1-135690668,S3-856190678,S1_S3,0,0,0,1,1,1,1,1,4,multiple
S1-136008159,S2-174004301,S1_S2,0,0,0,1,1,1,1,1,4,multiple
S1-136008159,S2-822863884,S1_S2,0,0,0,1,1,1,1,1,4,multiple
S1-136008159,S3-399745647,S1_S3,1,0,0,1,1,1,1,1,5,multiple
S1-136008159,S3-580953110,S1_S3,1,0,0,1,1,0,0,1,3,multiple
S1-136027791,S2-288614500,S1_S2,1,0,0,1,1,1,1,1,5,multiple
S1-136027791,S2-382630944,S1_S2,0,0,0,0,0,1,1,1,2,multiple
S1-136027791,S2-904451715,S1_S2,1,0,0,1,1,1,1,1,5,multiple
S1-136027791,S3-653888914,S1_S3,1,0,0,1,1,1,1,1,5,multiple
S1-136027791,S3-728040549,S1_S3,0,0,0,0,0,1,1,1,2,multiple
S1-13628087,S3-436852716,S1_S3,0,1,0,1,1,0,0,1,3,multiple
S1-136640026,S2-38860230,S1_S2,0,1,0,1,1,1,1,1,5,multiple
S1-136640026,S3-480997714,S1_S3,1,1,0,1,1,1,1,1,6,multiple
S1-136640026,S3-988511836,S1_S3,1,1,0,1,1,1,1,1,6,multiple
S1-136877024,S2-484770434,S1_S2,1,1,0,1,1,0,0,1,4,multiple
S1-136877024,S2-749285370,S1_S2,1,1,0,1,1,1,1,1,6,multiple
S1-136877024,S3-685311680,S1_S3,0,0,0,1,1,1,1,1,4,multiple
S1-136877024,S3-802175615,S1_S3,0,0,0,1,1,1,1,1,4,multiple
S1-138552100,S2-378166094,S1_S2,0,0,0,1,1,1,1,1,4,multiple
S1-138552100,S2-507927754,S1_S2,0,0,0,1,1,1,1,1,4,multiple
S1-138552100,S2-794634302,S1_S2,0,0,0,1,1,1,1,1,4,multiple
S1-138552100,S3-397055517,S1_S3,0,0,0,1,1,1,1,1,4,multiple
S1-138552100,S3-64657611,S1_S3,0,0,0,1,1,0,1,1,3,multiple
S1-138552100,S3-727758391,S1_S3,0,0,0,1,1,0,0,1,2,multiple
S1-139654940,S2-295258114,S1_S2,0,0,0,1,1,1,1,1,4,multiple
S1-139654940,S2-71897778,S1_S2,0,0,0,0,0,1,1,1,2,multiple
S1-139654940,S3-583074980,S1_S3,0,0,0,1,1,1,1,1,4,multiple
S1-139654940,S3-645322340,S1_S3,0,0,0,1,1,1,1,1,4,multiple
S1-140500382,S2-537052524,S1_S2,0,0,0,1,1,1,1,1,4,multiple
S1-140500382,S3-411648754,S1_S3,0,0,0,1,1,1,1,1,4,multiple
S1-140558566,S2-617535981,S1_S2,0,1,0,1,1,1,1,1,5,multiple
S1-140558566,S3-147503356,S1_S3,1,1,0,1,1,0,0,1,4,multiple
S1-140558566,S3-924329341,S1_S3,0,1,0,1,1,1,1,1,5,multiple
S1-140908399,S2-884533282,S1_S2,0,0,0,1,1,1,1,1,4,multiple
S1-141281905,S2-11578330,S1_S2,0,1,0,1,1,1,1,1,5,multiple
S1-141281905,S2-616681593,S1_S2,0,1,0,1,1,1,1,1,5,multiple
S1-141281905,S3-841463111,S1_S3,0,0,0,1,1,1,1,1,4,multiple
S1-14158576,S2-57577186,S1_S2,1,0,0,1,1,1,1,1,5,multiple
S1-14158576,S2-683938225,S1_S2,1,0,0,1,1,1,1,1,5,multiple
S1-14158576,S3-293743717,S1_S3,0,0,0,1,1,0,0,1,2,multiple
S1-14158576,S3-774940257,S1_S3,0,0,0,1,1,0,0,1,2,multiple
S1-143578065,S2-149724521,S1_S2,0,0,0,1,1,1,1,1,4,multiple
S1-143578065,S2-19914987,S1_S2,0,0,0,1,1,1,1,1,4,multiple
S1-143578065,S3-687132738,S1_S3,0,0,0,1,1,1,1,1,4,multiple
S1-143578065,S3-779601395,S1_S3,0,0,0,1,1,1,1,1,4,multiple
S1-143578065,S3-869055450,S1_S3,1,0,0,1,1,1,1,1,5,multiple
S1-144190556,S2-975643835,S1_S2,0,0,0,1,1,1,1,1,4,multiple
S1-144190556,S3-656220701,S1_S3,1,0,0,1,1,1,1,1,5,multiple
S1-144190556,S3-998084719,S1_S3,0,0,0,0,1,1,1,1,3,multiple
S1-145265619,S2-485616742,S1_S2,0,1,0,1,1,1,1,1,5,multiple
S1-145265619,S3-116193483,S1_S3,0,0,0,1,1,1,1,1,4,multiple
S1-145265619,S3-199214139,S1_S3,0,1,0,1,1,1,1,1,5,multiple
S1-145265619,S3-397490370,S1_S3,0,0,0,1,1,1,1,1,4,multiple
S1-145265619,S3-898102280,S1_S3,0,1,0,1,1,1,1,1,5,multiple
S1-145272086,S2-501686023,S1_S2,0,0,1,1,1,1,1,1,5,multiple
S1-145272086,S2-979243054,S1_S2,0,0,1,0,1,1,1,1,4,multiple
S1-145272086,S3-19610942,S1_S3,0,0,1,1,1,1,1,1,5,multiple
S1-145272086,S3-240630264,S1_S3,0,0,1,1,1,1,1,1,5,multiple
S1-145272086,S3-347327161,S1_S3,0,0,1,1,1,1,1,1,5,multiple
S1-145272086,S3-83665040,S1_S3,0,0,1,1,1,1,1,1,5,multiple
S1-145589187,S2-396925020,S1_S2,1,1,0,1,1,1,1,1,6,multiple
S1-145589187,S2-559833029,S1_S2,0,0,0,1,1,1,1,1,4,multiple
S1-145589187,S3-343617420,S1_S3,0,1,0,1,1,1,1,1,5,multiple
S1-146708217,S2-21499400,S1_S2,0,1,0,1,1,1,1,1,5,multiple
S1-146708217,S2-821984953,S1_S2,0,0,0,1,1,1,1,1,4,multiple
S1-146708217,S2-923797355,S1_S2,0,1,0,1,1,1,1,1,5,multiple
S1-146708217,S3-371239566,S1_S3,1,1,0,1,1,1,1,1,6,multiple
S1-146708217,S3-377199208,S1_S3,1,1,0,1,1,1,1,1,6,multiple
S1-147384902,S2-17604552,S1_S2,0,0,0,1,1,1,1,1,4,multiple
S1-147384902,S2-782050990,S1_S2,0,1,0,1,1,1,1,1,5,multiple
S1-147384902,S3-289545178,S1_S3,0,1,0,1,1,1,1,1,5,multiple
S1-147384902,S3-464733166,S1_S3,0,0,0,0,0,1,1,1,2,multiple
S1-147384902,S3-665347267,S1_S3,0,1,0,1,1,1,1,1,5,multiple
S1-147716138,S2-665139576,S1_S2,0,0,0,0,0,1,1,1,2,multiple
S1-147716138,S2-767911007,S1_S2,0,0,0,0,0,1,1,1,2,multiple
S1-147716138,S3-753403784,S1_S3,0,0,0,1,1,1,1,1,4,multiple
S1-148231847,S3-169287093,S1_S3,1,0,0,1,1,1,1,1,5,multiple
S1-148231847,S3-189415770,S1_S3,0,0,0,1,1,1,1,1,4,multiple
S1-148231847,S3-272482393,S1_S3,1,0,0,1,1,1,1,1,5,multiple
S1-148231847,S3-373439631,S1_S3,0,0,0,1,1,1,1,1,4,multiple
S1-148231847,S3-725842873,S1_S3,1,0,0,1,1,1,1,1,5,multiple
S1-14909999,S2-580270285,S1_S2,0,0,1,1,1,1,1,1,5,multiple
S1-14909999,S3-351874526,S1_S3,0,0,0,1,1,1,1,1,4,multiple
S1-14909999,S3-600980259,S1_S3,1,0,0,1,1,1,1,1,5,multiple
S1-14909999,S3-635685458,S1_S3,0,0,0,1,1,1,1,1,4,multiple
S1-149363755,S2-448000876,S1_S2,0,1,0,1,1,1,1,1,5,multiple
S1-149363755,S3-308189352,S1_S3,0,1,0,1,1,1,1,1,5,multiple
S1-149363755,S3-454144426,S1_S3,0,1,0,1,1,1,1,1,5,multiple
S1-149363755,S3-617671535,S1_S3,1,1,0,1,1,1,1,1,6,multiple
S1-150751558,S2-312758624,S1_S2,0,1,0,1,1,1,1,1,5,multiple
S1-150751558,S2-373029334,S1_S2,0,1,0,1,1,1,1,1,5,multiple
S1-150751558,S2-714571529,S1_S2,1,1,0,1,1,0,0,1,4,multiple
S1-150751558,S2-763486343,S1_S2,0,1,0,1,1,1,1,1,5,multiple
S1-150751558,S2-828216223,S1_S2,1,1,0,1,1,1,1,1,6,multiple
S1-150751558,S3-534403501,S1_S3,0,1,0,1,1,1,1,1,5,multiple
S1-151124942,S2-505399797,S1_S2,1,0,0,1,1,0,0,1,3,multiple
S1-151124942,S3-454172870,S1_S3,0,0,0,0,1,1,1,1,3,multiple
S1-151248620,S3-367776366,S1_S3,0,0,0,1,1,1,1,1,4,multiple
S1-151248620,S3-652233458,S1_S3,1,0,0,1,1,1,1,1,5,multiple
S1-153136009,S2-161435141,S1_S2,0,0,0,1,1,1,1,1,4,multiple
S1-153136009,S2-435227362,S1_S2,0,0,0,1,1,1,1,1,4,multiple
S1-153136009,S2-438683347,S1_S2,0,0,0,1,1,1,1,1,4,multiple
S1-153136009,S2-705494714,S1_S2,0,0,0,1,1,1,1,1,4,multiple
S1-153136009,S2-818528160,S1_S2,1,0,0,1,1,1,1,1,5,multiple
S1-153136009,S3-160325723,S1_S3,0,0,0,1,1,1,1,1,4,multiple
S1-153136009,S3-906599911,S1_S3,0,0,0,1,1,1,1,1,4,multiple
S1-153225634,S2-654231539,S1_S2,1,1,1,1,1,1,1,1,7,multiple
S1-153225634,S2-837128825,S1_S2,0,1,0,1,1,1,1,1,5,multiple
S1-153225634,S3-264495506,S1_S3,0,1,0,1,1,1,1,1,5,multiple
S1-153225634,S3-297743674,S1_S3,0,1,0,1,1,0,0,1,3,multiple
S1-153447683,S2-619607766,S1_S2,0,1,0,1,1,1,1,1,5,multiple
S1-153447683,S3-458757430,S1_S3,1,1,0,1,1,1,1,1,6,multiple
S1-153839085,S2-107328637,S1_S2,0,0,0,0,0,1,1,1,2,multiple
S1-153839085,S3-41068390,S1_S3,0,0,0,1,1,1,1,1,4,multiple
S1-154552582,S2-558224111,S1_S2,1,1,0,1,1,1,1,1,6,multiple
S1-154552582,S3-563816574,S1_S3,1,1,0,1,1,1,1,1,6,multiple
S1-154552582,S3-980641493,S1_S3,0,1,0,1,1,1,1,1,5,multiple
S1-156577565,S3-880734298,S1_S3,0,1,0,1,1,1,1,1,5,multiple
S1-157364975,S2-105884633,S1_S2,0,0,0,1,1,1,1,1,4,multiple
S1-157364975,S2-876721571,S1_S2,0,0,0,0,0,1,1,1,2,multiple
S1-157364975,S3-125285611,S1_S3,0,0,0,1,1,1,1,1,4,multiple
S1-157935054,S2-13980076,S1_S2,0,0,0,0,0,1,1,1,2,multiple
S1-157935054,S2-6453503,S1_S2,0,0,0,1,1,1,1,1,4,multiple
S1-157935054,S2-837065407,S1_S2,1,0,0,1,1,1,1,1,5,multiple
S1-157935054,S3-207371871,S1_S3,0,0,0,1,1,1,1,1,4,multiple
S1-157935054,S3-281425421,S1_S3,0,0,0,1,1,1,1,1,4,multiple
S1-157935054,S3-302090082,S1_S3,0,0,0,0,0,1,1,1,2,multiple
S1-157954561,S2-341975256,S1_S2,0,0,0,0,0,1,1,1,2,multiple
S1-157954561,S3-742139789,S1_S3,0,0,0,1,1,1,1,1,4,multiple
S1-157964290,S2-497883229,S1_S2,0,1,0,1,1,1,1,1,5,multiple
S1-157964290,S2-811953510,S1_S2,1,1,0,1,1,1,1,1,6,multiple
S1-157964290,S3-803124890,S1_S3,0,1,0,1,1,1,1,1,5,multiple
S1-157964290,S3-81919345,S1_S3,0,1,0,1,1,1,1,1,5,multiple
S1-158883367,S2-907409132,S1_S2,0,1,0,1,1,1,1,1,5,multiple
S1-158883367,S3-201425839,S1_S3,1,1,0,1,1,1,1,1,6,multiple
S1-159253486,S2-43848734,S1_S2,0,0,0,1,1,1,1,1,4,multiple
S1-159253486,S3-315971556,S1_S3,1,1,0,1,1,1,1,1,6,multiple
S1-159253486,S3-720210897,S1_S3,0,1,0,1,1,1,1,1,5,multiple
S1-160195118,S2-426512005,S1_S2,0,1,0,1,1,1,1,1,5,multiple
S1-160195118,S2-719087724,S1_S2,0,1,0,1,1,1,1,1,5,multiple
S1-160195118,S2-76408334,S1_S2,0,1,0,0,1,1,1,1,4,multiple
S1-160195118,S3-13247310,S1_S3,1,1,0,1,1,1,1,1,6,multiple
S1-160195118,S3-766918271,S1_S3,0,1,0,1,1,1,1,1,5,multiple
S1-160850112,S2-200990546,S1_S2,0,0,0,0,1,1,1,1,3,multiple
S1-160850112,S2-221603492,S1_S2,1,0,0,1,1,1,1,1,5,multiple
S1-160850112,S3-240639906,S1_S3,1,0,0,1,1,0,1,1,4,multiple
S1-160850112,S3-733981395,S1_S3,0,0,0,1,1,1,1,1,4,multiple
S1-161985521,S2-933298904,S1_S2,0,1,0,1,1,1,1,1,5,multiple
S1-161985521,S2-981786956,S1_S2,0,1,0,1,1,1,1,1,5,multiple
S1-161985521,S3-189495444,S1_S3,1,1,0,1,1,1,1,1,6,multiple
S1-16312087,S2-136715199,S1_S2,0,0,0,1,1,0,0,1,2,multiple
S1-16312087,S2-354740781,S1_S2,0,0,0,1,1,1,1,1,4,multiple
S1-16312087,S3-236470927,S1_S3,0,0,0,0,0,0,0,0,0,none
S1-163421049,S3-879896604,S1_S3,0,0,0,1,1,1,1,1,4,multiple
S1-163941426,S2-123061272,S1_S2,0,1,0,1,1,1,1,1,5,multiple
S1-163941426,S2-137234629,S1_S2,0,1,0,1,1,1,1,1,5,multiple
S1-163941426,S2-138081686,S1_S2,0,1,0,1,1,1,1,1,5,multiple
S1-163941426,S2-598598007,S1_S2,1,1,0,1,1,1,1,1,6,multiple
S1-163941426,S3-11029621,S1_S3,1,1,0,1,1,1,1,1,6,multiple
S1-163941426,S3-653606813,S1_S3,1,1,0,1,1,1,1,1,6,multiple
S1-163941426,S3-763492376,S1_S3,0,1,0,1,1,1,1,1,5,multiple
S1-164373128,S2-486268840,S1_S2,0,1,0,1,1,0,0,1,3,multiple
S1-164373128,S3-66703822,S1_S3,0,1,0,1,1,1,1,1,5,multiple
S1-164597928,S2-278606049,S1_S2,0,0,0,1,1,1,1,1,4,multiple
S1-164597928,S2-710766063,S1_S2,0,0,0,0,0,1,1,1,2,multiple
S1-164597928,S3-652720274,S1_S3,1,0,0,1,1,0,0,1,3,multiple
S1-165075218,S2-522244518,S1_S2,0,0,0,0,0,1,1,1,2,multiple
S1-165075218,S3-460914297,S1_S3,0,0,0,0,0,1,1,1,2,multiple
S1-165075218,S3-836034336,S1_S3,0,0,0,1,1,1,1,1,4,multiple
S1-165131160,S3-376497842,S1_S3,0,0,0,0,0,1,1,1,2,multiple
S1-165131160,S3-593695542,S1_S3,0,0,0,1,1,1,1,1,4,multiple
S1-165131160,S3-789764760,S1_S3,0,1,0,1,1,1,1,1,5,multiple
S1-165131160,S3-92302255,S1_S3,0,1,0,1,1,1,1,1,5,multiple
S1-165584332,S2-128886353,S1_S2,1,1,1,1,1,1,1,1,7,multiple
S1-165584332,S2-348706272,S1_S2,0,1,1,1,1,1,1,1,6,multiple
S1-165584332,S2-719847069,S1_S2,0,1,0,1,1,1,1,1,5,multiple
S1-165584332,S2-902382362,S1_S2,0,1,1,1,1,1,1,1,6,multiple
S1-165584332,S3-456130301,S1_S3,1,1,1,1,1,1,1,1,7,multiple
S1-165662653,S2-296176199,S1_S2,0,1,0,0,0,1,1,1,3,multiple
S1-165662653,S2-442443606,S1_S2,1,1,0,1,1,1,1,1,6,multiple
S1-165662653,S3-183443302,S1_S3,0,0,0,1,1,1,1,1,4,multiple
S1-165662653,S3-532210647,S1_S3,0,1,0,1,1,1,1,1,5,multiple
S1-165662653,S3-901160582,S1_S3,1,1,0,1,1,1,1,1,6,multiple
S1-165893419,S3-331754214,S1_S3,0,1,0,1,1,1,1,1,5,multiple
S1-165924027,S2-183479545,S1_S2,0,1,0,1,1,1,1,1,5,multiple
S1-165924027,S2-727885223,S1_S2,0,1,0,1,1,1,1,1,5,multiple
S1-165924027,S3-187544152,S1_S3,1,1,0,1,1,1,1,1,6,multiple
S1-165924027,S3-324481664,S1_S3,0,1,0,1,1,1,1,1,5,multiple
S1-165924027,S3-555658447,S1_S3,1,1,0,1,1,1,1,1,6,multiple
S1-165924027,S3-582942691,S1_S3,0,1,0,1,1,1,1,1,5,multiple
S1-165924027,S3-698769315,S1_S3,0,0,0,1,1,1,1,1,4,multiple
S1-166526224,S2-135001251,S1_S2,0,1,0,1,1,0,0,1,3,multiple
S1-166526224,S2-26547174,S1_S2,0,1,0,1,1,1,1,1,5,multiple
S1-166526224,S3-348133140,S1_S3,1,1,0,1,1,1,1,1,6,multiple
S1-166526224,S3-747447677,S1_S3,0,1,0,1,1,1,1,1,5,multiple
S1-167018916,S2-42085108,S1_S2,0,1,0,1,1,1,1,1,5,multiple
S1-167018916,S2-847114168,S1_S2,0,1,0,0,0,1,1,1,3,multiple
S1-167018916,S3-473531497,S1_S3,0,1,0,1,1,1,1,1,5,multiple
S1-167018916,S3-739901111,S1_S3,0,1,0,0,1,1,1,1,4,multiple
S1-167154257,S2-178530360,S1_S2,0,1,0,1,1,1,1,1,5,multiple
S1-167154257,S2-392730951,S1_S2,0,0,0,1,1,1,1,1,4,multiple
S1-167154257,S2-634764850,S1_S2,0,1,0,1,1,1,1,1,5,multiple
S1-167154257,S3-330371946,S1_S3,1,1,0,1,1,1,1,1,6,multiple
S1-167186835,S2-218839413,S1_S2,0,0,0,1,1,0,0,1,2,multiple
S1-167186835,S2-767325729,S1_S2,0,0,1,1,1,1,1,1,5,multiple
S1-167186835,S2-84891729,S1_S2,0,0,1,1,1,1,1,1,5,multiple
S1-167186835,S2-901547399,S1_S2,0,0,1,1,1,1,1,1,5,multiple
S1-167186835,S2-991576800,S1_S2,0,0,1,1,1,1,1,1,5,multiple
S1-167186835,S3-36874555,S1_S3,0,0,1,1,1,1,1,1,5,multiple
S1-167186835,S3-805501053,S1_S3,1,0,1,1,1,1,1,1,6,multiple
S1-167523005,S2-108475287,S1_S2,0,1,0,1,1,0,0,1,3,multiple
S1-167523005,S2-897238163,S1_S2,0,1,0,1,1,1,1,1,5,multiple
S1-167523005,S3-31651508,S1_S3,0,1,0,1,1,1,1,1,5,multiple
S1-167693334,S2-500948584,S1_S2,0,1,0,1,1,1,1,1,5,multiple
S1-167693334,S2-592027846,S1_S2,0,1,0,1,1,1,1,1,5,multiple
S1-167693334,S2-718033696,S1_S2,1,1,0,1,1,1,1,1,6,multiple
S1-167693334,S3-578171086,S1_S3,0,1,0,1,1,1,1,1,5,multiple
S1-169903909,S2-976015827,S1_S2,1,1,0,1,1,1,1,1,6,multiple
S1-169976112,S2-533519992,S1_S2,0,0,0,1,1,1,1,1,4,multiple
S1-169976112,S3-341527313,S1_S3,0,0,0,1,1,1,1,1,4,multiple
S1-169976112,S3-986263536,S1_S3,0,0,0,1,1,1,1,1,4,multiple
S1-170830168,S3-232168371,S1_S3,0,1,0,1,1,1,1,1,5,multiple
S1-170830168,S3-443547070,S1_S3,0,1,0,1,1,1,1,1,5,multiple
S1-170830168,S3-675359548,S1_S3,0,1,0,1,1,1,1,1,5,multiple
S1-174464926,S2-566045279,S1_S2,1,0,0,1,1,1,1,1,5,multiple
S1-174464926,S2-805348031,S1_S2,1,0,0,1,1,1,1,1,5,multiple
S1-174464926,S3-171787746,S1_S3,0,0,0,1,1,1,1,1,4,multiple
S1-174464926,S3-237095580,S1_S3,0,0,0,1,1,1,1,1,4,multiple
S1-174767941,S2-42260493,S1_S2,0,0,0,1,1,1,1,1,4,multiple
S1-174767941,S3-435225739,S1_S3,1,0,0,1,1,1,1,1,5,multiple
S1-174767941,S3-684864613,S1_S3,1,0,0,1,1,1,1,1,5,multiple
S1-174812342,S2-713356736,S1_S2,1,0,0,1,1,1,1,1,5,multiple
S1-174812342,S3-201471912,S1_S3,0,0,0,1,1,1,1,1,4,multiple
S1-174812342,S3-392976238,S1_S3,0,0,0,1,1,1,1,1,4,multiple
S1-174812342,S3-811849508,S1_S3,0,0,0,1,1,1,1,1,4,multiple
S1-174812342,S3-975777568,S1_S3,0,0,0,1,1,0,0,1,2,multiple
S1-174992325,S2-1226826,S1_S2,0,0,0,1,1,1,1,1,4,multiple
S1-174992325,S3-728314119,S1_S3,1,0,0,1,1,0,0,1,3,multiple
S1-174992325,S3-746820569,S1_S3,0,0,0,1,1,1,1,1,4,multiple
S1-175771215,S2-344655072,S1_S2,0,0,0,1,1,0,0,1,2,multiple
S1-175771215,S3-243820471,S1_S3,0,0,0,1,1,1,1,1,4,multiple
S1-175771215,S3-921399692,S1_S3,0,0,0,1,1,1,1,1,4,multiple
S1-175771215,S3-933253765,S1_S3,0,0,0,1,1,1,1,1,4,multiple
S1-17588590,S2-643188102,S1_S2,0,0,0,1,1,1,1,1,4,multiple
S1-17588590,S2-656446056,S1_S2,0,0,0,0,0,1,1,1,2,multiple
S1-17588590,S2-723340803,S1_S2,0,0,0,0,0,1,1,1,2,multiple
S1-17588590,S2-89159530,S1_S2,1,0,0,1,1,0,0,1,3,multiple
S1-17588590,S3-343574574,S1_S3,0,0,0,1,1,1,1,1,4,multiple
S1-17588590,S3-462194855,S1_S3,0,0,0,1,1,1,1,1,4,multiple
S1-17588590,S3-510677687,S1_S3,0,0,0,1,1,1,1,1,4,multiple
S1-176535057,S2-508020735,S1_S2,0,0,0,1,1,1,1,1,4,multiple
S1-176535057,S3-438333178,S1_S3,0,0,0,1,1,1,1,1,4,multiple
S1-178150668,S2-982381760,S1_S2,1,1,0,1,1,1,1,1,6,multiple
S1-178150668,S2-993052264,S1_S2,0,1,0,1,1,1,1,1,5,multiple
S1-178150668,S3-187755333,S1_S3,0,1,1,1,1,1,1,1,6,multiple
S1-178150668,S3-346872895,S1_S3,0,0,1,1,1,1,1,1,5,multiple
S1-17953282,S2-254194526,S1_S2,0,1,0,1,1,1,1,1,5,multiple
S1-17953282,S2-428824023,S1_S2,0,0,0,0,0,1,1,1,2,multiple
S1-17953282,S2-612823097,S1_S2,0,1,0,1,1,1,1,1,5,multiple
S1-179567653,S3-719943846,S1_S3,1,1,0,1,1,1,1,1,6,multiple
S1-179567653,S3-766793370,S1_S3,0,1,0,1,1,1,1,1,5,multiple
S1-179567653,S3-817936032,S1_S3,0,1,0,1,1,1,1,1,5,multiple
S1-179567653,S3-888431809,S1_S3,1,1,0,1,1,1,1,1,6,multiple
S1-180292282,S2-799623926,S1_S2,1,1,0,1,1,1,1,1,6,multiple
S1-180292282,S3-196421993,S1_S3,1,1,0,1,1,1,1,1,6,multiple
S1-180292282,S3-452021867,S1_S3,0,0,0,1,1,1,1,1,4,multiple
S1-181419288,S2-332675582,S1_S2,0,1,1,1,1,1,1,1,6,multiple
S1-181419288,S3-294223492,S1_S3,0,1,1,1,1,1,1,1,6,multiple
S1-181419288,S3-357854998,S1_S3,0,1,1,1,1,1,1,1,6,multiple
S1-181787531,S2-681080986,S1_S2,0,0,0,1,1,1,1,1,4,multiple
S1-181787531,S3-124198404,S1_S3,0,1,0,1,1,1,1,1,5,multiple
S1-181787531,S3-35661773,S1_S3,0,0,0,0,0,1,1,1,2,multiple
S1-181787531,S3-97637393,S1_S3,0,1,0,1,1,1,1,1,5,multiple
S1-181840730,S2-20386046,S1_S2,0,1,0,1,1,1,1,1,5,multiple
S1-181840730,S2-44209134,S1_S2,0,1,0,1,1,1,1,1,5,multiple
S1-181840730,S2-855733972,S1_S2,0,1,0,1,1,1,1,1,5,multiple
S1-181840730,S3-704246227,S1_S3,0,1,0,1,1,1,1,1,5,multiple
S1-18213855,S2-276982353,S1_S2,0,0,0,0,0,1,1,1,2,multiple
S1-18213855,S3-133282468,S1_S3,0,0,0,0,0,1,1,1,2,multiple
S1-182407341,S2-30321877,S1_S2,1,0,0,1,1,1,1,1,5,multiple
S1-182407341,S2-768031183,S1_S2,0,0,0,1,1,1,1,1,4,multiple
S1-182407341,S2-924470939,S1_S2,0,0,0,1,1,1,1,1,4,multiple
S1-182407341,S3-376177161,S1_S3,0,0,0,1,1,1,1,1,4,multiple
S1-182407341,S3-924362871,S1_S3,1,0,0,1,1,1,1,1,5,multiple
S1-182533508,S2-864026613,S1_S2,1,1,0,1,1,0,0,1,4,multiple
S1-182533508,S3-103835689,S1_S3,1,1,0,1,1,1,1,1,6,multiple
S1-182533508,S3-303905551,S1_S3,0,0,0,1,1,1,1,1,4,multiple
S1-182533508,S3-368031561,S1_S3,0,0,0,1,1,1,1,1,4,multiple
S1-182533508,S3-387668291,S1_S3,1,1,0,1,1,1,1,1,6,multiple
S1-185030591,S3-697147833,S1_S3,0,1,0,1,1,1,1,1,5,multiple
S1-185249536,S2-702405508,S1_S2,0,0,0,1,1,1,1,1,4,multiple
S1-185249536,S3-426190172,S1_S3,0,0,0,1,1,1,1,1,4,multiple
S1-185249536,S3-722068947,S1_S3,1,0,0,1,1,1,1,1,5,multiple
S1-185249536,S3-749244736,S1_S3,0,0,0,1,1,1,1,1,4,multiple
S1-185254119,S2-4928114,S1_S2,0,1,0,1,1,1,1,1,5,multiple
S1-185254119,S2-606191206,S1_S2,1,1,0,1,1,1,1,1,6,multiple
S1-185254119,S3-310011861,S1_S3,0,1,0,1,1,1,1,1,5,multiple
S1-185254119,S3-466609025,S1_S3,0,1,0,1,1,1,1,1,5,multiple
S1-185254119,S3-959581403,S1_S3,0,0,0,1,1,1,1,1,4,multiple
S1-185563272,S2-641817362,S1_S2,0,1,0,1,1,1,1,1,5,multiple
S1-185563272,S3-691048384,S1_S3,0,1,0,1,1,1,1,1,5,multiple
S1-185563272,S3-882310600,S1_S3,0,1,0,1,1,1,1,1,5,multiple
S1-185604313,S3-45803770,S1_S3,0,0,0,1,1,1,1,1,4,multiple
S1-186183264,S2-149870213,S1_S2,1,0,0,1,1,0,0,1,3,multiple
S1-186183264,S2-455504735,S1_S2,0,0,0,0,0,1,1,1,2,multiple
S1-186183264,S3-289999904,S1_S3,1,0,0,1,1,1,1,1,5,multiple
S1-186183264,S3-53937511,S1_S3,0,0,0,0,1,1,1,1,3,multiple
S1-186509570,S2-921685533,S1_S2,0,0,1,1,1,1,1,1,5,multiple
S1-186509570,S3-752410989,S1_S3,1,0,0,1,1,1,1,1,5,multiple
S1-188802572,S2-390228510,S1_S2,0,0,1,1,1,1,1,1,5,multiple
S1-188802572,S3-538033359,S1_S3,1,0,1,1,1,1,1,1,6,multiple
S1-189422631,S2-281483528,S1_S2,0,0,0,1,1,1,1,1,4,multiple
S1-189422631,S2-480751474,S1_S2,0,0,0,1,1,1,1,1,4,multiple
S1-189422631,S3-627562952,S1_S3,0,0,0,1,1,1,1,1,4,multiple
S1-189549611,S2-501336000,S1_S2,0,0,0,1,1,1,1,1,4,multiple
S1-189549611,S3-232210016,S1_S3,1,0,0,1,1,1,1,1,5,multiple
S1-189549611,S3-692216897,S1_S3,0,0,0,1,1,0,0,1,2,multiple
S1-190198546,S2-917568172,S1_S2,0,1,0,1,1,1,1,1,5,multiple
S1-190198546,S3-416022377,S1_S3,1,1,0,1,1,1,1,1,6,multiple
S1-190198546,S3-47739327,S1_S3,1,1,0,1,1,1,1,1,6,multiple
S1-190198546,S3-860646942,S1_S3,0,1,0,1,1,1,1,1,5,multiple
S1-190198546,S3-871868188,S1_S3,0,1,0,1,1,0,0,1,3,multiple
S1-19074803,S2-324411291,S1_S2,0,1,0,1,1,1,1,1,5,multiple
S1-19074803,S2-395270290,S1_S2,0,1,0,1,1,1,1,1,5,multiple
S1-19074803,S2-5836439,S1_S2,0,0,0,0,0,1,1,1,2,multiple
S1-19074803,S3-155653484,S1_S3,0,0,0,1,1,1,1,1,4,multiple
S1-19074803,S3-617110434,S1_S3,0,1,0,1,1,1,1,1,5,multiple
S1-19074803,S3-640460516,S1_S3,0,1,0,1,1,0,0,1,3,multiple
S1-191243001,S2-542813818,S1_S2,1,1,0,1,1,1,1,1,6,multiple
S1-191243001,S3-429505633,S1_S3,0,1,0,1,1,1,1,1,5,multiple
S1-191243001,S3-451365263,S1_S3,0,1,0,1,1,1,1,1,5,multiple
S1-191243001,S3-904847637,S1_S3,0,1,0,1,1,1,1,1,5,multiple
S1-191890805,S2-623476415,S1_S2,1,1,0,1,1,1,1,1,6,multiple
S1-191890805,S2-757020778,S1_S2,1,1,0,1,1,1,1,1,6,multiple
S1-191890805,S3-246876926,S1_S3,0,1,0,1,1,1,1,1,5,multiple
S1-191890805,S3-299756938,S1_S3,0,0,0,1,1,1,1,1,4,multiple
S1-191890805,S3-386020808,S1_S3,0,1,0,1,1,1,1,1,5,multiple
S1-192224655,S2-465205036,S1_S2,0,0,0,0,0,1,1,1,2,multiple
S1-192224655,S2-544036458,S1_S2,0,0,0,0,1,1,1,1,3,multiple
S1-192224655,S3-20331599,S1_S3,0,0,0,1,1,1,1,1,4,multiple
S1-192224655,S3-636411251,S1_S3,0,0,0,1,1,1,1,1,4,multiple
S1-192224655,S3-842994886,S1_S3,0,0,0,1,1,1,1,1,4,multiple
S1-193354690,S2-574414525,S1_S2,1,0,0,1,1,1,1,1,5,multiple
S1-193354690,S3-23554589,S1_S3,0,0,0,1,1,1,1,1,4,multiple
S1-193354690,S3-635821107,S1_S3,1,0,0,1,1,0,0,1,3,multiple
S1-193354690,S3-812018248,S1_S3,1,0,0,1,1,0,0,1,3,multiple
S1-193927448,S2-549505849,S1_S2,0,0,0,0,0,1,1,1,2,multiple
S1-193927448,S3-702915798,S1_S3,0,0,0,0,0,1,1,1,2,multiple
S1-193927448,S3-969685386,S1_S3,0,0,0,1,1,1,1,1,4,multiple
S1-19448292,S2-375383747,S1_S2,0,0,0,1,1,1,1,1,4,multiple
S1-19448292,S2-797647135,S1_S2,0,1,0,1,1,1,1,1,5,multiple
S1-19448292,S3-228361712,S1_S3,1,1,0,1,1,1,1,1,6,multiple
S1-19448292,S3-501123500,S1_S3,0,1,0,1,1,1,1,1,5,multiple
S1-19588000,S2-313499607,S1_S2,1,1,0,1,1,1,1,1,6,multiple
S1-19588000,S2-351981875,S1_S2,0,1,0,1,1,1,1,1,5,multiple
S1-19588000,S3-155074705,S1_S3,1,1,0,1,1,1,1,1,6,multiple
S1-196136155,S2-396847195,S1_S2,0,0,0,0,0,1,1,1,2,multiple
S1-196136155,S3-292984635,S1_S3,1,0,0,1,1,1,1,1,5,multiple
S1-196136155,S3-847661298,S1_S3,0,0,0,0,0,1,1,1,2,multiple
S1-19659448,S2-394296301,S1_S2,0,1,0,1,1,1,1,1,5,multiple
S1-19659448,S2-9290407,S1_S2,0,1,0,1,1,1,1,1,5,multiple
S1-19659448,S3-38035041,S1_S3,0,1,0,1,1,1,1,1,5,multiple
S1-19659448,S3-718341300,S1_S3,1,1,0,1,1,1,1,1,6,multiple
S1-197080941,S2-291300131,S1_S2,1,1,0,1,1,1,1,1,6,multiple
S1-197080941,S3-462858098,S1_S3,1,1,0,1,1,1,1,1,6,multiple
S1-197080941,S3-823348377,S1_S3,1,1,0,1,1,1,1,1,6,multiple
S1-197102192,S2-218143823,S1_S2,0,1,0,1,1,1,1,1,5,multiple
S1-197102192,S2-386851832,S1_S2,0,1,0,1,1,1,1,1,5,multiple
S1-197102192,S2-87587464,S1_S2,0,1,0,1,1,1,1,1,5,multiple
S1-197102192,S3-675250569,S1_S3,1,1,0,1,1,1,1,1,6,multiple
S1-197102192,S3-789825666,S1_S3,0,1,0,1,1,1,1,1,5,multiple
S1-198465237,S2-42082353,S1_S2,1,0,0,1,1,1,1,1,5,multiple
S1-198465237,S3-262597841,S1_S3,0,0,1,1,1,1,1,1,5,multiple
S1-198465237,S3-664901850,S1_S3,0,0,1,1,1,1,1,1,5,multiple
S1-198465237,S3-691786061,S1_S3,0,0,1,1,1,1,1,1,5,multiple
S1-19929035,S2-349357794,S1_S2,0,0,0,1,1,1,1,1,4,multiple
S1-19929035,S2-876469992,S1_S2,1,0,0,1,1,1,1,1,5,multiple
S1-19929035,S3-482487782,S1_S3,0,0,0,1,1,1,1,1,4,multiple
S1-19929035,S3-984280202,S1_S3,0,0,0,1,1,1,1,1,4,multiple
S1-199563679,S2-947258862,S1_S2,0,0,0,1,1,1,1,1,4,multiple
S1-199563679,S3-771711685,S1_S3,1,0,0,1,1,1,1,1,5,multiple
S1-199563679,S3-867533513,S1_S3,0,0,0,1,1,1,1,1,4,multiple
S1-199563679,S3-893642935,S1_S3,0,0,0,1,1,1,1,1,4,multiple
S1-20135597,S2-24014961,S1_S2,0,0,0,0,0,1,1,1,2,multiple
S1-201580544,S2-21114443,S1_S2,0,0,0,1,1,1,1,1,4,multiple
S1-201580544,S3-284434156,S1_S3,0,1,0,1,1,0,0,1,3,multiple
S1-201580544,S3-517206073,S1_S3,0,1,0,1,1,1,1,1,5,multiple
S1-201602938,S2-931695139,S1_S2,0,1,0,1,1,1,1,1,5,multiple
S1-201602938,S2-968246525,S1_S2,0,1,0,1,1,1,1,1,5,multiple
S1-201602938,S3-460018012,S1_S3,0,0,0,0,0,1,1,1,2,multiple
S1-201602938,S3-980162761,S1_S3,0,1,0,1,1,1,1,1,5,multiple
S1-201632363,S2-147049642,S1_S2,0,1,0,1,1,1,1,1,5,multiple
S1-201632363,S3-563454599,S1_S3,1,1,0,1,1,1,1,1,6,multiple
S1-202262035,S2-139845007,S1_S2,0,0,0,0,0,1,1,1,2,multiple
S1-202262035,S2-462262327,S1_S2,1,0,0,1,1,1,1,1,5,multiple
S1-202262035,S3-710673325,S1_S3,0,0,1,1,1,1,1,1,5,multiple
S1-202901333,S2-492219404,S1_S2,0,0,0,1,1,1,1,1,4,multiple
S1-202901333,S3-298945716,S1_S3,0,0,0,1,1,1,1,1,4,multiple
S1-202950403,S2-475048163,S1_S2,1,1,1,1,1,1,1,1,7,multiple
S1-202950403,S2-747318612,S1_S2,0,1,0,1,1,0,0,1,3,multiple
S1-202950403,S2-996886424,S1_S2,0,1,1,1,1,1,1,1,6,multiple
S1-203704477,S2-15716450,S1_S2,0,0,0,1,1,1,1,1,4,multiple
S1-203704477,S3-337340940,S1_S3,0,0,0,1,1,1,1,1,4,multiple
S1-203704477,S3-354730793,S1_S3,0,0,0,1,1,1,1,1,4,multiple
S1-203704477,S3-948184159,S1_S3,0,0,0,1,1,1,1,1,4,multiple
S1-203921587,S2-200053846,S1_S2,0,0,0,0,0,1,1,1,2,multiple
S1-203921587,S2-291920007,S1_S2,0,1,0,1,1,1,1,1,5,multiple
S1-203921587,S2-710640525,S1_S2,0,1,0,1,1,1,1,1,5,multiple
S1-203921587,S2-772348671,S1_S2,1,1,0,1,1,1,1,1,6,multiple
S1-204108518,S2-342530566,S1_S2,0,1,0,1,1,1,1,1,5,multiple
S1-204108518,S2-472244003,S1_S2,1,1,0,1,1,1,1,1,6,multiple
S1-204108518,S3-701371744,S1_S3,0,1,1,1,1,1,1,1,6,multiple
S1-205610745,S2-583869784,S1_S2,0,1,0,1,1,1,1,1,5,multiple
S1-205610745,S3-262231534,S1_S3,0,1,0,1,1,1,1,1,5,multiple
S1-205610745,S3-504542140,S1_S3,0,1,0,1,1,0,0,1,3,multiple
S1-206090979,S2-183738003,S1_S2,0,1,0,1,1,1,1,1,5,multiple
S1-206090979,S2-980412473,S1_S2,0,0,0,1,1,1,1,1,4,multiple
S1-206103373,S2-835405762,S1_S2,0,0,0,1,1,1,1,1,4,multiple
S1-206103373,S3-228426042,S1_S3,1,0,0,1,1,1,1,1,5,multiple
S1-206103373,S3-335623336,S1_S3,0,0,0,1,1,1,1,1,4,multiple
S1-206103373,S3-45791140,S1_S3,1,0,0,1,1,1,1,1,5,multiple
S1-206218779,S2-217137988,S1_S2,0,0,0,1,1,1,1,1,4,multiple
S1-206218779,S2-593641337,S1_S2,0,0,0,1,1,1,1,1,4,multiple
S1-206218779,S2-95872665,S1_S2,0,0,0,1,1,1,1,1,4,multiple
S1-206218779,S3-543369001,S1_S3,0,0,0,1,1,1,1,1,4,multiple
S1-206377508,S2-900166426,S1_S2,0,1,0,1,1,1,1,1,5,multiple
S1-206377508,S3-845464621,S1_S3,0,0,0,1,1,1,1,1,4,multiple
S1-206377508,S3-943983098,S1_S3,1,1,0,1,1,1,1,1,6,multiple
S1-207945801,S2-398776472,S1_S2,0,0,0,1,1,1,1,1,4,multiple
S1-207945801,S2-41071159,S1_S2,1,1,0,1,1,1,1,1,6,multiple
S1-207945801,S2-918860432,S1_S2,0,1,0,1,1,1,1,1,5,multiple
S1-208156703,S2-248205224,S1_S2,0,0,1,0,0,1,1,1,3,multiple
S1-208156703,S2-316171080,S1_S2,1,0,1,1,1,1,1,1,6,multiple
S1-208156703,S3-568461438,S1_S3,0,0,1,1,1,1,1,1,5,multiple
S1-208156703,S3-671327081,S1_S3,0,0,1,1,1,1,1,1,5,multiple
S1-208156703,S3-903216062,S1_S3,1,0,1,1,1,1,1,1,6,multiple
S1-209192474,S2-510947947,S1_S2,1,1,0,1,1,1,1,1,6,multiple
S1-209192474,S3-609809433,S1_S3,0,1,0,1,1,1,1,1,5,multiple
S1-209192474,S3-626860026,S1_S3,1,1,0,1,1,1,1,1,6,multiple
S1-209192474,S3-921560679,S1_S3,0,1,0,1,1,1,1,1,5,multiple
S1-21253276,S2-604956190,S1_S2,0,1,0,1,1,1,1,1,5,multiple
S1-21253276,S3-242933800,S1_S3,0,1,0,1,1,1,1,1,5,multiple
S1-21253276,S3-623785395,S1_S3,0,1,0,1,1,1,1,1,5,multiple
S1-2127900,S2-240902686,S1_S2,0,0,0,0,0,1,1,1,2,multiple
S1-2127900,S2-245874941,S1_S2,0,0,0,0,0,1,1,1,2,multiple
S1-2127900,S2-826098179,S1_S2,0,0,0,1,1,1,1,1,4,multiple
S1-2127900,S3-685355415,S1_S3,0,0,0,1,1,1,1,1,4,multiple
S1-212792865,S2-119995580,S1_S2,0,1,0,1,1,1,1,1,5,multiple
S1-212792865,S3-945564691,S1_S3,0,1,0,1,1,1,1,1,5,multiple
S1-213003403,S2-184863015,S1_S2,1,0,0,1,1,1,1,1,5,multiple
S1-213003403,S2-583242344,S1_S2,0,0,0,1,1,1,1,1,4,multiple
S1-213003403,S2-743735081,S1_S2,1,0,0,1,1,1,1,1,5,multiple
S1-213003403,S2-835958725,S1_S2,1,0,0,1,1,1,1,1,5,multiple
S1-213003403,S3-434867728,S1_S3,0,0,0,0,1,1,1,1,3,multiple
S1-213003403,S3-474429089,S1_S3,0,0,0,1,1,1,1,1,4,multiple
S1-214172285,S2-396109323,S1_S2,1,1,0,1,1,1,1,1,6,multiple
S1-214253663,S2-258394903,S1_S2,0,1,0,1,1,1,1,1,5,multiple
S1-214253663,S2-795760390,S1_S2,0,1,0,1,1,1,1,1,5,multiple
S1-214253663,S3-3202978,S1_S3,0,1,0,1,1,0,0,1,3,multiple
S1-215033618,S2-666555615,S1_S2,0,1,0,0,0,0,0,1,1,exact_rare_name_token
S1-215033618,S3-133883575,S1_S3,0,1,0,1,1,1,1,1,5,multiple
S1-215033618,S3-273485714,S1_S3,0,1,0,1,1,1,1,1,5,multiple
S1-215719139,S2-585972405,S1_S2,0,0,1,1,1,1,1,1,5,multiple
S1-215719139,S2-624983591,S1_S2,0,1,1,1,1,1,1,1,6,multiple
S1-215950589,S2-500341189,S1_S2,0,1,0,1,1,1,1,1,5,multiple
S1-215950589,S2-516582724,S1_S2,0,1,0,1,1,1,1,1,5,multiple
S1-215950589,S2-955903609,S1_S2,0,1,0,0,1,1,1,1,4,multiple
S1-215950589,S3-24172610,S1_S3,0,1,0,1,1,0,0,1,3,multiple
S1-215971705,S2-387016468,S1_S2,1,1,0,1,1,1,1,1,6,multiple
S1-215971705,S3-272048028,S1_S3,0,1,0,1,1,1,1,1,5,multiple
S1-216948072,S3-321886382,S1_S3,1,1,0,1,1,1,1,1,6,multiple
S1-216948072,S3-336465861,S1_S3,0,1,0,1,1,1,1,1,5,multiple
S1-217117154,S2-289629744,S1_S2,0,1,0,1,1,1,1,1,5,multiple
S1-217117154,S2-700556940,S1_S2,0,0,0,1,1,1,1,1,4,multiple
S1-217117154,S3-67165014,S1_S3,1,1,0,1,1,1,1,1,6,multiple
S1-217117154,S3-826538781,S1_S3,0,1,0,1,1,1,1,1,5,multiple
S1-217126682,S2-287796764,S1_S2,0,0,0,1,1,1,1,1,4,multiple
S1-217126682,S3-23373285,S1_S3,0,0,0,1,1,1,1,1,4,multiple
S1-217126682,S3-251722986,S1_S3,0,0,0,0,1,1,1,1,3,multiple
S1-217126682,S3-819966944,S1_S3,1,0,0,1,1,1,1,1,5,multiple
S1-217126682,S3-922729090,S1_S3,0,0,0,0,0,1,1,1,2,multiple
S1-218630326,S2-543307073,S1_S2,0,1,0,1,1,1,1,1,5,multiple
S1-218630326,S3-480961603,S1_S3,0,1,0,1,1,1,1,1,5,multiple
S1-218790784,S2-321311137,S1_S2,0,1,0,1,1,1,1,1,5,multiple
S1-218790784,S2-596051955,S1_S2,0,1,0,1,1,1,1,1,5,multiple
S1-218790784,S3-468144379,S1_S3,0,1,0,1,1,1,1,1,5,multiple
S1-218790784,S3-988084864,S1_S3,0,1,0,1,1,1,1,1,5,multiple
S1-222026783,S2-252800521,S1_S2,1,0,0,1,1,1,1,1,5,multiple
S1-222026783,S2-289477967,S1_S2,1,0,0,1,1,1,1,1,5,multiple
S1-222026783,S3-42534220,S1_S3,0,0,0,1,1,1,1,1,4,multiple
S1-222026783,S3-768290335,S1_S3,0,0,0,1,1,1,1,1,4,multiple
S1-222037950,S2-889100129,S1_S2,0,1,0,1,1,1,1,1,5,multiple
S1-222037950,S3-704591373,S1_S3,0,1,0,1,1,1,1,1,5,multiple
S1-222472840,S2-184866816,S1_S2,1,0,0,1,1,1,1,1,5,multiple
S1-222472840,S2-987440541,S1_S2,0,0,0,1,1,1,1,1,4,multiple
S1-222472840,S3-707652401,S1_S3,0,0,0,1,1,1,1,1,4,multiple
S1-222472840,S3-933716067,S1_S3,0,0,0,1,1,1,1,1,4,multiple
S1-222472840,S3-990870095,S1_S3,1,0,0,1,1,1,1,1,5,multiple
S1-223249470,S3-150652777,S1_S3,0,1,0,1,1,1,1,1,5,multiple
S1-223249470,S3-539162860,S1_S3,0,0,0,1,1,1,1,1,4,multiple
S1-223249470,S3-63857127,S1_S3,0,0,0,0,0,1,1,1,2,multiple
S1-223820565,S2-823064676,S1_S2,1,1,0,1,1,1,1,1,6,multiple
S1-223820565,S2-970999630,S1_S2,1,1,0,1,1,1,1,1,6,multiple
S1-223820565,S3-830435479,S1_S3,1,1,0,1,1,1,1,1,6,multiple
S1-223820565,S3-995848511,S1_S3,0,1,0,1,1,1,1,1,5,multiple
S1-22506553,S3-537961748,S1_S3,0,1,0,1,1,1,1,1,5,multiple
S1-226056952,S2-230778126,S1_S2,0,0,0,0,0,1,1,1,2,multiple
S1-226056952,S2-753201219,S1_S2,0,0,0,0,0,1,1,1,2,multiple
S1-226056952,S3-532512523,S1_S3,1,0,0,1,1,0,0,1,3,multiple
S1-226056952,S3-632327103,S1_S3,0,0,0,1,1,1,1,1,4,multiple
S1-228392895,S3-18739880,S1_S3,0,0,0,1,1,1,1,1,4,multiple
S1-228392895,S3-687202174,S1_S3,0,0,0,1,1,1,1,1,4,multiple
S1-228392895,S3-788776661,S1_S3,0,0,0,1,1,1,1,1,4,multiple
S1-228872974,S2-170439731,S1_S2,0,0,0,0,0,1,1,1,2,multiple
S1-228872974,S3-518341193,S1_S3,0,0,0,1,1,0,0,1,2,multiple
S1-228872974,S3-591453216,S1_S3,0,0,0,0,0,1,1,1,2,multiple
S1-228877007,S2-54097993,S1_S2,0,0,0,0,0,0,1,1,1,address_tfidf_top50
S1-228877007,S3-206380682,S1_S3,0,0,0,0,0,1,1,1,2,multiple
S1-229202278,S2-704256818,S1_S2,0,1,0,1,1,1,1,1,5,multiple
S1-229202278,S3-296578023,S1_S3,0,1,0,1,1,1,1,1,5,multiple
S1-229202278,S3-698504384,S1_S3,1,1,0,1,1,1,1,1,6,multiple
S1-229691732,S2-138580098,S1_S2,0,1,0,1,1,1,1,1,5,multiple
S1-229691732,S2-165775230,S1_S2,1,1,0,1,1,1,1,1,6,multiple
S1-229691732,S2-750138237,S1_S2,0,1,0,1,1,1,1,1,5,multiple
S1-229691732,S3-245361451,S1_S3,0,1,0,1,1,1,1,1,5,multiple
S1-229691732,S3-718669360,S1_S3,0,1,0,1,1,1,1,1,5,multiple
S1-229847702,S2-887828216,S1_S2,0,1,0,1,1,0,1,1,4,multiple
S1-229847702,S3-104117312,S1_S3,0,1,0,1,1,0,0,1,3,multiple
S1-230560038,S2-331531278,S1_S2,0,1,0,1,1,1,1,1,5,multiple
S1-230560038,S2-605407991,S1_S2,0,1,0,1,1,1,1,1,5,multiple
S1-230560038,S2-998770941,S1_S2,0,1,0,1,1,1,1,1,5,multiple
S1-230560038,S3-399419838,S1_S3,0,1,0,1,1,1,1,1,5,multiple
S1-230560038,S3-686719454,S1_S3,0,1,0,1,1,1,1,1,5,multiple
S1-230832276,S2-295239089,S1_S2,1,1,0,1,1,1,1,1,6,multiple
S1-230832276,S2-46980953,S1_S2,0,1,0,1,1,1,1,1,5,multiple
S1-230832276,S2-800765715,S1_S2,0,1,0,1,1,1,1,1,5,multiple
S1-230832276,S3-451480187,S1_S3,0,1,0,1,1,1,1,1,5,multiple
S1-230832276,S3-768159541,S1_S3,0,1,0,1,1,1,1,1,5,multiple
S1-230832276,S3-831511643,S1_S3,0,0,0,1,1,1,1,1,4,multiple
S1-232436610,S2-29427136,S1_S2,1,0,1,1,1,1,1,1,6,multiple
S1-232436610,S3-72248867,S1_S3,1,0,1,1,1,1,1,1,6,multiple
S1-232436610,S3-79476509,S1_S3,0,0,1,1,1,1,1,1,5,multiple
S1-232436610,S3-889252491,S1_S3,1,0,1,1,1,1,1,1,6,multiple
S1-233188464,S2-992932710,S1_S2,0,0,0,0,0,1,1,1,2,multiple
S1-233188464,S3-265173351,S1_S3,0,0,0,1,1,0,0,1,2,multiple
S1-233188464,S3-458621457,S1_S3,1,0,0,1,1,1,1,1,5,multiple
S1-233188464,S3-932710732,S1_S3,0,0,0,1,1,1,1,1,4,multiple
S1-23321525,S2-310935551,S1_S2,0,1,1,1,1,1,1,1,6,multiple
S1-23321525,S3-428666413,S1_S3,0,1,1,1,1,1,1,1,6,multiple
S1-23321525,S3-882348601,S1_S3,1,1,1,1,1,1,1,1,7,multiple
S1-23321525,S3-886704691,S1_S3,0,1,1,1,1,1,1,1,6,multiple
S1-23321525,S3-914371954,S1_S3,0,1,0,1,1,1,1,1,5,multiple
S1-233933816,S2-607341354,S1_S2,0,0,0,0,0,1,1,1,2,multiple
S1-233933816,S3-554500865,S1_S3,0,0,0,0,0,1,1,1,2,multiple
S1-233933816,S3-694872569,S1_S3,0,0,0,0,0,1,1,1,2,multiple
S1-234647036,S2-14375364,S1_S2,0,0,0,0,0,1,1,1,2,multiple
S1-234647036,S2-43837006,S1_S2,0,0,0,0,0,1,1,1,2,multiple
S1-234647036,S2-530795381,S1_S2,0,0,0,0,0,1,1,1,2,multiple
S1-234647036,S2-805251005,S1_S2,0,0,0,1,1,1,1,1,4,multiple
S1-234647036,S3-965259062,S1_S3,0,0,0,1,1,1,1,1,4,multiple
S1-235270676,S2-187386239,S1_S2,0,1,0,1,1,1,1,1,5,multiple
S1-235270676,S2-334606211,S1_S2,0,1,0,1,1,1,1,1,5,multiple
S1-235270676,S3-35762465,S1_S3,0,1,0,1,1,1,1,1,5,multiple
S1-235270676,S3-579861583,S1_S3,0,1,0,1,1,1,1,1,5,multiple
S1-235465743,S2-477721078,S1_S2,0,1,0,1,1,1,1,1,5,multiple
S1-235465743,S2-714665344,S1_S2,0,1,0,1,1,0,0,1,3,multiple
S1-235465743,S3-636407776,S1_S3,0,1,0,1,1,1,1,1,5,multiple
S1-235614370,S2-869066358,S1_S2,0,0,0,1,1,1,1,1,4,multiple
S1-235614370,S2-998937751,S1_S2,1,0,0,1,1,1,1,1,5,multiple
S1-236045360,S2-848168518,S1_S2,0,0,0,0,0,1,1,1,2,multiple
S1-236045360,S3-406141639,S1_S3,0,0,0,0,0,1,1,1,2,multiple
S1-23659683,S2-559101137,S1_S2,0,0,0,0,0,1,1,1,2,multiple
S1-23659683,S3-815577474,S1_S3,1,1,0,1,1,1,1,1,6,multiple
S1-236638681,S2-118275459,S1_S2,0,1,0,1,1,1,1,1,5,multiple
S1-236638681,S2-943325405,S1_S2,0,1,0,1,1,1,1,1,5,multiple
S1-236638681,S2-984190885,S1_S2,1,1,0,1,1,1,1,1,6,multiple
S1-236638681,S3-109244489,S1_S3,0,1,0,1,1,1,1,1,5,multiple
S1-236638681,S3-135222199,S1_S3,0,0,0,1,1,1,1,1,4,multiple
S1-237126900,S2-644929832,S1_S2,0,0,0,0,1,1,1,1,3,multiple
S1-237126900,S3-828649983,S1_S3,1,0,0,1,1,1,1,1,5,multiple
S1-237837040,S2-672409088,S1_S2,0,1,0,1,1,1,1,1,5,multiple
S1-237837040,S3-494733942,S1_S3,0,1,0,1,1,1,1,1,5,multiple
S1-237837040,S3-925017032,S1_S3,0,1,0,1,1,1,1,1,5,multiple
S1-238812660,S2-551870184,S1_S2,0,0,0,1,1,1,1,1,4,multiple
S1-238812660,S2-724324207,S1_S2,0,1,0,1,1,1,1,1,5,multiple
S1-238812660,S3-112549377,S1_S3,1,1,0,1,1,1,1,1,6,multiple
S1-239889101,S2-547578173,S1_S2,0,1,0,1,1,1,1,1,5,multiple
S1-239889101,S3-405282665,S1_S3,1,1,1,1,1,1,1,1,7,multiple
S1-239889101,S3-670464592,S1_S3,0,1,1,1,1,1,1,1,6,multiple
S1-239889101,S3-756487009,S1_S3,0,0,1,0,0,1,1,1,3,multiple
S1-240001218,S3-16763887,S1_S3,0,1,0,1,1,1,1,1,5,multiple
S1-240001218,S3-889679580,S1_S3,0,1,0,1,1,1,1,1,5,multiple
S1-240309541,S2-23107670,S1_S2,0,1,0,1,1,0,0,1,3,multiple
S1-240309541,S2-53641004,S1_S2,1,1,0,1,1,1,1,1,6,multiple
S1-240309541,S2-546979616,S1_S2,0,1,0,1,1,1,1,1,5,multiple
S1-240309541,S3-20376790,S1_S3,1,1,0,1,1,1,1,1,6,multiple
S1-240309541,S3-759902725,S1_S3,0,1,0,1,1,1,1,1,5,multiple
S1-240309541,S3-830124591,S1_S3,0,1,0,1,1,1,1,1,5,multiple
S1-240313854,S2-491073213,S1_S2,0,0,0,1,1,1,1,1,4,multiple
S1-240313854,S3-51621751,S1_S3,0,0,0,1,1,1,1,1,4,multiple
S1-240313854,S3-653270536,S1_S3,0,0,0,1,1,1,1,1,4,multiple
S1-240925358,S2-153487936,S1_S2,0,1,0,1,1,1,1,1,5,multiple
S1-240925358,S2-892768431,S1_S2,0,1,0,1,1,1,1,1,5,multiple
S1-240925358,S3-647611965,S1_S3,0,1,0,1,1,1,1,1,5,multiple
S1-240925358,S3-996898411,S1_S3,1,1,0,1,1,1,1,1,6,multiple
S1-241834969,S2-233400683,S1_S2,1,1,0,1,1,1,1,1,6,multiple
S1-241834969,S3-616144758,S1_S3,0,1,0,1,1,1,1,1,5,multiple
S1-241834969,S3-743197158,S1_S3,0,1,0,1,1,1,1,1,5,multiple
S1-243555387,S2-63980619,S1_S2,0,0,0,1,1,1,1,1,4,multiple
S1-243555387,S3-229706385,S1_S3,0,0,0,1,1,1,1,1,4,multiple
S1-243555387,S3-270548023,S1_S3,0,1,0,1,1,1,1,1,5,multiple
S1-243616168,S3-356634833,S1_S3,0,1,0,1,1,0,0,1,3,multiple
S1-243616168,S3-499523485,S1_S3,0,1,0,1,1,0,0,1,3,multiple
S1-243616168,S3-547332941,S1_S3,0,1,0,1,1,0,0,1,3,multiple
S1-243795141,S2-694218024,S1_S2,0,1,0,1,1,1,1,1,5,multiple
S1-243795141,S3-127046425,S1_S3,1,1,0,1,1,0,0,1,4,multiple
S1-243795141,S3-308501951,S1_S3,0,0,0,1,1,1,1,1,4,multiple
S1-243891509,S2-147966277,S1_S2,0,0,1,1,1,1,1,1,5,multiple
S1-243891509,S3-490180530,S1_S3,0,0,0,1,1,1,1,1,4,multiple
S1-243891509,S3-727150527,S1_S3,0,0,1,1,1,1,1,1,5,multiple
S1-243891509,S3-983830478,S1_S3,1,0,0,1,1,1,1,1,5,multiple
S1-244420749,S3-501280530,S1_S3,0,0,0,1,1,1,1,1,4,multiple
S1-244420749,S3-533985295,S1_S3,0,0,0,1,1,1,1,1,4,multiple
S1-24569172,S2-146746158,S1_S2,0,1,0,1,1,1,1,1,5,multiple
S1-24569172,S2-217582768,S1_S2,0,0,0,1,1,1,1,1,4,multiple
S1-24569172,S2-317195238,S1_S2,0,1,0,1,1,1,1,1,5,multiple
S1-24569172,S3-367644144,S1_S3,0,0,0,1,1,0,0,1,2,multiple
S1-24569172,S3-687369864,S1_S3,1,1,0,1,1,1,1,1,6,multiple
S1-246038047,S2-171787538,S1_S2,0,1,0,1,1,1,1,1,5,multiple
S1-246038047,S2-306163972,S1_S2,0,0,0,1,1,1,1,1,4,multiple
S1-246038047,S2-868467025,S1_S2,0,1,0,1,1,1,1,1,5,multiple
S1-246038047,S3-106918360,S1_S3,0,1,0,1,1,0,0,1,3,multiple
S1-246038047,S3-992330183,S1_S3,0,1,0,1,1,1,1,1,5,multiple
S1-247313638,S2-748725871,S1_S2,0,0,0,0,1,1,1,1,3,multiple
S1-247313638,S3-923426469,S1_S3,0,0,0,1,1,1,1,1,4,multiple
S1-247911540,S2-29967849,S1_S2,0,0,1,1,1,1,1,1,5,multiple
S1-247911540,S2-731152158,S1_S2,0,0,1,1,1,1,1,1,5,multiple
S1-247911540,S3-22444342,S1_S3,1,0,1,1,1,1,1,1,6,multiple
S1-248593579,S2-86501161,S1_S2,0,0,0,1,1,1,1,1,4,multiple
S1-248593579,S2-989173330,S1_S2,0,0,0,1,1,1,1,1,4,multiple
S1-248593579,S3-301500043,S1_S3,0,0,0,1,1,1,1,1,4,multiple
S1-248593579,S3-309050826,S1_S3,0,0,0,1,1,1,1,1,4,multiple
S1-248793348,S2-19864400,S1_S2,0,1,0,1,1,1,1,1,5,multiple
S1-248793348,S2-23441064,S1_S2,0,0,0,1,1,1,1,1,4,multiple
S1-248793348,S2-480045060,S1_S2,1,1,0,1,1,1,1,1,6,multiple
S1-248793348,S3-371951582,S1_S3,1,1,0,1,1,1,1,1,6,multiple
S1-248793348,S3-401482609,S1_S3,0,1,0,1,1,1,1,1,5,multiple
S1-248974523,S2-154415107,S1_S2,1,1,0,1,1,0,0,1,4,multiple
S1-248974523,S2-952167779,S1_S2,1,1,0,1,1,1,1,1,6,multiple
S1-248974523,S3-459464844,S1_S3,1,1,0,1,1,1,1,1,6,multiple
S1-248974523,S3-634695850,S1_S3,0,0,0,1,1,1,1,1,4,multiple
S1-24901545,S2-3984047,S1_S2,0,0,0,0,0,1,1,1,2,multiple
S1-24901545,S2-448425,S1_S2,1,0,0,1,1,1,1,1,5,multiple
S1-24901545,S3-796350370,S1_S3,0,0,0,0,0,1,1,1,2,multiple
S1-250199650,S2-636668729,S1_S2,0,0,1,1,1,1,1,1,5,multiple
S1-250199650,S2-956678539,S1_S2,0,0,0,1,1,1,1,1,4,multiple
S1-250199650,S3-469728256,S1_S3,0,0,1,1,1,1,1,1,5,multiple
S1-250199650,S3-734379659,S1_S3,0,0,1,1,1,1,1,1,5,multiple
S1-250749766,S2-858706943,S1_S2,1,1,0,1,1,1,1,1,6,multiple
S1-250749766,S3-220988015,S1_S3,0,1,0,1,1,1,1,1,5,multiple
S1-250749766,S3-75865658,S1_S3,0,1,0,1,1,1,1,1,5,multiple
S1-250749766,S3-817446270,S1_S3,0,0,0,1,1,1,1,1,4,multiple
S1-251147951,S2-217415609,S1_S2,0,0,0,0,1,1,1,1,3,multiple
S1-251147951,S2-497144992,S1_S2,0,0,0,0,0,1,1,1,2,multiple
S1-251354504,S2-567680227,S1_S2,0,1,0,1,1,1,1,1,5,multiple
S1-251354504,S3-341537268,S1_S3,0,1,0,1,1,1,1,1,5,multiple
S1-251354504,S3-473080529,S1_S3,0,1,0,1,1,1,1,1,5,multiple
S1-252885668,S2-591211692,S1_S2,1,1,0,1,1,1,1,1,6,multiple
S1-252885668,S2-715647523,S1_S2,0,1,0,1,1,1,1,1,5,multiple
S1-252885668,S3-25553561,S1_S3,0,1,0,1,1,1,1,1,5,multiple
S1-252885668,S3-583101570,S1_S3,0,1,0,1,1,1,1,1,5,multiple
S1-252885668,S3-632744965,S1_S3,0,1,0,1,1,1,1,1,5,multiple
S1-252885668,S3-92262178,S1_S3,0,1,0,1,1,1,1,1,5,multiple
S1-252969620,S3-614101809,S1_S3,1,1,0,1,1,1,1,1,6,multiple
S1-252969620,S3-826636738,S1_S3,1,1,0,1,1,1,1,1,6,multiple
S1-252969620,S3-930311783,S1_S3,1,1,0,1,1,1,1,1,6,multiple
S1-254211888,S3-214493676,S1_S3,0,0,0,0,0,1,1,1,2,multiple
S1-254211888,S3-472610308,S1_S3,0,0,0,0,0,1,1,1,2,multiple
S1-254211888,S3-645334795,S1_S3,0,0,0,0,0,1,1,1,2,multiple
S1-254575230,S2-25563142,S1_S2,0,0,0,1,1,1,1,1,4,multiple
S1-254575230,S3-235190033,S1_S3,0,0,0,0,0,1,1,1,2,multiple
S1-254575230,S3-243630656,S1_S3,1,0,0,1,1,0,0,1,3,multiple
S1-254607301,S2-760316536,S1_S2,0,0,0,1,1,1,1,1,4,multiple
S1-254607301,S2-905952464,S1_S2,0,0,0,1,1,1,1,1,4,multiple
S1-254607301,S3-269791732,S1_S3,0,0,0,1,1,1,1,1,4,multiple
S1-255897213,S2-12308182,S1_S2,0,0,0,1,1,0,0,1,2,multiple
S1-255897213,S2-571806373,S1_S2,0,0,0,1,1,1,1,1,4,multiple
S1-255897213,S2-605317878,S1_S2,1,0,0,1,1,1,1,1,5,multiple
S1-255897213,S2-71869722,S1_S2,1,0,0,1,1,1,1,1,5,multiple
S1-255897213,S3-342671433,S1_S3,0,0,0,1,1,1,1,1,4,multiple
S1-255897213,S3-85221618,S1_S3,0,0,0,1,1,1,1,1,4,multiple
S1-255954343,S2-423932563,S1_S2,0,0,0,1,1,1,1,1,4,multiple
S1-255954343,S3-542791316,S1_S3,1,1,0,1,1,1,1,1,6,multiple
S1-255954343,S3-787855774,S1_S3,1,1,0,1,1,1,1,1,6,multiple
S1-256108011,S2-299062235,S1_S2,0,1,0,1,1,1,1,1,5,multiple
S1-256108011,S2-613737871,S1_S2,0,1,0,1,1,1,1,1,5,multiple
S1-256108011,S2-914744032,S1_S2,0,1,0,1,1,1,1,1,5,multiple
S1-256108011,S3-122648304,S1_S3,0,1,0,1,1,1,1,1,5,multiple
S1-256108011,S3-543685193,S1_S3,0,1,0,1,1,1,1,1,5,multiple
S1-256231166,S2-192557868,S1_S2,0,1,0,1,1,1,1,1,5,multiple
S1-256231166,S2-407952971,S1_S2,0,1,0,1,1,1,1,1,5,multiple
S1-256231166,S3-233975013,S1_S3,0,1,0,1,1,1,1,1,5,multiple
S1-256231166,S3-72257699,S1_S3,0,1,0,1,1,1,1,1,5,multiple
S1-256231166,S3-83378040,S1_S3,1,1,0,1,1,1,1,1,6,multiple
S1-257012484,S2-5399049,S1_S2,0,0,0,1,1,1,1,1,4,multiple
S1-257012484,S2-566866361,S1_S2,1,0,0,1,1,1,1,1,5,multiple
S1-257012484,S3-164817907,S1_S3,1,0,0,1,1,1,1,1,5,multiple
S1-257012484,S3-33505577,S1_S3,0,0,0,1,1,1,1,1,4,multiple
S1-257012484,S3-391155591,S1_S3,0,0,0,1,1,1,1,1,4,multiple
S1-257055085,S2-71205515,S1_S2,0,0,0,0,0,1,1,1,2,multiple
S1-257055085,S3-52762300,S1_S3,0,0,0,0,0,0,0,0,0,none
S1-257055085,S3-940415613,S1_S3,0,0,0,1,1,1,1,1,4,multiple
S1-257055085,S3-964529757,S1_S3,0,0,0,0,0,0,0,0,0,none
S1-258450712,S2-381071179,S1_S2,1,1,0,1,1,1,1,1,6,multiple
S1-258450712,S2-403055913,S1_S2,1,1,0,1,1,1,1,1,6,multiple
S1-258450712,S2-813346903,S1_S2,0,1,0,1,1,0,0,1,3,multiple
S1-258450712,S3-458881031,S1_S3,0,0,0,1,1,1,1,1,4,multiple
S1-258562651,S2-490035204,S1_S2,0,1,0,1,1,1,1,1,5,multiple
S1-258562651,S2-521319286,S1_S2,0,1,0,1,1,1,1,1,5,multiple
S1-258562651,S3-539977677,S1_S3,0,1,0,1,1,1,1,1,5,multiple
S1-258937059,S2-483115173,S1_S2,1,1,0,1,1,1,1,1,6,multiple
S1-258937059,S2-66729460,S1_S2,1,1,0,1,1,1,1,1,6,multiple
S1-258937059,S3-861118042,S1_S3,0,1,0,1,1,1,1,1,5,multiple
S1-259171598,S2-29154323,S1_S2,0,0,0,0,0,1,1,1,2,multiple
S1-259171598,S2-613206335,S1_S2,0,0,0,1,1,1,1,1,4,multiple
S1-259171598,S3-122036707,S1_S3,0,0,0,1,1,1,1,1,4,multiple
S1-259171598,S3-777250920,S1_S3,0,0,0,0,0,1,1,1,2,multiple
S1-259171598,S3-796459330,S1_S3,0,0,0,0,0,1,1,1,2,multiple
S1-261024849,S2-330943573,S1_S2,0,0,0,0,0,1,1,1,2,multiple
S1-261024849,S3-337646285,S1_S3,0,0,0,0,0,1,1,1,2,multiple
S1-261024849,S3-385724585,S1_S3,0,0,0,1,1,1,1,1,4,multiple
S1-261024849,S3-72097777,S1_S3,0,0,0,0,0,1,1,1,2,multiple
S1-261223917,S2-497020440,S1_S2,0,1,0,1,1,1,1,1,5,multiple
S1-261223917,S3-293732693,S1_S3,0,0,0,1,1,1,1,1,4,multiple
S1-261223917,S3-370584093,S1_S3,1,1,0,1,1,1,1,1,6,multiple
S1-261223917,S3-628728207,S1_S3,0,1,0,1,1,1,1,1,5,multiple
S1-261615673,S2-540679229,S1_S2,0,1,0,1,1,1,1,1,5,multiple
S1-261615673,S3-160062117,S1_S3,1,1,0,1,1,1,1,1,6,multiple
S1-261615673,S3-452733176,S1_S3,0,1,0,1,1,1,1,1,5,multiple
S1-263102408,S2-391893625,S1_S2,1,1,0,1,1,1,1,1,6,multiple
S1-263102408,S2-945563767,S1_S2,0,0,0,1,1,0,0,1,2,multiple
S1-263102408,S3-165572715,S1_S3,1,1,0,1,1,1,1,1,6,multiple
S1-263102408,S3-512305104,S1_S3,0,1,0,1,1,1,1,1,5,multiple
S1-263607923,S2-772083083,S1_S2,0,0,0,1,1,1,1,1,4,multiple
S1-263607923,S3-679672585,S1_S3,0,0,0,1,1,0,0,1,2,multiple
S1-263607923,S3-732790989,S1_S3,1,0,0,1,1,1,1,1,5,multiple
S1-263993257,S2-771043856,S1_S2,0,1,0,1,1,1,1,1,5,multiple
S1-263993257,S3-519543792,S1_S3,0,1,0,1,1,1,1,1,5,multiple
S1-263993257,S3-656616379,S1_S3,0,1,0,1,1,1,1,1,5,multiple
S1-263993257,S3-753550085,S1_S3,0,1,0,1,1,1,1,1,5,multiple
S1-263993257,S3-944422368,S1_S3,1,1,0,1,1,1,1,1,6,multiple
S1-264440046,S2-852088770,S1_S2,1,1,0,1,1,1,1,1,6,multiple
S1-264440046,S3-504939233,S1_S3,0,1,0,1,1,1,1,1,5,multiple
S1-264440046,S3-756585459,S1_S3,0,1,0,1,1,1,1,1,5,multiple
S1-266120223,S2-388010913,S1_S2,1,1,0,1,1,1,1,1,6,multiple
S1-266120223,S3-35934730,S1_S3,1,1,0,1,1,1,1,1,6,multiple
S1-266453006,S2-485707055,S1_S2,1,0,0,1,1,0,0,1,3,multiple
S1-266453006,S2-848785076,S1_S2,0,0,0,0,0,1,1,1,2,multiple
S1-266453006,S3-101933406,S1_S3,0,0,0,1,1,1,1,1,4,multiple
S1-266453006,S3-132356283,S1_S3,0,0,0,0,0,1,1,1,2,multiple
S1-266453006,S3-148649957,S1_S3,0,0,0,0,0,1,1,1,2,multiple
S1-266453006,S3-459888837,S1_S3,0,0,0,1,1,1,1,1,4,multiple
S1-266453006,S3-571275896,S1_S3,0,0,0,0,0,1,1,1,2,multiple
S1-268460445,S2-254669285,S1_S2,0,1,0,1,1,1,1,1,5,multiple
S1-268460445,S2-464326634,S1_S2,0,1,0,1,1,1,1,1,5,multiple
S1-268460445,S2-737684561,S1_S2,1,1,0,1,1,1,1,1,6,multiple
S1-268460445,S3-415624732,S1_S3,0,1,0,1,1,1,1,1,5,multiple
S1-268460445,S3-704283280,S1_S3,1,1,0,1,1,1,1,1,6,multiple
S1-268460445,S3-893526456,S1_S3,1,1,0,1,1,1,1,1,6,multiple
S1-269741123,S2-164494618,S1_S2,0,0,0,1,1,1,1,1,4,multiple
S1-269741123,S2-457521295,S1_S2,0,0,0,0,0,1,1,1,2,multiple
S1-269741123,S2-714361939,S1_S2,0,0,0,0,0,1,1,1,2,multiple
S1-269741123,S3-555679200,S1_S3,0,0,0,0,0,1,1,1,2,multiple
S1-269741123,S3-711018018,S1_S3,0,0,0,1,1,1,1,1,4,multiple
S1-270028891,S2-423933359,S1_S2,1,0,0,1,1,1,1,1,5,multiple
S1-270028891,S2-764804454,S1_S2,0,0,0,1,1,1,1,1,4,multiple
S1-270028891,S2-954834781,S1_S2,0,0,0,1,1,0,0,1,2,multiple
S1-270028891,S3-794949035,S1_S3,0,0,0,1,1,1,1,1,4,multiple
S1-270937956,S2-506787681,S1_S2,0,0,0,1,1,1,1,1,4,multiple
S1-270937956,S2-837355319,S1_S2,1,0,0,1,1,1,1,1,5,multiple
S1-270937956,S3-793917966,S1_S3,0,0,0,1,1,1,1,1,4,multiple
S1-270937956,S3-879766664,S1_S3,1,0,0,1,1,1,1,1,5,multiple
S1-272314151,S2-743708857,S1_S2,0,0,0,0,0,1,1,1,2,multiple
S1-272314151,S2-999795505,S1_S2,0,0,0,0,0,1,1,1,2,multiple
S1-272314151,S3-708504503,S1_S3,0,0,0,0,0,1,1,1,2,multiple
S1-27255931,S2-520533902,S1_S2,0,1,0,1,1,1,1,1,5,multiple
S1-27255931,S2-593875774,S1_S2,1,1,0,1,1,1,1,1,6,multiple
S1-27255931,S3-400229869,S1_S3,1,1,0,1,1,0,1,1,5,multiple
S1-27255931,S3-421634602,S1_S3,0,1,0,1,1,0,0,1,3,multiple
S1-272810039,S2-14252401,S1_S2,0,1,0,1,1,1,1,1,5,multiple
S1-272810039,S2-20045626,S1_S2,0,1,0,1,1,1,1,1,5,multiple
S1-272810039,S2-428728277,S1_S2,0,1,0,1,1,1,1,1,5,multiple
S1-272810039,S3-150317917,S1_S3,0,1,0,1,1,0,0,1,3,multiple
S1-272810039,S3-18757316,S1_S3,1,1,0,1,1,0,0,1,4,multiple
S1-272902189,S2-318713724,S1_S2,0,0,0,1,1,1,1,1,4,multiple
S1-272902189,S2-992337971,S1_S2,0,0,0,1,1,1,1,1,4,multiple
S1-272902189,S3-636370360,S1_S3,0,0,0,1,1,1,1,1,4,multiple
S1-272902189,S3-953075301,S1_S3,0,0,0,1,1,1,1,1,4,multiple
S1-273230016,S2-157281482,S1_S2,0,1,0,1,1,1,1,1,5,multiple
S1-273230016,S2-99326615,S1_S2,0,1,0,1,1,1,1,1,5,multiple
S1-273230016,S3-519458324,S1_S3,0,0,0,1,1,1,1,1,4,multiple
S1-273230016,S3-787011391,S1_S3,0,0,0,1,1,1,1,1,4,multiple
S1-273309502,S3-642413847,S1_S3,0,1,0,1,1,0,0,1,3,multiple
S1-273309502,S3-772577972,S1_S3,1,1,0,1,1,1,1,1,6,multiple
S1-27377267,S2-402292338,S1_S2,0,0,0,1,1,1,1,1,4,multiple
S1-27377267,S2-759483419,S1_S2,0,0,0,1,1,1,1,1,4,multiple
S1-27377267,S2-771755119,S1_S2,0,0,0,0,0,1,1,1,2,multiple
S1-27377267,S3-64068654,S1_S3,0,0,0,1,1,1,1,1,4,multiple
S1-27377267,S3-744028269,S1_S3,0,0,0,1,1,0,0,1,2,multiple
S1-274102558,S2-753523390,S1_S2,1,1,0,1,1,1,1,1,6,multiple
S1-274102558,S3-854529392,S1_S3,0,1,0,1,1,1,1,1,5,multiple
S1-274297557,S2-769601607,S1_S2,0,1,0,1,1,1,1,1,5,multiple
S1-274297557,S3-147690121,S1_S3,0,1,0,1,1,0,1,1,4,multiple
S1-274297557,S3-363173179,S1_S3,0,1,0,1,1,0,1,1,4,multiple
S1-274586458,S2-790307378,S1_S2,0,0,0,1,1,1,1,1,4,multiple
S1-274586458,S2-920097448,S1_S2,0,0,0,1,1,1,1,1,4,multiple
S1-27510859,S2-817456068,S1_S2,0,0,0,0,0,1,1,1,2,multiple
S1-27510859,S2-827610979,S1_S2,1,0,0,1,1,1,1,1,5,multiple
S1-27510859,S3-118582818,S1_S3,0,0,0,1,1,1,1,1,4,multiple
S1-27510859,S3-29135672,S1_S3,0,0,0,1,1,1,1,1,4,multiple
S1-27510859,S3-456977203,S1_S3,1,0,0,1,1,1,1,1,5,multiple
S1-27533708,S2-209834677,S1_S2,1,0,0,1,1,1,1,1,5,multiple
S1-27533708,S2-580825654,S1_S2,0,0,0,1,1,1,1,1,4,multiple
S1-275629748,S2-676971897,S1_S2,0,1,0,1,1,1,1,1,5,multiple
S1-275629748,S3-155550743,S1_S3,1,1,0,1,1,0,1,1,5,multiple
S1-275629748,S3-46111965,S1_S3,1,1,0,1,1,1,1,1,6,multiple
S1-275862783,S2-556425012,S1_S2,0,0,0,1,1,1,1,1,4,multiple
S1-275862783,S2-650649492,S1_S2,0,1,0,1,1,1,1,1,5,multiple
S1-275862783,S3-51145732,S1_S3,0,1,0,1,1,1,1,1,5,multiple
S1-275862783,S3-514126688,S1_S3,1,1,0,1,1,1,1,1,6,multiple
S1-275862783,S3-697102400,S1_S3,0,1,0,1,1,1,1,1,5,multiple
S1-276863191,S2-624163383,S1_S2,0,0,0,1,1,1,1,1,4,multiple
S1-276863191,S2-760586497,S1_S2,0,0,0,0,0,1,1,1,2,multiple
S1-276863191,S3-597504988,S1_S3,0,0,0,1,1,1,1,1,4,multiple
S1-276863191,S3-605650455,S1_S3,0,0,0,1,1,1,1,1,4,multiple
S1-276863191,S3-74430399,S1_S3,0,0,0,1,1,1,1,1,4,multiple
S1-276863191,S3-841255219,S1_S3,0,0,0,0,0,1,1,1,2,multiple
S1-277233059,S2-462117526,S1_S2,0,0,0,1,1,1,1,1,4,multiple
S1-277233059,S3-629338223,S1_S3,0,0,0,1,1,0,0,1,2,multiple
S1-277233059,S3-850207628,S1_S3,0,0,0,0,0,1,1,1,2,multiple
S1-277459299,S2-259958782,S1_S2,1,1,0,1,1,1,1,1,6,multiple
S1-277459299,S2-876744660,S1_S2,0,1,0,1,1,1,1,1,5,multiple
S1-277459299,S3-328731255,S1_S3,0,1,0,1,1,1,1,1,5,multiple
S1-277459299,S3-463001734,S1_S3,0,1,0,1,1,1,1,1,5,multiple
S1-277459299,S3-766895829,S1_S3,0,1,0,1,1,1,1,1,5,multiple
S1-277459299,S3-862348879,S1_S3,0,1,0,1,1,1,1,1,5,multiple
S1-277459299,S3-864859199,S1_S3,1,1,0,1,1,1,1,1,6,multiple
S1-277748639,S2-551963338,S1_S2,0,0,0,1,1,1,1,1,4,multiple
S1-277748639,S2-56087003,S1_S2,0,0,0,1,1,1,1,1,4,multiple
S1-277748639,S3-466636569,S1_S3,0,0,0,1,1,1,1,1,4,multiple
S1-277748639,S3-887545122,S1_S3,0,0,0,1,1,1,1,1,4,multiple
S1-277959732,S2-213714538,S1_S2,1,1,0,1,1,1,1,1,6,multiple
S1-277959732,S2-359985314,S1_S2,0,1,0,1,1,1,1,1,5,multiple
S1-277959732,S3-243391990,S1_S3,0,1,0,1,1,1,1,1,5,multiple
S1-277959732,S3-246345535,S1_S3,0,1,0,1,1,1,1,1,5,multiple
S1-277959732,S3-585926969,S1_S3,0,1,0,1,1,0,1,1,4,multiple
S1-279140596,S2-325342792,S1_S2,0,1,0,1,1,1,1,1,5,multiple
S1-279140596,S2-745682870,S1_S2,0,1,0,1,1,1,1,1,5,multiple
S1-279140596,S3-888012219,S1_S3,1,1,0,1,1,1,1,1,6,multiple
S1-279273665,S2-141441125,S1_S2,0,1,0,1,1,1,1,1,5,multiple
S1-279273665,S2-254011652,S1_S2,0,0,0,1,1,1,1,1,4,multiple
S1-279273665,S2-43390146,S1_S2,0,0,0,1,1,1,1,1,4,multiple
S1-279273665,S3-579543759,S1_S3,0,1,0,1,1,1,1,1,5,multiple
S1-279273665,S3-681517554,S1_S3,1,1,0,1,1,1,1,1,6,multiple
S1-279273665,S3-819520502,S1_S3,0,0,0,1,1,1,1,1,4,multiple
S1-280593404,S2-260994843,S1_S2,1,1,0,1,1,1,1,1,6,multiple
S1-280593404,S3-336625593,S1_S3,1,1,0,1,1,1,1,1,6,multiple
S1-280593404,S3-338304568,S1_S3,0,1,0,1,1,1,1,1,5,multiple
S1-280593404,S3-663318968,S1_S3,0,1,0,1,1,1,1,1,5,multiple
S1-280593404,S3-744906275,S1_S3,0,0,0,0,1,1,1,1,3,multiple
S1-280809988,S2-34387817,S1_S2,1,0,0,1,1,1,1,1,5,multiple
S1-281812052,S2-446254555,S1_S2,0,0,0,0,0,1,1,1,2,multiple
S1-281812052,S2-539370219,S1_S2,0,0,0,0,0,1,1,1,2,multiple
S1-281812052,S3-918490162,S1_S3,1,0,0,1,1,0,1,1,4,multiple
S1-281831472,S2-161450534,S1_S2,1,0,0,1,1,1,1,1,5,multiple
S1-281831472,S2-530459322,S1_S2,0,0,0,1,1,1,1,1,4,multiple
S1-281831472,S2-590665999,S1_S2,1,0,0,1,1,1,1,1,5,multiple
S1-281831472,S3-212302890,S1_S3,0,0,0,1,1,1,1,1,4,multiple
S1-281831472,S3-479838570,S1_S3,0,0,0,0,0,1,1,1,2,multiple
S1-281831472,S3-951961601,S1_S3,0,0,0,1,1,0,1,1,3,multiple
S1-281908735,S2-370203684,S1_S2,0,0,1,1,1,1,1,1,5,multiple
S1-281908735,S2-913144246,S1_S2,0,0,1,1,1,1,1,1,5,multiple
S1-281908735,S3-465734818,S1_S3,1,0,1,1,1,1,1,1,6,multiple
S1-281908735,S3-585445712,S1_S3,1,0,1,1,1,1,1,1,6,multiple
S1-281908735,S3-652896942,S1_S3,1,0,1,1,1,1,1,1,6,multiple
S1-281908735,S3-973627896,S1_S3,0,0,1,1,1,1,1,1,5,multiple
S1-281979447,S2-392751456,S1_S2,0,1,0,1,1,0,0,1,3,multiple
S1-281979447,S2-936618000,S1_S2,0,1,0,1,1,1,1,1,5,multiple
S1-281979447,S3-297473038,S1_S3,0,1,0,1,1,1,1,1,5,multiple
S1-281979447,S3-779029647,S1_S3,0,1,0,1,1,1,1,1,5,multiple
S1-282839835,S2-207269182,S1_S2,0,1,0,1,1,1,1,1,5,multiple
S1-282839835,S2-506949492,S1_S2,0,1,0,1,1,1,1,1,5,multiple
S1-282839835,S2-763706042,S1_S2,0,1,0,1,1,1,1,1,5,multiple
S1-282839835,S2-830687311,S1_S2,0,1,0,1,1,1,1,1,5,multiple
S1-282839835,S3-652050589,S1_S3,1,1,0,1,1,1,1,1,6,multiple
S1-283371654,S2-841951912,S1_S2,0,0,0,0,0,1,1,1,2,multiple
S1-283371654,S2-915930155,S1_S2,0,0,0,1,1,1,1,1,4,multiple
S1-283371654,S3-915657414,S1_S3,0,0,0,0,0,1,1,1,2,multiple
S1-284123033,S2-447010831,S1_S2,0,1,0,1,1,1,1,1,5,multiple
S1-284123033,S2-909983345,S1_S2,0,1,0,1,1,1,1,1,5,multiple
S1-284123033,S3-532647458,S1_S3,0,0,0,0,0,1,1,1,2,multiple
S1-284123033,S3-589506132,S1_S3,0,1,0,1,1,1,1,1,5,multiple
S1-284377273,S2-596036818,S1_S2,0,1,0,1,1,1,1,1,5,multiple
S1-284377273,S2-828719671,S1_S2,0,1,0,1,1,1,1,1,5,multiple
S1-284377273,S2-915517413,S1_S2,0,1,0,1,1,1,1,1,5,multiple
S1-284377273,S3-320390034,S1_S3,0,1,0,1,1,1,1,1,5,multiple
S1-285367662,S2-853965759,S1_S2,0,0,0,1,1,1,1,1,4,multiple
S1-285367662,S2-984730777,S1_S2,0,0,0,1,1,1,1,1,4,multiple
S1-2856851,S2-485350416,S1_S2,0,0,0,1,1,1,1,1,4,multiple
S1-2856851,S3-392002041,S1_S3,1,0,1,1,1,1,1,1,6,multiple
S1-2856851,S3-959546180,S1_S3,0,0,1,0,0,1,1,1,3,multiple
S1-285780847,S2-201925364,S1_S2,1,1,0,1,1,1,1,1,6,multiple
S1-285780847,S2-712471839,S1_S2,0,0,0,0,1,1,1,1,3,multiple
S1-285780847,S3-63154426,S1_S3,1,1,0,1,1,1,1,1,6,multiple
S1-285780847,S3-641349247,S1_S3,0,0,0,0,1,1,1,1,3,multiple
S1-285780847,S3-667347265,S1_S3,0,1,0,1,1,1,1,1,5,multiple
S1-285780847,S3-757358616,S1_S3,1,1,0,1,1,1,1,1,6,multiple
S1-285780847,S3-962679620,S1_S3,0,0,0,1,1,1,1,1,4,multiple
S1-288307647,S2-386358457,S1_S2,0,0,0,0,0,1,1,1,2,multiple
S1-288307647,S2-611153757,S1_S2,0,0,0,0,0,1,1,1,2,multiple
S1-288307647,S2-953129101,S1_S2,0,0,0,0,0,1,1,1,2,multiple
S1-288307647,S2-993811874,S1_S2,0,0,0,1,1,1,1,1,4,multiple
S1-288307647,S3-60809186,S1_S3,0,0,0,1,1,1,1,1,4,multiple
S1-291268747,S2-210296356,S1_S2,0,0,0,1,1,1,1,1,4,multiple
S1-291268747,S2-852394402,S1_S2,0,0,0,0,0,1,1,1,2,multiple
S1-291268747,S3-286660027,S1_S3,0,0,0,1,1,1,1,1,4,multiple
S1-291850854,S2-17775271,S1_S2,0,0,0,1,1,1,1,1,4,multiple
S1-291850854,S3-617902771,S1_S3,0,0,0,1,1,0,0,1,2,multiple
S1-291850854,S3-742292297,S1_S3,0,0,0,1,1,0,0,1,2,multiple
S1-291960231,S2-288501776,S1_S2,1,1,0,1,1,1,1,1,6,multiple
S1-291960231,S2-855406521,S1_S2,0,0,0,1,1,0,1,1,3,multiple
S1-291960231,S3-572909343,S1_S3,0,0,0,1,1,1,1,1,4,multiple
S1-291960231,S3-706642357,S1_S3,0,0,0,1,1,1,1,1,4,multiple
S1-293054091,S2-287579861,S1_S2,1,0,0,1,1,1,1,1,5,multiple
S1-293054091,S2-405362319,S1_S2,1,0,0,1,1,0,0,1,3,multiple
S1-293054091,S2-672718322,S1_S2,1,0,0,1,1,1,1,1,5,multiple
S1-293054091,S2-880931506,S1_S2,1,0,0,1,1,1,1,1,5,multiple
S1-293054091,S3-546337027,S1_S3,1,0,0,1,1,0,0,1,3,multiple
S1-293054091,S3-672069793,S1_S3,1,0,0,1,1,1,1,1,5,multiple
S1-293054091,S3-806587884,S1_S3,1,0,0,1,1,1,1,1,5,multiple
S1-293055768,S2-287047847,S1_S2,1,1,0,1,1,1,1,1,6,multiple
S1-293055768,S2-890939204,S1_S2,1,1,0,1,1,0,0,1,4,multiple
S1-293211496,S2-167564483,S1_S2,0,1,0,1,1,1,1,1,5,multiple
S1-293211496,S3-618079298,S1_S3,0,0,0,1,1,1,1,1,4,multiple
S1-293357351,S2-456337606,S1_S2,0,1,0,1,1,1,1,1,5,multiple
S1-293357351,S2-727339760,S1_S2,0,0,0,0,0,1,1,1,2,multiple
S1-293357351,S3-222059334,S1_S3,1,1,0,1,1,1,1,1,6,multiple
S1-293357351,S3-956818555,S1_S3,1,1,0,1,1,1,1,1,6,multiple
S1-295516204,S2-202520550,S1_S2,1,1,0,1,1,1,1,1,6,multiple
S1-295516204,S2-599959833,S1_S2,0,1,0,1,1,1,1,1,5,multiple
S1-295516204,S2-622365264,S1_S2,0,1,0,1,1,1,1,1,5,multiple
S1-295516204,S2-896898687,S1_S2,0,1,0,1,1,1,1,1,5,multiple
S1-295516204,S3-127629453,S1_S3,0,1,0,1,1,1,1,1,5,multiple
S1-295516204,S3-264716770,S1_S3,0,0,0,1,1,1,1,1,4,multiple
S1-295516204,S3-888567219,S1_S3,0,1,0,1,1,1,1,1,5,multiple
S1-297482017,S2-608865149,S1_S2,1,0,0,1,1,1,1,1,5,multiple
S1-297482017,S2-672473770,S1_S2,0,0,0,1,1,1,1,1,4,multiple
S1-297482017,S2-737105459,S1_S2,0,0,0,1,1,1,1,1,4,multiple
S1-297482017,S2-738929567,S1_S2,1,0,0,1,1,1,1,1,5,multiple
S1-297482017,S3-110866018,S1_S3,0,0,0,1,1,1,1,1,4,multiple
S1-297482017,S3-201485785,S1_S3,1,0,0,1,1,1,1,1,5,multiple
S1-297482017,S3-433468183,S1_S3,0,0,0,1,1,1,1,1,4,multiple
S1-297482017,S3-528627483,S1_S3,1,0,0,1,1,1,1,1,5,multiple
S1-298915937,S2-458305120,S1_S2,1,1,0,1,1,1,1,1,6,multiple
S1-298915937,S3-185563293,S1_S3,0,0,0,0,0,1,1,1,2,multiple
S1-299131599,S2-696368056,S1_S2,0,0,0,0,0,1,1,1,2,multiple
S1-299131599,S3-250265784,S1_S3,0,0,0,0,1,1,1,1,3,multiple
S1-299131599,S3-338632218,S1_S3,0,0,0,1,1,1,1,1,4,multiple
S1-299131599,S3-49952454,S1_S3,0,0,0,1,1,1,1,1,4,multiple
S1-299131599,S3-877923158,S1_S3,0,0,0,0,0,1,1,1,2,multiple
S1-299131599,S3-978584713,S1_S3,0,0,0,0,0,1,1,1,2,multiple
S1-299413974,S2-153578141,S1_S2,0,0,0,0,0,1,1,1,2,multiple
S1-299413974,S3-794172490,S1_S3,0,0,0,0,0,1,1,1,2,multiple
S1-299413974,S3-898735455,S1_S3,0,0,0,0,0,0,0,0,0,none
S1-299740282,S2-158074516,S1_S2,0,0,0,1,1,1,1,1,4,multiple
S1-299740282,S2-686723567,S1_S2,0,0,0,1,1,1,1,1,4,multiple
S1-299740282,S3-763115595,S1_S3,0,0,0,0,0,1,1,1,2,multiple
S1-299740282,S3-811085482,S1_S3,1,0,0,1,1,1,1,1,5,multiple
S1-299897567,S2-56814279,S1_S2,0,0,0,1,1,1,1,1,4,multiple
S1-299897567,S2-638548533,S1_S2,0,0,0,1,1,1,1,1,4,multiple
S1-30019965,S2-213760066,S1_S2,0,1,0,1,1,1,1,1,5,multiple
S1-30019965,S2-341563205,S1_S2,0,1,0,1,1,1,1,1,5,multiple
S1-30019965,S3-269797643,S1_S3,0,1,0,1,1,1,1,1,5,multiple
S1-30019965,S3-408344121,S1_S3,0,1,0,1,1,0,0,1,3,multiple
S1-300371151,S2-259459143,S1_S2,0,1,0,1,1,1,1,1,5,multiple
S1-300371151,S2-803114028,S1_S2,0,1,0,1,1,1,1,1,5,multiple
S1-300371151,S3-368978219,S1_S3,0,1,0,1,1,1,1,1,5,multiple
S1-300785206,S2-735509651,S1_S2,0,1,0,1,1,1,1,1,5,multiple
S1-300785206,S3-14556885,S1_S3,1,1,0,1,1,1,1,1,6,multiple
S1-301678446,S2-695142155,S1_S2,0,0,0,1,1,1,1,1,4,multiple
S1-301678446,S2-797085461,S1_S2,0,0,0,0,0,1,1,1,2,multiple
S1-301678446,S2-84133362,S1_S2,0,0,0,1,1,1,1,1,4,multiple
S1-301678446,S3-327220432,S1_S3,0,0,0,1,1,1,1,1,4,multiple
S1-301895939,S2-662616231,S1_S2,0,0,0,1,1,1,1,1,4,multiple
S1-301895939,S2-874537276,S1_S2,0,0,0,1,1,0,0,1,2,multiple
S1-301895939,S3-951993696,S1_S3,0,0,0,1,1,1,1,1,4,multiple
S1-302225776,S2-408495877,S1_S2,0,1,0,1,1,1,1,1,5,multiple
S1-302225776,S2-742351146,S1_S2,0,1,0,1,1,1,1,1,5,multiple
S1-302225776,S3-797648118,S1_S3,0,1,0,1,1,1,1,1,5,multiple
S1-30224446,S3-22344995,S1_S3,0,1,0,1,1,1,1,1,5,multiple
S1-30224446,S3-727507125,S1_S3,0,0,0,0,0,1,1,1,2,multiple
S1-30224446,S3-765263245,S1_S3,1,1,0,1,1,1,1,1,6,multiple
S1-30274951,S2-128054289,S1_S2,0,0,0,1,1,1,1,1,4,multiple
S1-30274951,S2-341592028,S1_S2,0,1,0,1,1,1,1,1,5,multiple
S1-30274951,S2-393794403,S1_S2,0,1,0,1,1,1,1,1,5,multiple
S1-30274951,S3-220041557,S1_S3,1,1,0,1,1,1,1,1,6,multiple
S1-30274951,S3-717931335,S1_S3,1,1,0,1,1,1,1,1,6,multiple
S1-303295030,S3-175647105,S1_S3,1,0,0,1,1,1,1,1,5,multiple
S1-303295030,S3-596438933,S1_S3,0,0,0,1,1,1,1,1,4,multiple
S1-303480472,S2-214330666,S1_S2,1,1,0,1,1,1,1,1,6,multiple
S1-303480472,S2-487894313,S1_S2,1,1,0,1,1,1,1,1,6,multiple
S1-303480472,S2-619322034,S1_S2,1,1,0,1,1,1,1,1,6,multiple
S1-303480472,S2-652075141,S1_S2,0,0,0,1,1,1,1,1,4,multiple
S1-303480472,S2-675830911,S1_S2,0,1,0,1,1,1,1,1,5,multiple
S1-30389106,S2-35061340,S1_S2,1,1,0,1,1,1,1,1,6,multiple
S1-30389106,S2-488489533,S1_S2,0,1,0,1,1,1,1,1,5,multiple
S1-30464972,S2-431340481,S1_S2,0,1,0,1,1,1,1,1,5,multiple
S1-30464972,S3-647045766,S1_S3,0,1,0,1,1,1,1,1,5,multiple
S1-30464972,S3-976239929,S1_S3,0,1,1,1,1,1,1,1,6,multiple
S1-304749679,S2-686176384,S1_S2,0,1,1,1,1,1,1,1,6,multiple
S1-304749679,S3-182703885,S1_S3,0,0,1,1,1,1,1,1,5,multiple
S1-304749679,S3-495248328,S1_S3,0,0,0,1,1,1,1,1,4,multiple
S1-304749679,S3-726079932,S1_S3,0,1,1,1,1,1,1,1,6,multiple
S1-304762542,S2-156445414,S1_S2,1,0,1,1,1,1,1,1,6,multiple
S1-304762542,S2-54356635,S1_S2,1,0,0,1,1,1,1,1,5,multiple
S1-304762542,S2-585100082,S1_S2,0,0,1,0,0,1,1,1,3,multiple
S1-304762542,S2-588876047,S1_S2,0,0,1,1,1,1,1,1,5,multiple
S1-304762542,S3-149934656,S1_S3,0,0,1,0,0,1,1,1,3,multiple
S1-304762542,S3-24685363,S1_S3,1,0,1,1,1,1,1,1,6,multiple
S1-304762542,S3-427701892,S1_S3,0,0,1,0,0,1,1,1,3,multiple
S1-305098025,S2-519218804,S1_S2,0,0,0,0,0,1,1,1,2,multiple
S1-305098025,S3-507298134,S1_S3,0,0,0,0,0,1,1,1,2,multiple
S1-305685843,S2-228127106,S1_S2,0,1,0,1,1,1,1,1,5,multiple
S1-305685843,S3-481014424,S1_S3,0,1,0,1,1,1,1,1,5,multiple
S1-305685843,S3-544139795,S1_S3,0,1,0,1,1,1,1,1,5,multiple
S1-305685843,S3-567712407,S1_S3,0,1,0,1,1,1,1,1,5,multiple
S1-305685843,S3-643899905,S1_S3,0,0,0,1,1,1,1,1,4,multiple
S1-307393189,S2-111060597,S1_S2,0,1,0,1,1,1,1,1,5,multiple
S1-307393189,S2-214166000,S1_S2,0,0,0,0,0,1,1,1,2,multiple
S1-307393189,S2-781745861,S1_S2,1,1,0,1,1,1,1,1,6,multiple
S1-307393189,S2-840067414,S1_S2,0,1,0,1,1,1,1,1,5,multiple
S1-307393189,S3-994206434,S1_S3,0,0,0,1,1,1,1,1,4,multiple
S1-307647499,S2-714606654,S1_S2,0,0,0,1,1,1,1,1,4,multiple
S1-307647499,S2-718293063,S1_S2,0,0,0,0,0,1,1,1,2,multiple
S1-307647499,S3-898687135,S1_S3,0,0,0,1,1,1,1,1,4,multiple
S1-307934979,S3-805545255,S1_S3,0,0,0,1,1,1,1,1,4,multiple
S1-307948651,S3-238195082,S1_S3,1,0,0,1,1,1,1,1,5,multiple
S1-307948651,S3-857730710,S1_S3,0,0,0,1,1,1,1,1,4,multiple
S1-308871064,S2-447015388,S1_S2,0,1,0,1,1,1,1,1,5,multiple
S1-308871064,S2-681525509,S1_S2,0,1,0,1,1,1,1,1,5,multiple
S1-308871064,S3-3155587,S1_S3,0,1,0,1,1,1,1,1,5,multiple
S1-308871064,S3-39142934,S1_S3,0,0,0,1,1,1,1,1,4,multiple
S1-308871064,S3-66740522,S1_S3,0,1,0,1,1,1,1,1,5,multiple
S1-309184850,S3-466780525,S1_S3,0,0,0,1,1,1,1,1,4,multiple
S1-309184850,S3-466807847,S1_S3,1,0,0,1,1,1,1,1,5,multiple
S1-309184850,S3-977755650,S1_S3,0,0,0,1,1,1,1,1,4,multiple
S1-309276062,S2-988737646,S1_S2,0,0,0,1,1,1,1,1,4,multiple
S1-309276062,S3-20389582,S1_S3,0,0,0,1,1,1,1,1,4,multiple
S1-309276062,S3-652543617,S1_S3,0,0,0,0,0,1,1,1,2,multiple
S1-309276062,S3-75940580,S1_S3,0,0,0,1,1,1,1,1,4,multiple
S1-309576934,S2-247061954,S1_S2,0,0,0,0,0,1,1,1,2,multiple
S1-309576934,S2-8362726,S1_S2,0,0,0,1,1,1,1,1,4,multiple
S1-309576934,S3-439304189,S1_S3,0,0,0,0,1,1,1,1,3,multiple
S1-309576934,S3-465272049,S1_S3,1,0,0,1,1,1,1,1,5,multiple
S1-309576934,S3-791357393,S1_S3,0,0,0,1,1,1,1,1,4,multiple
S1-309576934,S3-866224501,S1_S3,0,0,0,0,0,1,1,1,2,multiple
S1-309576934,S3-897426342,S1_S3,0,0,0,1,1,1,1,1,4,multiple
S1-309671049,S3-331712795,S1_S3,0,0,0,1,1,1,1,1,4,multiple
S1-309671049,S3-407455758,S1_S3,0,0,0,1,1,1,1,1,4,multiple
S1-309671049,S3-983741794,S1_S3,0,0,0,1,1,1,1,1,4,multiple
S1-310007362,S2-174660827,S1_S2,1,1,0,1,1,0,0,1,4,multiple
S1-310007362,S2-181828853,S1_S2,0,1,0,1,1,1,1,1,5,multiple
S1-310007362,S2-538689996,S1_S2,1,1,0,1,1,1,1,1,6,multiple
S1-311728134,S2-914708451,S1_S2,0,1,0,1,1,1,1,1,5,multiple
S1-311728134,S3-723307651,S1_S3,0,0,0,1,1,1,1,1,4,multiple
S1-311728134,S3-783387759,S1_S3,1,1,0,1,1,1,1,1,6,multiple
S1-312739256,S2-754855005,S1_S2,0,0,0,1,1,1,1,1,4,multiple
S1-312739256,S3-129146562,S1_S3,1,0,0,1,1,1,1,1,5,multiple
S1-312739256,S3-44672267,S1_S3,0,0,0,1,1,1,1,1,4,multiple
S1-313181606,S2-956095804,S1_S2,1,1,0,1,1,0,0,1,4,multiple
S1-313181606,S3-131927813,S1_S3,1,1,0,1,1,1,1,1,6,multiple
S1-313181606,S3-371897180,S1_S3,1,1,0,1,1,0,1,1,5,multiple
S1-313181606,S3-731089879,S1_S3,0,1,0,1,1,1,1,1,5,multiple
S1-313827119,S2-340309735,S1_S2,0,1,0,1,1,1,1,1,5,multiple
S1-313827119,S2-445418844,S1_S2,0,1,0,1,1,1,1,1,5,multiple
S1-313827119,S3-281928906,S1_S3,0,1,0,1,1,0,1,1,4,multiple
S1-313832210,S2-450860277,S1_S2,0,1,0,1,1,1,1,1,5,multiple
S1-313832210,S3-639659377,S1_S3,0,1,0,1,1,1,1,1,5,multiple
S1-313872506,S2-96419086,S1_S2,0,1,0,1,1,1,1,1,5,multiple
S1-313872506,S2-992293954,S1_S2,0,0,0,1,1,1,1,1,4,multiple
S1-313872506,S3-510348096,S1_S3,0,1,0,1,1,1,1,1,5,multiple
S1-313872506,S3-672399240,S1_S3,0,0,0,1,1,1,1,1,4,multiple
S1-314761635,S2-40439900,S1_S2,0,1,0,1,1,1,1,1,5,multiple
S1-314761635,S2-804858247,S1_S2,0,1,0,1,1,1,1,1,5,multiple
S1-314761635,S3-628685695,S1_S3,0,0,0,0,0,1,1,1,2,multiple
S1-314761635,S3-678875036,S1_S3,0,1,0,1,1,1,1,1,5,multiple
S1-314825583,S2-24171937,S1_S2,0,0,0,1,1,1,1,1,4,multiple
S1-314825583,S2-724872317,S1_S2,0,1,0,1,1,1,1,1,5,multiple
S1-31615848,S2-218993979,S1_S2,0,0,0,1,1,1,1,1,4,multiple
S1-31615848,S2-529432577,S1_S2,0,1,0,1,1,1,1,1,5,multiple
S1-31615848,S3-661556960,S1_S3,0,0,0,0,0,1,1,1,2,multiple
S1-316741258,S2-39955592,S1_S2,1,1,0,1,1,0,0,1,4,multiple
S1-316741258,S2-690765379,S1_S2,0,1,0,1,1,1,1,1,5,multiple
S1-316741258,S3-408504899,S1_S3,0,1,0,1,1,1,1,1,5,multiple
S1-316741258,S3-819358674,S1_S3,0,1,0,1,1,1,1,1,5,multiple
S1-316741258,S3-923407619,S1_S3,0,1,0,1,1,0,0,1,3,multiple
S1-317121052,S2-500274774,S1_S2,0,0,0,1,1,1,1,1,4,multiple
S1-317121052,S3-186980237,S1_S3,0,0,0,1,1,1,1,1,4,multiple
S1-317121052,S3-711966432,S1_S3,0,0,0,1,1,1,1,1,4,multiple
S1-317606484,S2-459876444,S1_S2,0,0,0,1,1,1,1,1,4,multiple
S1-317606484,S3-582340840,S1_S3,0,0,0,1,1,1,1,1,4,multiple
S1-317606484,S3-821569958,S1_S3,0,0,0,1,1,1,1,1,4,multiple
S1-318308131,S2-373001419,S1_S2,0,1,0,1,1,1,1,1,5,multiple
S1-318308131,S3-765771927,S1_S3,0,1,0,1,1,1,1,1,5,multiple
S1-318308131,S3-839746132,S1_S3,0,1,0,1,1,1,1,1,5,multiple
S1-318885755,S2-42154969,S1_S2,0,0,0,1,1,1,1,1,4,multiple
S1-318885755,S3-587017789,S1_S3,1,0,0,1,1,1,1,1,5,multiple
S1-318885755,S3-636041201,S1_S3,0,0,0,1,1,0,0,1,2,multiple
S1-319848510,S2-156742213,S1_S2,0,1,0,1,1,1,1,1,5,multiple
S1-319848510,S2-275720277,S1_S2,0,1,0,1,1,1,1,1,5,multiple
S1-319848510,S2-941123840,S1_S2,0,1,0,1,1,1,1,1,5,multiple
S1-319848510,S2-977600936,S1_S2,0,1,0,1,1,1,1,1,5,multiple
S1-319848510,S3-101390865,S1_S3,0,1,0,1,1,1,1,1,5,multiple
S1-319848510,S3-154169315,S1_S3,0,1,0,1,1,0,0,1,3,multiple
S1-319884463,S2-314028681,S1_S2,1,0,0,1,1,1,1,1,5,multiple
S1-319884463,S2-948715940,S1_S2,1,0,0,1,1,1,1,1,5,multiple
S1-319884463,S3-445810208,S1_S3,0,0,0,1,1,1,1,1,4,multiple
S1-321305290,S2-252713544,S1_S2,1,1,0,1,1,1,1,1,6,multiple
S1-321305290,S3-237846996,S1_S3,0,1,0,1,1,1,1,1,5,multiple
S1-321305290,S3-510883848,S1_S3,0,1,0,1,1,1,1,1,5,multiple
S1-322623406,S2-428491559,S1_S2,0,0,0,0,1,1,1,1,3,multiple
S1-322623406,S3-184655341,S1_S3,1,0,0,1,1,1,1,1,5,multiple
S1-322623406,S3-35038634,S1_S3,1,0,0,1,1,1,1,1,5,multiple
S1-322623406,S3-736818094,S1_S3,1,0,0,1,1,1,1,1,5,multiple
S1-322623406,S3-803236162,S1_S3,1,0,0,1,1,1,1,1,5,multiple
S1-322705792,S2-138770999,S1_S2,0,1,0,1,1,1,1,1,5,multiple
S1-322705792,S2-650841151,S1_S2,0,1,0,1,1,1,1,1,5,multiple
S1-322705792,S3-572246075,S1_S3,0,1,0,1,1,1,1,1,5,multiple
S1-323705069,S2-470367092,S1_S2,0,1,0,1,1,1,1,1,5,multiple
S1-323705069,S2-888429566,S1_S2,0,1,0,1,1,1,1,1,5,multiple
S1-323765173,S2-782009504,S1_S2,0,0,0,0,1,1,1,1,3,multiple
S1-323765173,S3-52487835,S1_S3,0,0,0,1,1,1,1,1,4,multiple
S1-323765173,S3-928133057,S1_S3,0,0,0,0,0,1,1,1,2,multiple
S1-324273636,S2-580620071,S1_S2,0,1,0,1,1,1,1,1,5,multiple
S1-324273636,S2-810470854,S1_S2,1,1,0,1,1,1,1,1,6,multiple
S1-324273636,S2-84882735,S1_S2,0,1,0,1,1,1,1,1,5,multiple
S1-324273636,S2-905044131,S1_S2,0,1,0,1,1,0,0,1,3,multiple
S1-324273636,S3-574430258,S1_S3,0,1,0,1,1,0,0,1,3,multiple
S1-324273636,S3-60146402,S1_S3,1,1,0,1,1,0,0,1,4,multiple
S1-324621770,S2-561934670,S1_S2,0,1,0,1,1,1,1,1,5,multiple
S1-324621770,S2-74732705,S1_S2,0,1,0,1,1,1,1,1,5,multiple
S1-324621770,S3-103234040,S1_S3,0,1,0,1,1,1,1,1,5,multiple
S1-324621770,S3-140919857,S1_S3,1,1,0,1,1,1,1,1,6,multiple
S1-324756907,S2-383063268,S1_S2,1,1,0,1,1,1,1,1,6,multiple
S1-324756907,S2-476151219,S1_S2,0,1,0,1,1,1,1,1,5,multiple
S1-324756907,S2-578911898,S1_S2,0,1,0,1,1,1,1,1,5,multiple
S1-324756907,S2-902352814,S1_S2,0,0,0,0,0,1,1,1,2,multiple
S1-324756907,S3-322331460,S1_S3,0,1,0,1,1,1,1,1,5,multiple
S1-324756907,S3-362460779,S1_S3,0,1,0,1,1,1,1,1,5,multiple
S1-324756907,S3-44447062,S1_S3,1,1,0,1,1,1,1,1,6,multiple
S1-324756907,S3-576424741,S1_S3,0,1,0,1,1,1,1,1,5,multiple
S1-325088556,S2-598298766,S1_S2,0,0,0,1,1,1,1,1,4,multiple
S1-325088556,S2-972406876,S1_S2,0,0,0,1,1,1,1,1,4,multiple
S1-325876654,S2-224142666,S1_S2,0,1,0,1,1,1,1,1,5,multiple
S1-325876654,S2-407004788,S1_S2,0,1,0,1,1,1,1,1,5,multiple
S1-325876654,S2-677474724,S1_S2,0,1,0,1,1,0,0,1,3,multiple
S1-325876654,S3-297592497,S1_S3,0,1,0,1,1,1,1,1,5,multiple
S1-325876654,S3-462158069,S1_S3,1,1,0,1,1,1,1,1,6,multiple
S1-325876654,S3-945881821,S1_S3,0,1,0,1,1,1,1,1,5,multiple
S1-326016610,S2-330575206,S1_S2,0,0,0,0,0,1,1,1,2,multiple
S1-326016610,S2-548306389,S1_S2,0,1,0,1,1,1,1,1,5,multiple
S1-326016610,S2-57036004,S1_S2,0,1,0,1,1,0,1,1,4,multiple
S1-326016610,S2-810761442,S1_S2,1,1,0,1,1,1,1,1,6,multiple
S1-326016610,S3-620221156,S1_S3,0,1,0,1,1,1,1,1,5,multiple
S1-326214236,S2-27044795,S1_S2,1,0,0,1,1,1,1,1,5,multiple
S1-326214236,S3-196266972,S1_S3,0,0,0,1,1,1,1,1,4,multiple
S1-326214236,S3-219641056,S1_S3,1,0,0,1,1,1,1,1,5,multiple
S1-326214236,S3-619978950,S1_S3,0,0,0,1,1,1,1,1,4,multiple
S1-326214236,S3-796161552,S1_S3,0,0,0,1,1,1,1,1,4,multiple
S1-32740699,S2-382100157,S1_S2,0,1,1,1,1,1,1,1,6,multiple
S1-32740699,S3-815148851,S1_S3,0,1,1,1,1,1,1,1,6,multiple
S1-327640288,S2-206440337,S1_S2,0,1,0,1,1,1,1,1,5,multiple
S1-327640288,S2-316872878,S1_S2,0,1,0,1,1,1,1,1,5,multiple
S1-327640288,S3-236307005,S1_S3,0,1,0,1,1,1,1,1,5,multiple
S1-327640288,S3-309555856,S1_S3,0,1,0,1,1,1,1,1,5,multiple
S1-327640288,S3-868445292,S1_S3,0,1,0,1,1,1,1,1,5,multiple
S1-327675280,S2-419934768,S1_S2,0,1,0,1,1,1,1,1,5,multiple
S1-327675280,S3-585790629,S1_S3,1,1,0,1,1,1,1,1,6,multiple
S1-32782294,S2-193282544,S1_S2,0,0,0,1,1,1,1,1,4,multiple
S1-32782294,S2-617617236,S1_S2,0,0,0,0,1,1,1,1,3,multiple
S1-32782294,S2-788334332,S1_S2,0,0,0,0,0,1,1,1,2,multiple
S1-32782294,S2-830999480,S1_S2,0,0,0,0,0,1,1,1,2,multiple
S1-32782294,S3-386606214,S1_S3,0,0,0,1,1,1,1,1,4,multiple
S1-32782294,S3-831822466,S1_S3,0,0,0,0,0,1,1,1,2,multiple
S1-328937297,S2-458368962,S1_S2,0,1,0,1,1,1,1,1,5,multiple
S1-328937297,S2-943326814,S1_S2,0,1,0,1,1,1,1,1,5,multiple
S1-328937297,S3-351967191,S1_S3,0,1,0,1,1,1,1,1,5,multiple
S1-328937297,S3-705666117,S1_S3,0,0,0,1,1,1,1,1,4,multiple
S1-328937297,S3-824091821,S1_S3,0,1,0,1,1,1,1,1,5,multiple
S1-328976837,S2-560168367,S1_S2,0,1,0,1,1,1,1,1,5,multiple
S1-328976837,S3-206557280,S1_S3,0,1,0,1,1,1,1,1,5,multiple
S1-328976837,S3-382331767,S1_S3,0,1,0,1,1,1,1,1,5,multiple
S1-328976837,S3-924872402,S1_S3,0,1,0,1,1,1,1,1,5,multiple
S1-329980864,S2-148077189,S1_S2,1,1,0,1,1,1,1,1,6,multiple
S1-329980864,S3-464708897,S1_S3,0,1,0,1,1,1,1,1,5,multiple
S1-329980864,S3-801741102,S1_S3,0,1,0,1,1,1,1,1,5,multiple
S1-329980864,S3-920108077,S1_S3,0,1,0,1,1,1,1,1,5,multiple
S1-330612884,S2-746627891,S1_S2,1,1,0,1,1,1,1,1,6,multiple
S1-330612884,S3-118776482,S1_S3,0,1,0,1,1,1,1,1,5,multiple
S1-330612884,S3-712324275,S1_S3,0,1,0,1,1,1,1,1,5,multiple
S1-330612884,S3-91626218,S1_S3,0,1,0,1,1,1,1,1,5,multiple
S1-331491645,S2-625485313,S1_S2,1,1,0,1,1,1,1,1,6,multiple
S1-331491645,S3-167754212,S1_S3,0,1,0,1,1,1,1,1,5,multiple
S1-331491645,S3-418590702,S1_S3,0,1,0,1,1,1,1,1,5,multiple
S1-331617267,S2-805143436,S1_S2,1,1,0,1,1,0,0,1,4,multiple
S1-331617267,S3-719772681,S1_S3,1,1,0,1,1,1,1,1,6,multiple
S1-331617267,S3-817932179,S1_S3,1,1,0,1,1,1,1,1,6,multiple
S1-332192776,S2-523432732,S1_S2,1,1,0,1,1,1,1,1,6,multiple
S1-332192776,S2-806548590,S1_S2,0,0,0,1,1,1,1,1,4,multiple
S1-332192776,S2-819341354,S1_S2,0,1,0,1,1,1,1,1,5,multiple
S1-332192776,S3-283762087,S1_S3,0,1,0,1,1,1,1,1,5,multiple
S1-332192776,S3-376744734,S1_S3,0,0,0,1,1,1,1,1,4,multiple
S1-332405935,S2-195067615,S1_S2,0,1,0,1,1,1,1,1,5,multiple
S1-332405935,S2-434911191,S1_S2,0,1,0,1,1,1,1,1,5,multiple
S1-332405935,S3-163479823,S1_S3,0,1,0,1,1,1,1,1,5,multiple
S1-332405935,S3-957466959,S1_S3,0,1,0,1,1,1,1,1,5,multiple
S1-332812589,S2-50946121,S1_S2,0,0,0,1,1,1,1,1,4,multiple
S1-332812589,S2-537179721,S1_S2,0,0,0,1,1,1,1,1,4,multiple
S1-332812589,S2-556859499,S1_S2,0,0,0,1,1,1,1,1,4,multiple
S1-333718976,S2-290092715,S1_S2,0,0,0,1,1,1,1,1,4,multiple
S1-333718976,S2-403210835,S1_S2,0,1,0,1,1,1,1,1,5,multiple
S1-333718976,S2-603648627,S1_S2,0,0,0,1,1,1,1,1,4,multiple
S1-333718976,S2-846441341,S1_S2,0,0,0,1,1,1,1,1,4,multiple
S1-333718976,S3-571266636,S1_S3,0,1,0,1,1,1,1,1,5,multiple
S1-334949414,S3-500994613,S1_S3,1,1,1,1,1,1,1,1,7,multiple
S1-334949414,S3-667257634,S1_S3,0,1,1,1,1,1,1,1,6,multiple
S1-335092720,S2-956966370,S1_S2,1,1,0,1,1,0,0,1,4,multiple
S1-335092720,S3-238098073,S1_S3,0,1,0,1,1,1,1,1,5,multiple
S1-335092720,S3-552688470,S1_S3,0,1,0,1,1,1,1,1,5,multiple
S1-335092720,S3-583047506,S1_S3,0,1,0,1,1,1,1,1,5,multiple
S1-335092720,S3-694222141,S1_S3,0,1,0,1,1,1,1,1,5,multiple
S1-335092720,S3-867618871,S1_S3,0,0,0,1,1,1,1,1,4,multiple
S1-335615568,S2-396993365,S1_S2,0,1,0,1,1,1,1,1,5,multiple
S1-335615568,S2-941921609,S1_S2,0,0,0,1,1,1,1,1,4,multiple
S1-335986212,S2-182295724,S1_S2,0,0,0,1,1,1,1,1,4,multiple
S1-335986212,S2-760478472,S1_S2,0,0,0,1,1,1,1,1,4,multiple
S1-335986212,S3-463193002,S1_S3,0,0,0,1,1,1,1,1,4,multiple
S1-335986212,S3-488260267,S1_S3,0,0,0,1,1,1,1,1,4,multiple
S1-336420604,S2-451770493,S1_S2,1,0,0,1,1,1,1,1,5,multiple
S1-336420604,S3-228481176,S1_S3,0,0,0,0,0,1,1,1,2,multiple
S1-336420604,S3-699716169,S1_S3,0,0,0,0,0,1,1,1,2,multiple
S1-336905607,S2-161887303,S1_S2,0,0,0,1,1,1,1,1,4,multiple
S1-336905607,S2-422767251,S1_S2,1,0,0,1,1,1,1,1,5,multiple
S1-336905607,S2-869543126,S1_S2,0,0,0,1,1,1,1,1,4,multiple
S1-336905607,S3-319498555,S1_S3,0,0,0,0,0,1,1,1,2,multiple
S1-336905607,S3-505932639,S1_S3,0,0,0,0,0,1,1,1,2,multiple
S1-336905607,S3-864309548,S1_S3,0,0,0,1,1,1,1,1,4,multiple
S1-337953289,S2-224243203,S1_S2,0,0,1,0,1,1,1,1,4,multiple
S1-337953289,S2-306941853,S1_S2,0,0,0,0,1,1,1,1,3,multiple
S1-337953289,S2-36313869,S1_S2,0,0,1,1,1,1,1,1,5,multiple
S1-337953289,S2-699017530,S1_S2,0,0,1,0,0,1,1,1,3,multiple
S1-337953289,S3-251760906,S1_S3,1,0,0,1,1,1,1,1,5,multiple
S1-33810316,S2-245860014,S1_S2,0,1,0,1,1,1,1,1,5,multiple
S1-33810316,S2-837580181,S1_S2,0,1,0,1,1,1,1,1,5,multiple
S1-33810316,S2-944846964,S1_S2,1,1,0,1,1,1,1,1,6,multiple
S1-33810316,S3-249033553,S1_S3,0,1,0,1,1,1,1,1,5,multiple
S1-33810316,S3-421787701,S1_S3,0,0,0,1,1,1,1,1,4,multiple
S1-33810316,S3-435310073,S1_S3,0,1,0,1,1,1,1,1,5,multiple
S1-33810316,S3-976439924,S1_S3,0,1,0,1,1,1,1,1,5,multiple
S1-338500679,S2-869014872,S1_S2,0,1,0,1,1,1,1,1,5,multiple
S1-338500679,S3-191005998,S1_S3,1,1,0,1,1,1,1,1,6,multiple
S1-338500679,S3-250947215,S1_S3,0,1,0,1,1,1,1,1,5,multiple
S1-338500679,S3-544702788,S1_S3,0,1,0,1,1,1,1,1,5,multiple
S1-338500679,S3-802286006,S1_S3,0,1,0,1,1,1,1,1,5,multiple
S1-338500679,S3-897989933,S1_S3,0,0,0,1,1,1,1,1,4,multiple
S1-338764437,S2-614514043,S1_S2,0,1,0,1,1,1,1,1,5,multiple
S1-338764437,S3-645975713,S1_S3,0,1,0,1,1,1,1,1,5,multiple
S1-338764437,S3-972651554,S1_S3,0,1,0,1,1,1,1,1,5,multiple
S1-339157393,S2-913988408,S1_S2,1,0,0,1,1,1,1,1,5,multiple
S1-339157393,S3-811239235,S1_S3,0,0,0,1,1,1,1,1,4,multiple
S1-339801017,S2-225562910,S1_S2,1,0,0,1,1,1,1,1,5,multiple
S1-339801017,S2-388307094,S1_S2,0,0,0,1,1,1,1,1,4,multiple
S1-339801017,S2-938044790,S1_S2,1,0,0,1,1,1,1,1,5,multiple
S1-339801017,S3-735998183,S1_S3,0,0,0,1,1,1,1,1,4,multiple
S1-339801017,S3-961531918,S1_S3,0,0,0,1,1,1,1,1,4,multiple
S1-340786495,S2-40228813,S1_S2,0,0,0,0,0,1,1,1,2,multiple
S1-340786495,S3-138109989,S1_S3,0,0,0,0,0,1,1,1,2,multiple
S1-340786495,S3-406201627,S1_S3,1,0,0,1,1,1,1,1,5,multiple
S1-340786495,S3-466537106,S1_S3,0,0,0,1,1,1,1,1,4,multiple
S1-340833415,S2-162618132,S1_S2,0,1,0,1,1,1,1,1,5,multiple
S1-340833415,S2-592504747,S1_S2,1,1,0,1,1,1,1,1,6,multiple
S1-340833415,S2-997916221,S1_S2,1,1,0,1,1,1,1,1,6,multiple
S1-340833415,S3-308075299,S1_S3,0,1,0,1,1,0,0,1,3,multiple
S1-342532971,S2-183931961,S1_S2,0,0,0,1,1,1,1,1,4,multiple
S1-342532971,S2-894380707,S1_S2,0,0,0,1,1,1,1,1,4,multiple
S1-342532971,S2-919977428,S1_S2,0,0,0,1,1,1,1,1,4,multiple
S1-342532971,S3-84171711,S1_S3,0,0,0,1,1,1,1,1,4,multiple
S1-342899379,S2-453985802,S1_S2,0,1,0,1,1,1,1,1,5,multiple
S1-342899379,S2-896117675,S1_S2,0,1,0,1,1,1,1,1,5,multiple
S1-342899379,S2-979314094,S1_S2,0,1,0,1,1,1,1,1,5,multiple
S1-342899379,S3-409831287,S1_S3,0,1,0,1,1,1,1,1,5,multiple
S1-342899379,S3-635520831,S1_S3,0,1,0,1,1,1,1,1,5,multiple
S1-342899379,S3-946102053,S1_S3,0,1,0,1,1,1,1,1,5,multiple
S1-343024623,S2-59222859,S1_S2,1,1,0,1,1,1,1,1,6,multiple
S1-343024623,S3-188867304,S1_S3,0,1,0,1,1,1,1,1,5,multiple
S1-343024623,S3-771886249,S1_S3,0,0,0,0,0,1,1,1,2,multiple
S1-343774597,S2-352199208,S1_S2,0,0,0,1,1,0,0,1,2,multiple
S1-343774597,S3-310860100,S1_S3,0,0,0,1,1,1,1,1,4,multiple
S1-343774597,S3-379442011,S1_S3,0,0,0,1,1,1,1,1,4,multiple
S1-343774597,S3-682555909,S1_S3,0,0,0,1,1,1,1,1,4,multiple
S1-343774597,S3-685090240,S1_S3,1,0,0,1,1,0,0,1,3,multiple
S1-343774719,S2-408755472,S1_S2,0,0,0,1,1,1,1,1,4,multiple
S1-343774719,S2-546611351,S1_S2,1,0,0,1,1,1,1,1,5,multiple
S1-343774719,S3-180474611,S1_S3,1,0,0,1,1,1,1,1,5,multiple
S1-343774719,S3-283315993,S1_S3,0,0,0,1,1,1,1,1,4,multiple
S1-343774719,S3-567980982,S1_S3,1,0,0,1,1,1,1,1,5,multiple
S1-343984595,S2-204519932,S1_S2,0,0,0,0,0,1,1,1,2,multiple
S1-343984595,S3-953842440,S1_S3,0,0,0,1,1,1,1,1,4,multiple
S1-345246505,S2-552123651,S1_S2,0,0,0,1,1,1,1,1,4,multiple
S1-345246505,S3-714390887,S1_S3,0,0,0,1,1,1,1,1,4,multiple
S1-347696801,S2-200466924,S1_S2,0,0,0,1,1,1,1,1,4,multiple
S1-347696801,S3-216231558,S1_S3,0,0,0,1,1,1,1,1,4,multiple
S1-347696801,S3-537656763,S1_S3,1,0,0,1,1,1,1,1,5,multiple
S1-347819143,S2-218164060,S1_S2,1,0,0,1,1,1,1,1,5,multiple
S1-347819143,S2-271272922,S1_S2,0,0,0,0,0,1,1,1,2,multiple
S1-347819143,S3-26227545,S1_S3,1,0,0,1,1,1,1,1,5,multiple
S1-347819143,S3-394549753,S1_S3,0,0,0,0,0,1,1,1,2,multiple
S1-348502653,S2-308275011,S1_S2,0,1,0,1,1,1,1,1,5,multiple
S1-348502653,S2-563002579,S1_S2,0,0,0,1,1,1,1,1,4,multiple
S1-348502653,S3-110761849,S1_S3,0,0,0,1,1,1,1,1,4,multiple
S1-348714957,S2-107325995,S1_S2,0,0,0,1,1,1,1,1,4,multiple
S1-348714957,S2-467410930,S1_S2,0,1,0,1,1,1,1,1,5,multiple
S1-348714957,S2-551083610,S1_S2,0,1,0,1,1,1,1,1,5,multiple
S1-348714957,S2-846718968,S1_S2,0,0,0,1,1,1,1,1,4,multiple
S1-348714957,S3-541864091,S1_S3,0,1,0,1,1,1,1,1,5,multiple
S1-34937974,S2-173234975,S1_S2,1,1,1,1,1,1,1,1,7,multiple
S1-34937974,S2-298382701,S1_S2,0,1,1,1,1,1,1,1,6,multiple
S1-34937974,S2-404562921,S1_S2,0,1,1,1,1,1,1,1,6,multiple
S1-34937974,S3-567580151,S1_S3,1,1,1,1,1,1,1,1,7,multiple
S1-349875143,S2-217044392,S1_S2,0,0,0,1,1,1,1,1,4,multiple
S1-349875143,S2-531254972,S1_S2,0,0,0,1,1,1,1,1,4,multiple
S1-349875143,S2-661230677,S1_S2,0,1,0,1,1,1,1,1,5,multiple
S1-349875143,S3-22407604,S1_S3,0,1,0,1,1,1,1,1,5,multiple
S1-349875143,S3-782383434,S1_S3,0,0,0,1,1,1,1,1,4,multiple
S1-349875143,S3-909698893,S1_S3,1,1,0,1,1,1,1,1,6,multiple
S1-349875143,S3-978002523,S1_S3,1,1,0,1,1,0,0,1,4,multiple
S1-350936716,S2-217860599,S1_S2,0,1,0,1,1,1,1,1,5,multiple
S1-350936716,S3-394547233,S1_S3,0,1,0,1,1,1,1,1,5,multiple
S1-350936716,S3-724778033,S1_S3,0,1,0,1,1,1,1,1,5,multiple
S1-352526817,S2-338310768,S1_S2,0,0,0,1,1,1,1,1,4,multiple
S1-352526817,S2-546962584,S1_S2,1,1,0,1,1,1,1,1,6,multiple
S1-352526817,S2-553109975,S1_S2,0,1,0,1,1,1,1,1,5,multiple
S1-352526817,S2-914916556,S1_S2,0,1,0,1,1,1,1,1,5,multiple
S1-352526817,S3-248652170,S1_S3,0,1,0,1,1,1,1,1,5,multiple
S1-352526817,S3-390962677,S1_S3,0,1,0,1,1,1,1,1,5,multiple
S1-352526817,S3-620405962,S1_S3,0,1,0,1,1,1,1,1,5,multiple
S1-352876013,S2-183550161,S1_S2,0,1,0,1,1,1,1,1,5,multiple
S1-352876013,S2-274858207,S1_S2,1,1,0,1,1,1,1,1,6,multiple
S1-352876013,S2-886038573,S1_S2,0,1,0,1,1,1,1,1,5,multiple
S1-352876013,S3-137242105,S1_S3,0,1,0,1,1,1,1,1,5,multiple
S1-353321423,S2-348813240,S1_S2,0,1,0,1,1,1,1,1,5,multiple
S1-353321423,S2-549133349,S1_S2,0,1,0,1,1,1,1,1,5,multiple
S1-353321423,S3-605549764,S1_S3,0,1,0,1,1,1,1,1,5,multiple
S1-353321423,S3-863574937,S1_S3,0,1,0,1,1,1,1,1,5,multiple
S1-354281054,S2-499705520,S1_S2,0,1,1,1,1,1,1,1,6,multiple
S1-354281054,S2-556940964,S1_S2,0,0,1,1,1,1,1,1,5,multiple
S1-354281054,S3-18773330,S1_S3,0,0,1,0,0,1,1,1,3,multiple
S1-354411427,S2-62975730,S1_S2,0,1,0,1,1,1,1,1,5,multiple
S1-354411427,S3-655349290,S1_S3,0,1,0,1,1,1,1,1,5,multiple
S1-354411427,S3-745137815,S1_S3,0,1,0,1,1,1,1,1,5,multiple
S1-354567583,S2-434762748,S1_S2,0,0,0,1,1,1,1,1,4,multiple
S1-354567583,S2-943910515,S1_S2,0,0,0,0,0,1,1,1,2,multiple
S1-354567583,S3-508509470,S1_S3,1,0,0,1,1,1,1,1,5,multiple
S1-354574192,S2-499725561,S1_S2,0,1,0,1,1,1,1,1,5,multiple
S1-354574192,S2-53580802,S1_S2,0,0,0,1,1,1,1,1,4,multiple
S1-354574192,S3-104712760,S1_S3,0,1,0,1,1,0,0,1,3,multiple
S1-354574192,S3-379702226,S1_S3,0,1,0,1,1,1,1,1,5,multiple
S1-354574192,S3-840971051,S1_S3,0,0,0,0,0,1,1,1,2,multiple
S1-355379724,S2-502218083,S1_S2,0,0,1,0,1,1,1,1,4,multiple
S1-355379724,S2-897394370,S1_S2,1,1,1,1,1,1,1,1,7,multiple
S1-355379724,S2-969015830,S1_S2,0,0,1,1,1,1,1,1,5,multiple
S1-355379724,S3-592087140,S1_S3,1,1,1,1,1,1,1,1,7,multiple
S1-355379724,S3-769369302,S1_S3,0,1,0,1,1,0,0,1,3,multiple
S1-355379724,S3-997929015,S1_S3,1,1,1,1,1,1,1,1,7,multiple
S1-356055705,S3-115752108,S1_S3,1,1,0,1,1,1,1,1,6,multiple
S1-356055705,S3-950890305,S1_S3,0,1,0,1,1,1,1,1,5,multiple
S1-356099874,S2-486998231,S1_S2,0,0,0,1,1,1,1,1,4,multiple
S1-356192136,S2-65233105,S1_S2,1,1,0,1,1,1,1,1,6,multiple
S1-356192136,S3-748316859,S1_S3,0,1,0,1,1,1,1,1,5,multiple
S1-356192136,S3-839258329,S1_S3,0,0,0,1,1,1,1,1,4,multiple
S1-357893301,S2-118432028,S1_S2,0,1,0,1,1,1,1,1,5,multiple
S1-357893301,S2-912056341,S1_S2,0,1,0,1,1,1,1,1,5,multiple
S1-357893301,S3-427759229,S1_S3,0,1,0,1,1,1,1,1,5,multiple
S1-357893301,S3-583839617,S1_S3,0,1,0,1,1,1,1,1,5,multiple
S1-35795684,S2-142267829,S1_S2,0,1,0,1,1,1,1,1,5,multiple
S1-35795684,S3-512618849,S1_S3,0,1,0,1,1,1,1,1,5,multiple
S1-35795684,S3-730267812,S1_S3,0,1,0,1,1,1,1,1,5,multiple
S1-357966810,S2-824131792,S1_S2,0,1,0,1,1,1,1,1,5,multiple
S1-357966810,S3-409176985,S1_S3,0,1,0,1,1,1,1,1,5,multiple
S1-357966810,S3-55893315,S1_S3,1,1,0,1,1,0,1,1,5,multiple
S1-357966810,S3-991309650,S1_S3,0,1,0,1,1,1,1,1,5,multiple
S1-359445319,S2-330432561,S1_S2,0,0,1,1,1,1,1,1,5,multiple
S1-359445319,S2-483885161,S1_S2,0,0,1,1,1,1,1,1,5,multiple
S1-359445319,S2-985363864,S1_S2,0,0,1,1,1,1,1,1,5,multiple
S1-359445319,S3-112859603,S1_S3,0,0,1,1,1,1,1,1,5,multiple
S1-359445319,S3-307459491,S1_S3,1,0,1,1,1,1,1,1,6,multiple
S1-359445319,S3-985018536,S1_S3,0,0,1,0,0,1,1,1,3,multiple
S1-359469082,S2-645259739,S1_S2,0,0,0,1,1,1,1,1,4,multiple
S1-359469082,S2-885094554,S1_S2,0,0,0,0,0,1,1,1,2,multiple
S1-359469082,S3-324713180,S1_S3,0,0,0,1,1,1,1,1,4,multiple
S1-359469082,S3-934989834,S1_S3,0,0,0,0,0,1,1,1,2,multiple
S1-359573122,S2-211395761,S1_S2,0,0,0,0,1,1,1,1,3,multiple
S1-359573122,S2-503660784,S1_S2,1,0,0,1,1,1,1,1,5,multiple
S1-359573122,S2-589063485,S1_S2,0,0,0,1,1,1,1,1,4,multiple
S1-359573122,S3-425876939,S1_S3,0,0,0,1,1,1,1,1,4,multiple
S1-359573122,S3-557092319,S1_S3,0,0,0,1,1,1,1,1,4,multiple
S1-359573122,S3-975930856,S1_S3,0,0,0,1,1,1,1,1,4,multiple
S1-361187992,S2-3530154,S1_S2,0,0,0,0,0,1,1,1,2,multiple
S1-361187992,S2-744430972,S1_S2,0,0,0,1,1,1,1,1,4,multiple
S1-361187992,S3-113254587,S1_S3,0,0,0,0,0,1,1,1,2,multiple
S1-361187992,S3-42053238,S1_S3,0,0,0,0,0,1,1,1,2,multiple
S1-361187992,S3-578490618,S1_S3,0,0,0,0,0,1,1,1,2,multiple
S1-361187992,S3-591008899,S1_S3,1,0,0,1,1,1,1,1,5,multiple
S1-361284113,S2-549260874,S1_S2,0,1,0,1,1,1,1,1,5,multiple
S1-361284113,S2-640643321,S1_S2,0,0,0,1,1,1,1,1,4,multiple
S1-361284113,S2-789068791,S1_S2,0,1,0,1,1,1,1,1,5,multiple
S1-361284113,S2-89230522,S1_S2,0,1,0,1,1,1,1,1,5,multiple
S1-361284113,S3-761912899,S1_S3,0,1,0,1,1,1,1,1,5,multiple
S1-361723357,S2-192508521,S1_S2,0,1,0,1,1,1,1,1,5,multiple
S1-361723357,S2-586865923,S1_S2,0,0,0,0,0,1,1,1,2,multiple
S1-361723357,S3-455100479,S1_S3,1,1,0,1,1,0,1,1,5,multiple
S1-361814974,S2-273872150,S1_S2,0,0,0,0,0,1,1,1,2,multiple
S1-361814974,S2-413524739,S1_S2,0,0,0,1,1,1,1,1,4,multiple
S1-361814974,S2-726729372,S1_S2,0,0,0,0,0,1,1,1,2,multiple
S1-361814974,S3-308343152,S1_S3,0,0,0,1,1,0,0,1,2,multiple
S1-361814974,S3-597836001,S1_S3,0,0,0,1,1,1,1,1,4,multiple
S1-362979216,S2-172967444,S1_S2,1,1,0,1,1,1,1,1,6,multiple
S1-362979216,S3-838492858,S1_S3,1,1,0,1,1,1,1,1,6,multiple
S1-364268154,S2-309741049,S1_S2,0,1,0,1,1,1,1,1,5,multiple
S1-364268154,S2-425872103,S1_S2,0,1,0,1,1,1,1,1,5,multiple
S1-364268154,S2-609083020,S1_S2,0,1,0,1,1,1,1,1,5,multiple
S1-364268154,S2-867568833,S1_S2,0,1,0,1,1,0,0,1,3,multiple
S1-364268154,S3-416469348,S1_S3,0,1,0,1,1,1,1,1,5,multiple
S1-364268154,S3-468929874,S1_S3,0,1,0,1,1,1,1,1,5,multiple
S1-364268154,S3-784342420,S1_S3,0,1,0,1,1,0,0,1,3,multiple
S1-364714531,S2-399338190,S1_S2,0,0,0,1,1,1,1,1,4,multiple
S1-364714531,S2-601659750,S1_S2,1,0,0,1,1,1,1,1,5,multiple
S1-364714531,S2-629015344,S1_S2,0,0,0,1,1,1,1,1,4,multiple
S1-364714531,S3-665861468,S1_S3,1,0,0,1,1,1,1,1,5,multiple
S1-364941060,S3-615103932,S1_S3,0,1,0,1,1,1,1,1,5,multiple
S1-366275987,S2-533417534,S1_S2,0,0,0,1,1,1,1,1,4,multiple
S1-366275987,S2-956447557,S1_S2,0,0,0,1,1,1,1,1,4,multiple
S1-366275987,S2-967221410,S1_S2,0,0,0,1,1,1,1,1,4,multiple
S1-366275987,S3-767745944,S1_S3,0,0,0,0,1,1,1,1,3,multiple
S1-366275987,S3-850314702,S1_S3,0,0,0,1,1,1,1,1,4,multiple
S1-366275987,S3-986900254,S1_S3,0,0,0,0,0,1,1,1,2,multiple
S1-366884232,S2-58476891,S1_S2,0,1,0,1,1,1,1,1,5,multiple
S1-366884232,S2-628581743,S1_S2,0,0,0,0,0,1,1,1,2,multiple
S1-366884232,S3-183104388,S1_S3,1,1,0,1,1,1,1,1,6,multiple
S1-366884232,S3-310789910,S1_S3,0,1,0,1,1,1,1,1,5,multiple
S1-366884232,S3-699784679,S1_S3,0,1,0,1,1,1,1,1,5,multiple
S1-366884232,S3-999563325,S1_S3,1,1,0,1,1,1,1,1,6,multiple
S1-367301521,S2-23398666,S1_S2,1,0,0,1,1,1,1,1,5,multiple
S1-367301521,S3-229676137,S1_S3,0,0,0,1,1,0,0,1,2,multiple
S1-367301521,S3-767050937,S1_S3,0,0,0,1,1,1,1,1,4,multiple
S1-367301521,S3-782636546,S1_S3,0,0,0,1,1,0,0,1,2,multiple
S1-369106463,S2-937385327,S1_S2,1,1,0,1,1,1,1,1,6,multiple
S1-369106463,S3-105216399,S1_S3,0,1,0,1,1,1,1,1,5,multiple
S1-369106463,S3-520463877,S1_S3,0,1,0,1,1,0,1,1,4,multiple
S1-369106463,S3-579336394,S1_S3,0,1,0,1,1,1,1,1,5,multiple
S1-369106463,S3-668740481,S1_S3,0,1,0,1,1,1,1,1,5,multiple
S1-3691665,S2-142161799,S1_S2,0,0,0,1,1,1,1,1,4,multiple
S1-3691665,S2-282169597,S1_S2,0,0,0,1,1,1,1,1,4,multiple
S1-3691665,S2-371873758,S1_S2,0,0,0,1,1,1,1,1,4,multiple
S1-3691665,S2-72595037,S1_S2,0,0,0,1,1,1,1,1,4,multiple
S1-3691665,S3-167335103,S1_S3,0,0,0,1,1,1,1,1,4,multiple
S1-3691665,S3-494955050,S1_S3,0,0,0,1,1,1,1,1,4,multiple
S1-369657072,S3-170266432,S1_S3,1,1,0,1,1,1,1,1,6,multiple
S1-369657072,S3-199714059,S1_S3,0,1,1,1,1,1,1,1,6,multiple
S1-369810285,S2-121306245,S1_S2,0,0,0,0,0,1,1,1,2,multiple
S1-369810285,S2-61702405,S1_S2,0,0,0,0,0,1,1,1,2,multiple
S1-369810285,S3-16292973,S1_S3,0,0,0,0,0,1,1,1,2,multiple
S1-369810285,S3-879772732,S1_S3,0,0,0,1,1,1,1,1,4,multiple
S1-370147516,S2-182728307,S1_S2,1,1,1,1,1,1,1,1,7,multiple
S1-370147516,S3-49055230,S1_S3,0,1,1,1,1,1,1,1,6,multiple
S1-370147516,S3-977017470,S1_S3,0,1,1,1,1,1,1,1,6,multiple
S1-370450759,S2-331255284,S1_S2,0,0,0,1,1,1,1,1,4,multiple
S1-370450759,S3-153916739,S1_S3,0,0,0,1,1,1,1,1,4,multiple
S1-370450759,S3-176587001,S1_S3,0,0,0,1,1,1,1,1,4,multiple
S1-371699346,S2-681529847,S1_S2,1,0,0,1,1,1,1,1,5,multiple
S1-371699346,S3-995315858,S1_S3,0,0,0,1,1,1,1,1,4,multiple
S1-372386408,S2-417411596,S1_S2,0,0,0,1,1,1,1,1,4,multiple
S1-372386408,S3-454435509,S1_S3,1,1,0,1,1,1,1,1,6,multiple
S1-372386408,S3-896400321,S1_S3,1,1,0,1,1,1,1,1,6,multiple
S1-372546074,S2-467217126,S1_S2,0,1,1,1,1,1,1,1,6,multiple
S1-372546074,S2-582151141,S1_S2,0,0,1,1,1,1,1,1,5,multiple
S1-372546074,S3-241406924,S1_S3,1,1,1,1,1,1,1,1,7,multiple
S1-372546074,S3-25128363,S1_S3,0,1,1,1,1,1,1,1,6,multiple
S1-372546074,S3-461052848,S1_S3,1,1,1,1,1,1,1,1,7,multiple
S1-372960751,S2-519954644,S1_S2,1,1,0,1,1,1,1,1,6,multiple
S1-372960751,S2-771412162,S1_S2,0,1,0,1,1,1,1,1,5,multiple
S1-372960751,S2-873477596,S1_S2,0,0,0,1,1,1,1,1,4,multiple
S1-372960751,S3-103175213,S1_S3,0,1,0,1,1,1,1,1,5,multiple
S1-372960751,S3-56731198,S1_S3,0,0,0,1,1,1,1,1,4,multiple
S1-372960751,S3-57542798,S1_S3,0,1,0,1,1,1,1,1,5,multiple
S1-372960751,S3-676613165,S1_S3,0,1,0,1,1,1,1,1,5,multiple
S1-373319814,S3-346970467,S1_S3,0,0,0,1,1,1,1,1,4,multiple
S1-373319814,S3-415818120,S1_S3,0,1,0,1,1,1,1,1,5,multiple
S1-373319814,S3-906671850,S1_S3,0,1,0,1,1,0,0,1,3,multiple
S1-373542686,S2-707647954,S1_S2,0,0,0,0,1,1,1,1,3,multiple
S1-373542686,S2-969079624,S1_S2,0,0,0,0,1,0,0,1,1,name_tfidf_top50
S1-373542686,S3-164863593,S1_S3,1,0,0,1,1,1,1,1,5,multiple
S1-373542686,S3-261174818,S1_S3,0,0,0,0,0,1,1,1,2,multiple
S1-373542686,S3-58123014,S1_S3,0,0,0,1,1,1,1,1,4,multiple
S1-373727499,S2-694467284,S1_S2,0,1,0,1,1,1,1,1,5,multiple
S1-373727499,S3-802415129,S1_S3,0,1,0,1,1,1,1,1,5,multiple
S1-373727499,S3-925135695,S1_S3,0,1,0,1,1,1,1,1,5,multiple
S1-375098612,S2-706592957,S1_S2,0,0,1,0,0,1,1,1,3,multiple
S1-375098612,S3-27209450,S1_S3,0,0,1,1,1,1,1,1,5,multiple
S1-375098612,S3-53024642,S1_S3,1,0,1,1,1,1,1,1,6,multiple
S1-375689050,S2-109314973,S1_S2,0,0,0,1,1,1,1,1,4,multiple
S1-375689050,S2-886718239,S1_S2,0,0,0,1,1,1,1,1,4,multiple
S1-375689050,S3-719168609,S1_S3,0,0,0,1,1,1,1,1,4,multiple
S1-375689050,S3-77514235,S1_S3,0,0,0,1,1,1,1,1,4,multiple
S1-376444416,S2-523473002,S1_S2,0,1,0,1,1,1,1,1,5,multiple
S1-376444416,S2-553246813,S1_S2,1,1,0,1,1,1,1,1,6,multiple
S1-376444416,S3-690840843,S1_S3,0,1,0,1,1,1,1,1,5,multiple
S1-376698763,S2-374915442,S1_S2,0,1,0,1,1,1,1,1,5,multiple
S1-376698763,S2-799022722,S1_S2,0,1,0,1,1,1,1,1,5,multiple
S1-376698763,S2-968009053,S1_S2,0,1,0,1,1,1,1,1,5,multiple
S1-376698763,S3-270267708,S1_S3,0,1,0,1,1,1,1,1,5,multiple
S1-376836122,S2-738257173,S1_S2,0,0,0,0,0,1,1,1,2,multiple
S1-37689360,S2-390731716,S1_S2,1,1,0,1,1,1,1,1,6,multiple
S1-37689360,S2-507508786,S1_S2,1,1,0,1,1,0,0,1,4,multiple
S1-37689360,S2-692446513,S1_S2,0,1,0,1,1,1,1,1,5,multiple
S1-37689360,S2-937717591,S1_S2,0,1,0,1,1,1,1,1,5,multiple
S1-37689360,S3-510539325,S1_S3,0,1,0,1,1,1,1,1,5,multiple
S1-37689360,S3-81812417,S1_S3,0,1,0,1,1,1,1,1,5,multiple
S1-377281581,S2-10393867,S1_S2,0,1,0,1,1,1,1,1,5,multiple
S1-377281581,S2-707816808,S1_S2,0,0,0,0,0,1,1,1,2,multiple
S1-377281581,S3-546399501,S1_S3,0,1,0,1,1,1,1,1,5,multiple
S1-377281581,S3-741223263,S1_S3,0,0,0,1,1,1,1,1,4,multiple
S1-37750068,S2-694276367,S1_S2,0,1,0,1,1,1,1,1,5,multiple
S1-37750068,S2-725098909,S1_S2,1,1,0,1,1,1,1,1,6,multiple
S1-37750068,S3-115171655,S1_S3,0,0,0,1,1,1,1,1,4,multiple
S1-37750068,S3-540153028,S1_S3,1,1,0,1,1,1,1,1,6,multiple
S1-37750068,S3-705725801,S1_S3,0,0,0,1,1,1,1,1,4,multiple
S1-378655008,S2-126243435,S1_S2,0,0,0,1,1,1,1,1,4,multiple
S1-378655008,S2-303132707,S1_S2,0,0,0,0,1,1,1,1,3,multiple
S1-378655008,S2-646594361,S1_S2,0,0,0,0,0,1,1,1,2,multiple
S1-378655008,S3-526174381,S1_S3,0,0,0,1,1,1,1,1,4,multiple
S1-378889766,S2-760301414,S1_S2,0,1,0,1,1,1,1,1,5,multiple
S1-378889766,S3-161296039,S1_S3,1,1,0,1,1,1,1,1,6,multiple
S1-378889766,S3-268368788,S1_S3,0,0,0,0,0,1,1,1,2,multiple
S1-378889766,S3-489667908,S1_S3,0,1,0,1,1,1,1,1,5,multiple
S1-378889766,S3-611532821,S1_S3,0,1,0,1,1,1,1,1,5,multiple
S1-378889766,S3-787828894,S1_S3,0,1,0,1,1,1,1,1,5,multiple
S1-384364169,S2-629500526,S1_S2,0,0,0,1,1,1,1,1,4,multiple
S1-384364169,S2-881405686,S1_S2,0,0,0,1,1,1,1,1,4,multiple
S1-384364169,S2-888642675,S1_S2,0,0,0,1,1,1,1,1,4,multiple
S1-384364169,S3-772448246,S1_S3,0,0,0,1,1,1,1,1,4,multiple
S1-384720456,S2-663576026,S1_S2,0,1,0,1,1,1,1,1,5,multiple
S1-384720456,S3-333824003,S1_S3,0,0,0,1,1,1,1,1,4,multiple
S1-384720456,S3-339723286,S1_S3,0,0,0,1,1,1,1,1,4,multiple
S1-384720456,S3-342409967,S1_S3,0,0,0,1,1,1,1,1,4,multiple
S1-385272698,S2-84368219,S1_S2,0,1,0,1,1,1,1,1,5,multiple
S1-385272698,S2-856581421,S1_S2,1,1,0,1,1,1,1,1,6,multiple
S1-385272698,S3-508505548,S1_S3,0,1,0,1,1,1,1,1,5,multiple
S1-385592070,S2-127691674,S1_S2,0,0,0,0,1,1,1,1,3,multiple
S1-385592070,S2-158080636,S1_S2,0,1,0,1,1,1,1,1,5,multiple
S1-385592070,S2-682058485,S1_S2,0,0,0,0,0,1,1,1,2,multiple
S1-385592070,S2-820155187,S1_S2,0,0,0,1,1,1,1,1,4,multiple
S1-385592070,S3-843104549,S1_S3,0,1,0,1,1,1,1,1,5,multiple
S1-386098123,S2-134975803,S1_S2,0,1,0,1,1,1,1,1,5,multiple
S1-386098123,S2-183988976,S1_S2,0,1,0,1,1,1,1,1,5,multiple
S1-386098123,S2-31421363,S1_S2,0,1,0,1,1,1,1,1,5,multiple
S1-386098123,S2-38705068,S1_S2,0,1,0,1,1,1,1,1,5,multiple
S1-386098123,S3-462504581,S1_S3,0,1,0,1,1,1,1,1,5,multiple
S1-386098123,S3-540500882,S1_S3,0,1,0,1,1,1,1,1,5,multiple
S1-386098123,S3-711838503,S1_S3,1,1,0,1,1,1,1,1,6,multiple
S1-387080777,S2-142296117,S1_S2,0,0,0,0,0,1,1,1,2,multiple
S1-387080777,S2-254695527,S1_S2,0,0,0,0,1,1,1,1,3,multiple
S1-387080777,S2-322969116,S1_S2,0,0,0,1,1,1,1,1,4,multiple
S1-387080777,S2-462636112,S1_S2,0,0,0,0,0,1,1,1,2,multiple
S1-387080777,S2-633876943,S1_S2,1,0,0,1,1,1,1,1,5,multiple
S1-387080777,S3-841823992,S1_S3,0,0,0,0,0,1,1,1,2,multiple
S1-387710425,S2-548329346,S1_S2,1,1,0,1,1,1,1,1,6,multiple
S1-387710425,S2-780034457,S1_S2,1,1,0,1,1,1,1,1,6,multiple
S1-387710425,S3-707696005,S1_S3,0,1,0,1,1,1,1,1,5,multiple
S1-387710425,S3-855290970,S1_S3,0,1,0,1,1,1,1,1,5,multiple
S1-388155051,S2-284145440,S1_S2,0,1,0,1,1,1,1,1,5,multiple
S1-388155051,S2-319713609,S1_S2,0,1,0,1,1,1,1,1,5,multiple
S1-388155051,S2-915598373,S1_S2,0,1,0,1,1,1,1,1,5,multiple
S1-388155051,S3-730154716,S1_S3,1,1,1,1,1,1,1,1,7,multiple
S1-388155051,S3-986188664,S1_S3,0,1,0,1,1,1,1,1,5,multiple
S1-388155209,S2-350511549,S1_S2,0,0,0,1,1,1,1,1,4,multiple
S1-388155209,S3-491986166,S1_S3,0,1,0,1,1,1,1,1,5,multiple
S1-38821304,S2-355804903,S1_S2,0,0,0,1,1,1,1,1,4,multiple
S1-38821304,S2-992730209,S1_S2,0,1,0,1,1,1,1,1,5,multiple
S1-38821304,S3-814710228,S1_S3,0,0,0,1,1,1,1,1,4,multiple
S1-388503933,S2-940400467,S1_S2,0,0,0,0,0,1,1,1,2,multiple
S1-388503933,S3-283706997,S1_S3,0,0,0,1,1,1,1,1,4,multiple
S1-388503933,S3-358836231,S1_S3,0,0,0,0,0,1,1,1,2,multiple
S1-389246292,S2-42048530,S1_S2,1,1,0,1,1,0,0,1,4,multiple
S1-389246292,S3-328430293,S1_S3,0,1,0,1,1,0,0,1,3,multiple
S1-389246292,S3-748451311,S1_S3,0,0,0,0,0,1,1,1,2,multiple
S1-389899618,S2-659099799,S1_S2,1,1,0,1,1,1,1,1,6,multiple
S1-389899618,S3-303366333,S1_S3,1,1,0,1,1,0,0,1,4,multiple
S1-389899618,S3-741424348,S1_S3,1,1,0,1,1,1,1,1,6,multiple
S1-389899618,S3-848655459,S1_S3,0,1,0,1,1,1,1,1,5,multiple
S1-390753171,S2-946513700,S1_S2,0,1,0,1,1,1,1,1,5,multiple
S1-390753171,S3-233467609,S1_S3,0,0,0,1,1,1,1,1,4,multiple
S1-390753171,S3-25971017,S1_S3,0,1,0,1,1,0,1,1,4,multiple
S1-390753171,S3-878577119,S1_S3,1,1,0,1,1,1,1,1,6,multiple
S1-392214139,S2-421521544,S1_S2,0,0,0,1,1,1,1,1,4,multiple
S1-392214139,S2-90508167,S1_S2,0,0,0,1,1,1,1,1,4,multiple
S1-392214139,S3-694887844,S1_S3,0,0,0,1,1,1,1,1,4,multiple
S1-392229500,S3-589018724,S1_S3,0,1,0,1,1,1,1,1,5,multiple
S1-392339766,S2-186431705,S1_S2,0,1,0,1,1,1,1,1,5,multiple
S1-392339766,S3-230513929,S1_S3,0,1,0,1,1,1,1,1,5,multiple
S1-392502299,S2-166671103,S1_S2,0,0,0,1,1,1,1,1,4,multiple
S1-392502299,S2-504370028,S1_S2,0,0,0,1,1,1,1,1,4,multiple
S1-392502299,S3-292107036,S1_S3,0,0,0,1,1,0,0,1,2,multiple
S1-392876923,S2-273121800,S1_S2,1,0,0,1,1,1,1,1,5,multiple
S1-392876923,S2-609657002,S1_S2,0,0,0,1,1,1,1,1,4,multiple
S1-392876923,S2-794650728,S1_S2,1,0,0,1,1,1,1,1,5,multiple
S1-392876923,S2-843337800,S1_S2,1,0,0,1,1,1,1,1,5,multiple
S1-392876923,S3-178348669,S1_S3,1,0,0,1,1,0,0,1,3,multiple
S1-393101398,S2-218017993,S1_S2,0,0,0,1,1,1,1,1,4,multiple
S1-393101398,S2-220501239,S1_S2,0,1,0,1,1,0,0,1,3,multiple
S1-393101398,S3-415560735,S1_S3,0,0,0,1,1,1,1,1,4,multiple
S1-393101398,S3-588572276,S1_S3,1,1,0,1,1,1,1,1,6,multiple
S1-393101398,S3-815000655,S1_S3,0,0,0,0,0,1,1,1,2,multiple
S1-394082583,S2-162441692,S1_S2,0,1,0,1,1,1,1,1,5,multiple
S1-394082583,S3-385051535,S1_S3,0,0,0,1,1,1,1,1,4,multiple
S1-394082583,S3-627179435,S1_S3,0,1,0,1,1,1,1,1,5,multiple
S1-394172017,S2-410072695,S1_S2,0,1,0,1,1,1,1,1,5,multiple
S1-394172017,S3-779213582,S1_S3,0,0,0,0,0,1,1,1,2,multiple
S1-394791405,S2-212949266,S1_S2,0,0,0,1,1,1,1,1,4,multiple
S1-394791405,S2-552908999,S1_S2,0,1,0,1,1,1,1,1,5,multiple
S1-394791405,S3-121152287,S1_S3,0,0,0,1,1,1,1,1,4,multiple
S1-394967922,S2-496989556,S1_S2,0,1,0,1,1,1,1,1,5,multiple
S1-394967922,S2-546681881,S1_S2,0,1,0,0,1,1,1,1,4,multiple
S1-394967922,S2-768803769,S1_S2,0,1,0,1,1,1,1,1,5,multiple
S1-394967922,S2-948841644,S1_S2,1,1,0,1,1,0,0,1,4,multiple
S1-394967922,S3-38951341,S1_S3,0,0,0,0,0,1,1,1,2,multiple
S1-395077610,S2-167128399,S1_S2,1,1,0,1,1,1,1,1,6,multiple
S1-395077610,S2-742969676,S1_S2,0,0,0,1,1,1,1,1,4,multiple
S1-395077610,S3-142188346,S1_S3,1,1,0,1,1,1,1,1,6,multiple
S1-395077610,S3-455020095,S1_S3,1,1,0,1,1,1,1,1,6,multiple
S1-395884937,S2-960031190,S1_S2,1,0,0,1,1,1,1,1,5,multiple
S1-396478195,S2-176290745,S1_S2,0,1,0,1,1,1,1,1,5,multiple
S1-396478195,S2-816482449,S1_S2,0,1,0,1,1,1,1,1,5,multiple
S1-396478195,S3-263962839,S1_S3,1,1,0,1,1,1,1,1,6,multiple
S1-396478195,S3-801453579,S1_S3,1,1,0,1,1,1,1,1,6,multiple
S1-396536258,S2-250979721,S1_S2,0,1,0,1,1,1,1,1,5,multiple
S1-396536258,S2-535725752,S1_S2,1,1,0,1,1,1,1,1,6,multiple
S1-396536258,S2-929782824,S1_S2,0,1,0,1,1,1,1,1,5,multiple
S1-396536258,S3-254161557,S1_S3,1,1,0,1,1,1,1,1,6,multiple
S1-396536258,S3-375161715,S1_S3,0,1,0,1,1,1,1,1,5,multiple
S1-397054337,S2-350129908,S1_S2,0,0,0,1,1,1,1,1,4,multiple
S1-397054337,S3-133011088,S1_S3,1,0,0,1,1,0,0,1,3,multiple
S1-397054337,S3-159846936,S1_S3,0,0,0,0,0,0,0,0,0,none
S1-398377732,S2-409532624,S1_S2,0,1,0,1,1,1,1,1,5,multiple
S1-398377732,S2-554453643,S1_S2,0,1,0,1,1,1,1,1,5,multiple
S1-398377732,S2-9177517,S1_S2,0,1,0,1,1,1,1,1,5,multiple
S1-398377732,S3-458995725,S1_S3,0,1,0,1,1,1,1,1,5,multiple
S1-398377732,S3-707617845,S1_S3,0,1,0,1,1,0,0,1,3,multiple
S1-398377732,S3-731499543,S1_S3,0,1,0,1,1,1,1,1,5,multiple
S1-398855317,S2-624043683,S1_S2,0,0,0,0,0,1,1,1,2,multiple
S1-398855317,S3-322666020,S1_S3,0,0,0,1,1,1,1,1,4,multiple
S1-398855317,S3-40680361,S1_S3,1,0,0,1,1,1,1,1,5,multiple
S1-398855317,S3-588994325,S1_S3,0,0,0,1,1,1,1,1,4,multiple
S1-398855317,S3-787653052,S1_S3,0,0,0,1,1,1,1,1,4,multiple
S1-39890239,S2-17574742,S1_S2,1,1,0,1,1,1,1,1,6,multiple
S1-39890239,S2-861889995,S1_S2,0,0,0,1,1,1,1,1,4,multiple
S1-39890239,S3-442561761,S1_S3,0,1,0,1,1,1,1,1,5,multiple
S1-39890239,S3-584959476,S1_S3,0,0,0,1,1,1,1,1,4,multiple
S1-39890239,S3-648602198,S1_S3,0,1,0,1,1,1,1,1,5,multiple
S1-39890239,S3-800075583,S1_S3,0,1,0,1,1,1,1,1,5,multiple
S1-399532884,S2-114208311,S1_S2,0,0,0,0,0,0,1,1,1,address_tfidf_top50
S1-399532884,S2-189818352,S1_S2,0,0,0,1,1,1,1,1,4,multiple
S1-399532884,S2-568270220,S1_S2,0,0,0,1,1,1,1,1,4,multiple
S1-399532884,S2-99459072,S1_S2,0,0,0,0,0,1,1,1,2,multiple
S1-399532884,S3-658866162,S1_S3,0,0,0,1,1,0,1,1,3,multiple
S1-399532884,S3-709095089,S1_S3,0,0,0,0,0,0,1,1,1,address_tfidf_top50
S1-399554920,S2-763057026,S1_S2,0,1,0,1,1,1,1,1,5,multiple
S1-399554920,S3-541567895,S1_S3,0,1,0,1,1,1,1,1,5,multiple
S1-399554920,S3-762473509,S1_S3,0,1,0,1,1,1,1,1,5,multiple
S1-399554920,S3-99066700,S1_S3,1,1,0,1,1,1,1,1,6,multiple
S1-399612307,S2-205401509,S1_S2,0,0,0,1,1,1,1,1,4,multiple
S1-399612307,S2-266067376,S1_S2,0,0,0,1,1,1,1,1,4,multiple
S1-399612307,S2-425089222,S1_S2,0,0,0,0,0,1,1,1,2,multiple
S1-399612307,S2-840196231,S1_S2,1,0,0,1,1,1,1,1,5,multiple
S1-399612307,S3-43061492,S1_S3,0,0,0,1,1,1,1,1,4,multiple
S1-399612307,S3-556235106,S1_S3,0,0,0,1,1,1,1,1,4,multiple
S1-399612307,S3-935649895,S1_S3,0,0,0,0,0,1,1,1,2,multiple
S1-399981463,S2-249204330,S1_S2,0,1,0,1,1,1,1,1,5,multiple
S1-399981463,S2-256668794,S1_S2,0,1,0,1,1,1,1,1,5,multiple
S1-399981463,S2-558487814,S1_S2,0,1,0,1,1,1,1,1,5,multiple
S1-399981463,S3-785025457,S1_S3,0,0,0,1,1,0,0,1,2,multiple
S1-399981463,S3-892782815,S1_S3,0,0,0,1,1,1,1,1,4,multiple
S1-399981463,S3-973785571,S1_S3,0,1,0,1,1,1,1,1,5,multiple
S1-400176648,S3-399372346,S1_S3,0,1,0,1,1,0,0,1,3,multiple
S1-400176648,S3-874636387,S1_S3,0,1,0,1,1,1,1,1,5,multiple
S1-400324861,S2-146167206,S1_S2,0,0,0,1,1,1,1,1,4,multiple
S1-400324861,S2-757421678,S1_S2,1,0,0,1,1,1,1,1,5,multiple
S1-400324861,S3-331001169,S1_S3,1,0,0,1,1,1,1,1,5,multiple
S1-40062976,S2-166425809,S1_S2,0,0,0,0,0,1,1,1,2,multiple
S1-40062976,S2-323800664,S1_S2,1,1,0,1,1,1,1,1,6,multiple
S1-40062976,S2-786714725,S1_S2,1,1,0,1,1,1,1,1,6,multiple
S1-40062976,S3-124670659,S1_S3,1,1,0,1,1,1,1,1,6,multiple
S1-40062976,S3-299088017,S1_S3,0,1,0,1,1,1,1,1,5,multiple
S1-40062976,S3-564924618,S1_S3,1,1,0,1,1,1,1,1,6,multiple
S1-40062976,S3-847717278,S1_S3,1,1,0,1,1,1,1,1,6,multiple
S1-401828158,S2-850716425,S1_S2,0,1,0,1,1,1,1,1,5,multiple
S1-401828158,S3-260760278,S1_S3,0,1,0,1,1,1,1,1,5,multiple
S1-401828158,S3-439166608,S1_S3,0,1,0,1,1,1,1,1,5,multiple
S1-401873890,S2-210039380,S1_S2,0,1,0,1,1,1,1,1,5,multiple
S1-401873890,S2-574665247,S1_S2,0,1,0,1,1,1,1,1,5,multiple
S1-401873890,S2-750733183,S1_S2,0,1,0,1,1,1,1,1,5,multiple
S1-401873890,S2-803857126,S1_S2,1,1,0,1,1,1,1,1,6,multiple
S1-401873890,S3-227894802,S1_S3,0,1,0,1,1,1,1,1,5,multiple
S1-401873890,S3-847292723,S1_S3,0,1,0,1,1,1,1,1,5,multiple
S1-402568350,S2-461028468,S1_S2,0,1,0,1,1,1,1,1,5,multiple
S1-402568350,S3-897001438,S1_S3,0,1,0,1,1,1,1,1,5,multiple
S1-402568350,S3-967362884,S1_S3,1,1,0,1,1,1,1,1,6,multiple
S1-4026790,S2-116158360,S1_S2,0,0,0,0,0,1,1,1,2,multiple
S1-4026790,S2-481496678,S1_S2,0,0,0,1,1,1,1,1,4,multiple
S1-4026790,S3-913763477,S1_S3,0,0,0,1,1,1,1,1,4,multiple
S1-402786424,S2-291397689,S1_S2,1,1,0,1,1,1,1,1,6,multiple
S1-402786424,S2-337069279,S1_S2,0,1,0,1,1,1,1,1,5,multiple
S1-402786424,S2-983410244,S1_S2,0,1,0,1,1,1,1,1,5,multiple
S1-402786424,S3-239407648,S1_S3,1,1,0,1,1,1,1,1,6,multiple
S1-402786424,S3-653692415,S1_S3,0,1,0,1,1,1,1,1,5,multiple
S1-403804360,S2-263835899,S1_S2,0,0,0,0,0,1,1,1,2,multiple
S1-403804360,S2-325296278,S1_S2,0,0,0,0,0,1,1,1,2,multiple
S1-403804360,S3-474672439,S1_S3,0,0,0,1,1,1,1,1,4,multiple
S1-403804360,S3-800627626,S1_S3,1,0,0,1,1,1,1,1,5,multiple
S1-404541788,S2-565092261,S1_S2,0,1,0,1,1,1,1,1,5,multiple
S1-404541788,S2-634227364,S1_S2,0,1,0,1,1,1,1,1,5,multiple
S1-404541788,S2-768425489,S1_S2,0,1,0,1,1,1,1,1,5,multiple
S1-404541788,S3-17871402,S1_S3,0,1,0,1,1,1,1,1,5,multiple
S1-404541788,S3-345667864,S1_S3,0,1,0,1,1,1,1,1,5,multiple
S1-404541788,S3-643340475,S1_S3,1,1,0,1,1,1,1,1,6,multiple
S1-405052886,S2-218995444,S1_S2,0,0,0,1,1,1,1,1,4,multiple
S1-405052886,S2-556891343,S1_S2,0,0,0,1,1,1,1,1,4,multiple
S1-405052886,S2-935856039,S1_S2,0,0,0,0,0,1,1,1,2,multiple
S1-405052886,S3-760863657,S1_S3,0,0,0,0,0,1,1,1,2,multiple
S1-405052886,S3-772995249,S1_S3,0,0,0,0,0,1,1,1,2,multiple
S1-405052886,S3-961427265,S1_S3,1,0,0,1,1,1,1,1,5,multiple
S1-405324183,S2-476261284,S1_S2,0,1,0,1,1,1,1,1,5,multiple
S1-405324183,S2-555295226,S1_S2,0,1,0,1,1,0,0,1,3,multiple
S1-405324183,S2-888302727,S1_S2,0,1,0,1,1,1,1,1,5,multiple
S1-405324183,S3-322053205,S1_S3,0,1,0,1,1,0,1,1,4,multiple
S1-405324183,S3-676583698,S1_S3,0,1,0,1,1,1,1,1,5,multiple
S1-405324183,S3-826853756,S1_S3,0,1,0,1,1,1,1,1,5,multiple
S1-40583445,S2-711199559,S1_S2,1,1,0,1,1,1,1,1,6,multiple
S1-40583445,S3-205772168,S1_S3,0,1,0,1,1,1,1,1,5,multiple
S1-40583445,S3-653759634,S1_S3,0,1,0,1,1,1,1,1,5,multiple
S1-407322269,S2-164289329,S1_S2,0,0,0,1,1,1,1,1,4,multiple
S1-407322269,S2-299456974,S1_S2,0,0,0,1,1,1,1,1,4,multiple
S1-407322269,S3-276309966,S1_S3,0,0,0,1,1,1,1,1,4,multiple
S1-408037899,S2-296250496,S1_S2,0,0,0,1,1,1,1,1,4,multiple
S1-408037899,S2-308777651,S1_S2,1,1,0,1,1,1,1,1,6,multiple
S1-408037899,S2-996884297,S1_S2,0,0,0,1,1,1,1,1,4,multiple
S1-408037899,S3-406842888,S1_S3,1,1,0,1,1,1,1,1,6,multiple
S1-408037899,S3-655742261,S1_S3,1,1,0,1,1,1,1,1,6,multiple
S1-408037899,S3-764183831,S1_S3,1,1,0,1,1,1,1,1,6,multiple
S1-408037899,S3-953555383,S1_S3,0,0,0,1,1,1,1,1,4,multiple
S1-408539730,S2-57628753,S1_S2,0,0,0,0,1,1,1,1,3,multiple
S1-408539730,S3-192799682,S1_S3,1,0,0,1,1,1,1,1,5,multiple
S1-409613749,S2-121406836,S1_S2,0,0,0,1,1,1,1,1,4,multiple
S1-409613749,S2-340516349,S1_S2,1,0,0,1,1,1,1,1,5,multiple
S1-409613749,S2-455358217,S1_S2,1,0,0,1,1,1,1,1,5,multiple
S1-409613749,S3-321155425,S1_S3,0,0,0,1,1,0,1,1,3,multiple
S1-409721282,S2-809659423,S1_S2,0,0,0,0,0,1,1,1,2,multiple
S1-409721282,S3-116274573,S1_S3,0,0,0,1,1,1,1,1,4,multiple
S1-409721282,S3-913757954,S1_S3,0,0,0,0,0,1,1,1,2,multiple
S1-409721282,S3-979452257,S1_S3,0,0,0,1,1,1,1,1,4,multiple
S1-41068207,S2-239987313,S1_S2,0,1,0,1,1,1,1,1,5,multiple
S1-41068207,S2-275644364,S1_S2,0,0,0,0,1,1,1,1,3,multiple
S1-41068207,S2-552538016,S1_S2,1,1,0,1,1,1,1,1,6,multiple
S1-41068207,S2-559771896,S1_S2,1,1,0,1,1,1,1,1,6,multiple
S1-41068207,S2-803182757,S1_S2,1,1,0,1,1,1,1,1,6,multiple
S1-41068207,S3-345442204,S1_S3,1,1,0,1,1,1,1,1,6,multiple
S1-41068207,S3-620892094,S1_S3,0,1,0,1,1,1,1,1,5,multiple
S1-410816433,S3-35617720,S1_S3,1,1,0,1,1,1,1,1,6,multiple
S1-410816433,S3-49737142,S1_S3,0,1,0,1,1,1,1,1,5,multiple
S1-410816433,S3-748255829,S1_S3,1,1,0,1,1,1,1,1,6,multiple
S1-410816433,S3-809509979,S1_S3,0,1,0,1,1,1,1,1,5,multiple
S1-411782855,S2-337717215,S1_S2,0,0,0,0,0,1,1,1,2,multiple
S1-411782855,S3-266087414,S1_S3,0,0,0,1,1,0,0,1,2,multiple
S1-411782855,S3-479091215,S1_S3,0,0,0,1,1,0,0,1,2,multiple
S1-411782855,S3-739205021,S1_S3,0,0,0,1,1,0,0,1,2,multiple
S1-413030756,S2-37019355,S1_S2,0,0,0,0,0,0,1,1,1,address_tfidf_top50
S1-413030756,S2-540875300,S1_S2,0,0,0,0,1,0,1,1,2,multiple
S1-413030756,S3-110734297,S1_S3,0,0,0,0,0,0,0,0,0,none
S1-413135755,S2-135930347,S1_S2,1,0,0,1,1,1,1,1,5,multiple
S1-413135755,S2-178174498,S1_S2,0,0,0,1,1,1,1,1,4,multiple
S1-413135755,S2-254898850,S1_S2,0,0,0,1,1,1,1,1,4,multiple
S1-413135755,S3-179380530,S1_S3,0,0,0,1,1,1,1,1,4,multiple
S1-413135755,S3-840240461,S1_S3,0,0,0,1,1,1,1,1,4,multiple
S1-414596161,S2-111715507,S1_S2,0,0,0,0,0,1,1,1,2,multiple
S1-414596161,S2-427663333,S1_S2,0,0,0,0,1,1,1,1,3,multiple
S1-414596161,S2-439229825,S1_S2,0,0,0,0,0,1,1,1,2,multiple
S1-414596161,S3-289766222,S1_S3,0,0,0,0,0,1,1,1,2,multiple
S1-415105779,S2-456966558,S1_S2,0,1,0,1,1,1,1,1,5,multiple
S1-415105779,S3-237827077,S1_S3,1,1,0,1,1,1,1,1,6,multiple
S1-415105779,S3-586442551,S1_S3,0,1,0,1,1,1,1,1,5,multiple
S1-416192505,S2-42038027,S1_S2,0,1,0,1,1,1,1,1,5,multiple
S1-416192505,S3-159266824,S1_S3,0,1,0,1,1,1,1,1,5,multiple
S1-416192505,S3-461780500,S1_S3,0,1,0,1,1,1,1,1,5,multiple
S1-416516234,S2-199300510,S1_S2,1,0,0,1,1,1,1,1,5,multiple
S1-416516234,S2-332021221,S1_S2,1,0,0,1,1,1,1,1,5,multiple
S1-416516234,S3-975433577,S1_S3,0,0,0,0,0,1,1,1,2,multiple
S1-416670569,S2-505842454,S1_S2,0,0,0,1,1,1,1,1,4,multiple
S1-416670569,S2-993918724,S1_S2,0,0,0,0,0,1,1,1,2,multiple
S1-416670569,S3-732262370,S1_S3,0,0,0,1,1,1,1,1,4,multiple
S1-416822580,S3-628239375,S1_S3,0,1,0,1,1,1,1,1,5,multiple
S1-416902256,S2-258958658,S1_S2,0,1,0,1,1,1,1,1,5,multiple
S1-416902256,S2-846859856,S1_S2,0,1,0,1,1,0,0,1,3,multiple
S1-416902256,S2-929946727,S1_S2,0,1,0,1,1,1,1,1,5,multiple
S1-416902256,S3-894504204,S1_S3,0,1,0,1,1,1,1,1,5,multiple
S1-417175104,S3-768247198,S1_S3,1,1,0,1,1,1,1,1,6,multiple
S1-417193449,S2-801805034,S1_S2,0,1,1,1,1,1,1,1,6,multiple
S1-417193449,S3-125740281,S1_S3,0,1,1,1,1,1,1,1,6,multiple
S1-417193449,S3-138731465,S1_S3,0,0,0,1,1,0,0,1,2,multiple
S1-417193449,S3-354532403,S1_S3,0,1,1,1,1,1,1,1,6,multiple
S1-417193449,S3-65104362,S1_S3,0,1,1,1,1,1,1,1,6,multiple
S1-417244640,S2-846828668,S1_S2,0,1,0,1,1,1,1,1,5,multiple
S1-417244640,S3-210957488,S1_S3,0,1,0,1,1,0,0,1,3,multiple
S1-417244640,S3-63373629,S1_S3,0,1,0,1,1,1,1,1,5,multiple
S1-418278776,S2-311248169,S1_S2,0,0,0,1,1,1,1,1,4,multiple
S1-418278776,S2-521428147,S1_S2,0,1,0,1,1,1,1,1,5,multiple
S1-418278776,S3-580947311,S1_S3,0,1,0,1,1,1,1,1,5,multiple
S1-418604696,S2-190898022,S1_S2,0,0,0,1,1,1,1,1,4,multiple
S1-418604696,S3-2883030,S1_S3,1,0,0,1,1,1,1,1,5,multiple
S1-418604696,S3-335594437,S1_S3,0,0,0,1,1,1,1,1,4,multiple
S1-418604696,S3-393179907,S1_S3,0,0,0,1,1,1,1,1,4,multiple
S1-418916156,S3-649289033,S1_S3,0,1,0,1,1,1,1,1,5,multiple
S1-4193750,S2-493247423,S1_S2,0,1,0,1,1,1,1,1,5,multiple
S1-4193750,S2-508204256,S1_S2,0,1,0,1,1,1,1,1,5,multiple
S1-4193750,S2-607228678,S1_S2,0,1,0,1,1,1,1,1,5,multiple
S1-4193750,S3-258175167,S1_S3,0,1,0,1,1,1,1,1,5,multiple
S1-4193750,S3-461785681,S1_S3,0,1,0,1,1,1,1,1,5,multiple
S1-4193750,S3-813491797,S1_S3,0,1,0,1,1,1,1,1,5,multiple
S1-420024633,S2-478871355,S1_S2,0,1,0,1,1,1,1,1,5,multiple
S1-420024633,S2-607334083,S1_S2,0,1,0,1,1,1,1,1,5,multiple
S1-420024633,S3-574687466,S1_S3,0,0,0,1,1,1,1,1,4,multiple
S1-421434227,S2-726432367,S1_S2,1,1,0,1,1,1,1,1,6,multiple
S1-421962235,S3-63453849,S1_S3,0,0,0,1,1,1,1,1,4,multiple
S1-421962235,S3-829381803,S1_S3,1,0,0,1,1,1,1,1,5,multiple
S1-421962235,S3-849713224,S1_S3,1,0,0,1,1,1,1,1,5,multiple
S1-422759472,S2-195830182,S1_S2,0,0,0,1,1,1,1,1,4,multiple
S1-422759472,S2-469349254,S1_S2,0,0,0,1,1,1,1,1,4,multiple
S1-422759472,S2-752957715,S1_S2,1,0,0,1,1,1,1,1,5,multiple
S1-426746614,S2-404572452,S1_S2,1,1,0,1,1,1,1,1,6,multiple
S1-426746614,S2-532716250,S1_S2,0,0,0,0,1,1,1,1,3,multiple
S1-426746614,S3-345681136,S1_S3,0,0,0,0,0,1,1,1,2,multiple
S1-426746614,S3-643171220,S1_S3,0,0,0,1,1,1,1,1,4,multiple
S1-426746614,S3-754042317,S1_S3,0,1,0,1,1,1,1,1,5,multiple
S1-42742411,S2-359798026,S1_S2,0,1,0,1,1,1,1,1,5,multiple
S1-42742411,S2-624757141,S1_S2,0,1,0,1,1,1,1,1,5,multiple
S1-42742411,S3-102923834,S1_S3,0,1,0,1,1,1,1,1,5,multiple
S1-429296397,S2-193620624,S1_S2,1,0,0,1,1,1,1,1,5,multiple
S1-429296397,S2-415075844,S1_S2,1,0,0,1,1,1,1,1,5,multiple
S1-429296397,S2-833358286,S1_S2,1,0,0,1,1,1,1,1,5,multiple
S1-429629147,S2-383510219,S1_S2,0,0,0,1,1,1,1,1,4,multiple
S1-429629147,S3-69985601,S1_S3,0,0,0,1,1,1,1,1,4,multiple
S1-430012580,S2-608731127,S1_S2,0,1,0,1,1,1,1,1,5,multiple
S1-430012580,S2-900197331,S1_S2,0,1,0,1,1,1,1,1,5,multiple
S1-430012580,S3-451055587,S1_S3,0,0,0,0,0,1,1,1,2,multiple
S1-430012580,S3-687493564,S1_S3,1,1,0,1,1,1,1,1,6,multiple
S1-430070952,S2-204740263,S1_S2,0,1,0,1,1,1,1,1,5,multiple
S1-430070952,S2-282903969,S1_S2,1,1,0,1,1,0,0,1,4,multiple
S1-430070952,S2-632738971,S1_S2,0,0,0,1,1,1,1,1,4,multiple
S1-430070952,S3-353935577,S1_S3,0,0,0,1,1,1,1,1,4,multiple
S1-431051166,S3-315085640,S1_S3,0,0,0,1,1,1,1,1,4,multiple
S1-431051166,S3-535759638,S1_S3,0,0,0,1,1,1,1,1,4,multiple
S1-431051166,S3-74730576,S1_S3,0,0,0,1,1,1,1,1,4,multiple
S1-431433785,S2-544353876,S1_S2,0,1,0,1,1,0,0,1,3,multiple
S1-431433785,S3-245015449,S1_S3,0,1,1,1,1,1,1,1,6,multiple
S1-432066669,S2-623686904,S1_S2,0,0,0,1,1,1,1,1,4,multiple
S1-432066669,S3-242151706,S1_S3,0,0,0,1,1,1,1,1,4,multiple
S1-432138049,S3-128072305,S1_S3,0,1,0,1,1,1,1,1,5,multiple
S1-432138049,S3-39465899,S1_S3,0,1,0,1,1,0,0,1,3,multiple
S1-432138049,S3-483683221,S1_S3,0,0,0,1,1,1,1,1,4,multiple
S1-433019270,S2-771291140,S1_S2,0,1,0,1,1,1,1,1,5,multiple
S1-433019270,S2-820575319,S1_S2,0,1,0,1,1,1,1,1,5,multiple
S1-433019270,S3-486548532,S1_S3,1,1,0,1,1,1,1,1,6,multiple
S1-433019270,S3-809039760,S1_S3,1,1,0,1,1,0,0,1,4,multiple
S1-433432011,S2-388976005,S1_S2,0,0,0,1,1,1,1,1,4,multiple
S1-433432011,S2-778088048,S1_S2,0,0,0,1,1,1,1,1,4,multiple
S1-433432011,S2-792032429,S1_S2,0,0,0,1,1,1,1,1,4,multiple
S1-433432011,S2-963847903,S1_S2,0,0,0,1,1,1,1,1,4,multiple
S1-433432011,S3-386441670,S1_S3,0,0,0,0,1,1,1,1,3,multiple
S1-433432011,S3-525443349,S1_S3,0,0,0,1,1,1,1,1,4,multiple
S1-433641968,S2-813780654,S1_S2,0,1,0,1,1,1,1,1,5,multiple
S1-433641968,S3-114584239,S1_S3,0,1,0,1,1,1,1,1,5,multiple
S1-433641968,S3-707738160,S1_S3,0,1,0,1,1,1,1,1,5,multiple
S1-434059926,S2-167859554,S1_S2,0,0,0,1,1,1,1,1,4,multiple
S1-434059926,S2-43487094,S1_S2,1,0,0,1,1,0,0,1,3,multiple
S1-434517706,S2-747594666,S1_S2,1,0,0,1,1,1,1,1,5,multiple
S1-434517706,S2-956552795,S1_S2,0,0,0,1,1,1,1,1,4,multiple
S1-435485288,S2-510769871,S1_S2,0,0,0,1,1,1,1,1,4,multiple
S1-435485288,S2-625429536,S1_S2,0,0,0,1,1,1,1,1,4,multiple
S1-435485288,S2-702509970,S1_S2,0,0,0,1,1,0,0,1,2,multiple
S1-435504372,S2-470689926,S1_S2,1,1,0,1,1,1,1,1,6,multiple
S1-435504372,S3-292401440,S1_S3,0,1,0,0,1,0,0,1,2,multiple
S1-436017792,S2-1211309,S1_S2,0,0,0,0,0,1,1,1,2,multiple
S1-436017792,S3-334207913,S1_S3,0,0,0,0,0,0,0,0,0,none
S1-436017792,S3-344840937,S1_S3,0,0,0,0,0,1,1,1,2,multiple
S1-436017792,S3-749599567,S1_S3,0,0,0,1,1,1,1,1,4,multiple
S1-436017792,S3-982064524,S1_S3,0,0,0,0,0,1,1,1,2,multiple
S1-436104501,S2-657434,S1_S2,0,0,0,1,1,1,1,1,4,multiple
S1-436104501,S2-982415506,S1_S2,1,0,0,1,1,1,1,1,5,multiple
S1-436104501,S3-141789120,S1_S3,1,0,0,1,1,1,1,1,5,multiple
S1-437363600,S3-651387941,S1_S3,0,1,0,1,1,1,1,1,5,multiple
S1-437363600,S3-943802550,S1_S3,0,1,0,1,1,1,1,1,5,multiple
S1-438701589,S2-294571982,S1_S2,1,1,0,1,1,1,1,1,6,multiple
S1-438701589,S2-410108130,S1_S2,0,1,0,1,1,1,1,1,5,multiple
S1-438701589,S2-475677477,S1_S2,0,1,0,1,1,1,1,1,5,multiple
S1-438701589,S3-20189859,S1_S3,0,1,0,1,1,1,1,1,5,multiple
S1-438701589,S3-905527159,S1_S3,0,1,0,1,1,1,1,1,5,multiple
S1-4390710,S2-831635213,S1_S2,0,0,0,0,0,1,1,1,2,multiple
S1-4390710,S3-838449174,S1_S3,0,0,0,0,0,1,1,1,2,multiple
S1-4390710,S3-965616215,S1_S3,0,0,0,1,1,1,1,1,4,multiple
S1-440833235,S2-38738366,S1_S2,0,0,1,1,1,1,1,1,5,multiple
S1-440833235,S3-711040763,S1_S3,1,0,0,1,1,1,1,1,5,multiple
S1-440833235,S3-842310651,S1_S3,0,0,0,1,1,1,1,1,4,multiple
S1-440833235,S3-84655172,S1_S3,0,0,1,1,1,1,1,1,5,multiple
S1-441162686,S2-774110370,S1_S2,0,1,0,1,1,1,1,1,5,multiple
S1-441162686,S3-510129152,S1_S3,0,0,0,0,0,1,1,1,2,multiple
S1-441162686,S3-89041045,S1_S3,0,1,0,1,1,0,0,1,3,multiple
S1-442263493,S3-949901802,S1_S3,0,1,0,1,1,1,1,1,5,multiple
S1-442969533,S2-387497804,S1_S2,0,0,0,1,1,1,1,1,4,multiple
S1-442969533,S2-591113713,S1_S2,0,0,0,0,0,1,1,1,2,multiple
S1-442969533,S2-856449973,S1_S2,0,0,0,0,0,1,1,1,2,multiple
S1-442969533,S3-941867625,S1_S3,0,0,0,0,0,1,1,1,2,multiple
S1-443256729,S2-633813886,S1_S2,1,0,0,1,1,1,1,1,5,multiple
S1-443256729,S3-331867742,S1_S3,0,0,0,1,1,1,1,1,4,multiple
S1-443256729,S3-878855675,S1_S3,0,0,0,1,1,1,1,1,4,multiple
S1-444217293,S2-798936278,S1_S2,1,0,0,1,1,1,1,1,5,multiple
S1-444217293,S2-883234913,S1_S2,0,0,0,1,1,1,1,1,4,multiple
S1-444217293,S3-131926738,S1_S3,0,0,0,1,1,1,1,1,4,multiple
S1-444242043,S2-50892267,S1_S2,0,0,0,1,1,1,1,1,4,multiple
S1-444242043,S2-955736931,S1_S2,0,0,0,1,1,1,1,1,4,multiple
S1-444242043,S3-151998898,S1_S3,0,0,0,1,1,1,1,1,4,multiple
S1-444621199,S2-342275367,S1_S2,0,1,0,1,1,1,1,1,5,multiple
S1-444621199,S2-675016028,S1_S2,1,1,0,1,1,1,1,1,6,multiple
S1-444621199,S3-959479151,S1_S3,0,1,0,1,1,1,1,1,5,multiple
S1-444734158,S2-117221414,S1_S2,0,1,0,1,1,0,0,1,3,multiple
S1-444734158,S2-958985443,S1_S2,0,1,0,1,1,0,1,1,4,multiple
S1-444734158,S3-914176158,S1_S3,0,0,0,0,1,1,1,1,3,multiple
S1-444877932,S2-99827490,S1_S2,1,1,0,1,1,1,1,1,6,multiple
S1-444987180,S2-391087956,S1_S2,0,1,0,1,1,1,1,1,5,multiple
S1-444987180,S2-729957310,S1_S2,1,1,0,1,1,1,1,1,6,multiple
S1-444987180,S3-287018450,S1_S3,0,1,0,1,1,1,1,1,5,multiple
S1-444987180,S3-610094655,S1_S3,0,1,0,1,1,1,1,1,5,multiple
S1-445113173,S2-294489551,S1_S2,0,0,0,1,1,1,1,1,4,multiple
S1-445113173,S2-736327319,S1_S2,0,0,0,1,1,1,1,1,4,multiple
S1-445113173,S2-883452926,S1_S2,0,0,0,1,1,1,1,1,4,multiple
S1-445113173,S3-282093983,S1_S3,0,0,0,1,1,1,1,1,4,multiple
S1-445130334,S2-28250321,S1_S2,1,0,0,1,1,1,1,1,5,multiple
S1-445130334,S2-483668937,S1_S2,0,0,0,1,1,1,1,1,4,multiple
S1-445130334,S3-746174731,S1_S3,0,0,0,1,1,0,0,1,2,multiple
S1-445292125,S3-927109421,S1_S3,1,1,0,1,1,1,1,1,6,multiple
S1-44617316,S2-316429483,S1_S2,1,0,0,1,1,1,1,1,5,multiple
S1-44617316,S3-549850550,S1_S3,1,0,0,1,1,1,1,1,5,multiple
S1-44617316,S3-905237766,S1_S3,1,0,0,1,1,1,1,1,5,multiple
S1-44641303,S2-911265289,S1_S2,0,0,0,1,1,1,1,1,4,multiple
S1-44641303,S3-942367712,S1_S3,0,0,0,1,1,1,1,1,4,multiple
S1-448034164,S2-11878484,S1_S2,0,0,0,1,1,1,1,1,4,multiple
S1-448034164,S2-618566445,S1_S2,0,0,0,1,1,1,1,1,4,multiple
S1-448034164,S2-915764476,S1_S2,0,1,0,1,1,1,1,1,5,multiple
S1-448034164,S3-299314614,S1_S3,0,1,0,1,1,1,1,1,5,multiple
S1-448034164,S3-374989173,S1_S3,0,0,0,1,1,1,1,1,4,multiple
S1-448034164,S3-377478945,S1_S3,1,1,0,1,1,1,1,1,6,multiple
S1-448034164,S3-797444226,S1_S3,0,1,0,1,1,1,1,1,5,multiple
S1-448529728,S2-750775220,S1_S2,0,1,0,1,1,1,1,1,5,multiple
S1-448529728,S2-787673937,S1_S2,1,1,0,1,1,1,1,1,6,multiple
S1-448529728,S2-956214474,S1_S2,1,1,0,1,1,1,1,1,6,multiple
S1-448529728,S3-548783292,S1_S3,1,1,0,1,1,1,1,1,6,multiple
S1-448529728,S3-712012098,S1_S3,1,1,0,1,1,1,1,1,6,multiple
S1-448529728,S3-965674516,S1_S3,1,1,0,1,1,1,1,1,6,multiple
S1-449684621,S2-964032778,S1_S2,0,1,0,1,1,1,1,1,5,multiple
S1-449684621,S3-194819360,S1_S3,0,1,0,1,1,1,1,1,5,multiple
S1-449684621,S3-648237298,S1_S3,0,1,0,1,1,1,1,1,5,multiple
S1-449684621,S3-665044912,S1_S3,0,1,0,1,1,1,1,1,5,multiple
S1-449684621,S3-784791483,S1_S3,1,1,0,1,1,1,1,1,6,multiple
S1-449684621,S3-874065568,S1_S3,0,1,0,1,1,1,1,1,5,multiple
S1-449806778,S2-175722492,S1_S2,0,0,0,1,1,1,1,1,4,multiple
S1-449806778,S3-243528328,S1_S3,0,0,0,1,1,1,1,1,4,multiple
S1-449806778,S3-402523682,S1_S3,0,0,0,0,0,1,1,1,2,multiple
S1-449806778,S3-784689470,S1_S3,0,0,0,1,1,0,1,1,3,multiple
S1-449842490,S2-354689668,S1_S2,0,1,0,1,1,1,1,1,5,multiple
S1-449842490,S2-588274270,S1_S2,0,1,1,1,1,1,1,1,6,multiple
S1-449842490,S2-785555687,S1_S2,0,1,1,1,1,1,1,1,6,multiple
S1-449842490,S2-823538598,S1_S2,0,1,1,1,1,1,1,1,6,multiple
S1-449842490,S3-427325358,S1_S3,0,1,0,1,1,1,1,1,5,multiple
S1-449842490,S3-681359611,S1_S3,0,0,0,1,1,1,1,1,4,multiple
S1-449842490,S3-747604742,S1_S3,0,1,0,1,1,1,1,1,5,multiple
S1-450654518,S3-307471049,S1_S3,0,0,0,1,1,1,1,1,4,multiple
S1-450654518,S3-609263685,S1_S3,1,0,0,1,1,1,1,1,5,multiple
S1-450654518,S3-653673866,S1_S3,1,0,0,1,1,1,1,1,5,multiple
S1-450654518,S3-831328830,S1_S3,0,0,0,1,1,1,1,1,4,multiple
S1-450984776,S2-431183060,S1_S2,0,0,0,0,0,1,1,1,2,multiple
S1-450984776,S2-562340294,S1_S2,0,0,0,1,1,1,1,1,4,multiple
S1-450984776,S3-492301857,S1_S3,0,0,0,1,1,0,0,1,2,multiple
S1-450984776,S3-714241640,S1_S3,0,0,0,1,1,1,1,1,4,multiple
S1-452634229,S2-265828141,S1_S2,0,1,0,1,1,1,1,1,5,multiple
S1-452634229,S2-90255185,S1_S2,0,1,0,1,1,1,1,1,5,multiple
S1-452634229,S3-64409851,S1_S3,1,1,0,1,1,1,1,1,6,multiple
S1-452671807,S2-109946955,S1_S2,0,0,0,1,1,1,1,1,4,multiple
S1-452671807,S2-83548201,S1_S2,0,0,0,1,1,1,1,1,4,multiple
S1-452671807,S3-60329526,S1_S3,0,0,0,1,1,1,1,1,4,multiple
S1-452671807,S3-884316782,S1_S3,0,0,0,1,1,1,1,1,4,multiple
S1-452769411,S2-492869335,S1_S2,0,0,0,0,0,1,1,1,2,multiple
S1-452769411,S2-824424789,S1_S2,0,1,0,1,1,1,1,1,5,multiple
S1-452769411,S2-968601802,S1_S2,1,1,0,1,1,1,1,1,6,multiple
S1-452769411,S3-675865964,S1_S3,0,1,0,1,1,1,1,1,5,multiple
S1-452769411,S3-959627579,S1_S3,0,1,0,1,1,1,1,1,5,multiple
S1-452829516,S2-110523775,S1_S2,0,1,0,1,1,1,1,1,5,multiple
S1-452829516,S2-539541772,S1_S2,0,1,0,1,1,1,1,1,5,multiple
S1-452829516,S2-734394820,S1_S2,1,1,0,1,1,1,1,1,6,multiple
S1-452829516,S2-92315951,S1_S2,1,1,0,1,1,1,1,1,6,multiple
S1-452829516,S2-925492538,S1_S2,1,1,0,1,1,1,1,1,6,multiple
S1-452829516,S3-629914783,S1_S3,1,1,0,1,1,1,1,1,6,multiple
S1-452829516,S3-923136171,S1_S3,0,0,0,1,1,1,1,1,4,multiple
S1-452829516,S3-961650147,S1_S3,0,1,0,1,1,1,1,1,5,multiple
S1-453272438,S2-934783357,S1_S2,0,1,0,1,1,1,1,1,5,multiple
S1-453272438,S3-26175499,S1_S3,1,1,0,1,1,1,1,1,6,multiple
S1-453272438,S3-990722167,S1_S3,0,1,0,1,1,1,1,1,5,multiple
S1-453347662,S2-414708927,S1_S2,0,0,0,1,1,1,1,1,4,multiple
S1-453347662,S3-11378872,S1_S3,0,1,0,1,1,0,0,1,3,multiple
S1-453347662,S3-178309027,S1_S3,0,1,0,1,1,1,1,1,5,multiple
S1-453347662,S3-278014179,S1_S3,0,0,0,0,0,1,1,1,2,multiple
S1-453483108,S2-207681545,S1_S2,0,1,1,1,1,1,1,1,6,multiple
S1-453483108,S2-338423102,S1_S2,0,1,1,1,1,1,1,1,6,multiple
S1-453483108,S3-192201748,S1_S3,0,1,1,1,1,1,1,1,6,multiple
S1-453483108,S3-294799191,S1_S3,0,1,1,1,1,1,1,1,6,multiple
S1-453483108,S3-39249308,S1_S3,0,0,1,0,0,1,1,1,3,multiple
S1-453483108,S3-962408803,S1_S3,1,1,1,1,1,1,1,1,7,multiple
S1-45361967,S2-772449550,S1_S2,1,1,0,1,1,1,1,1,6,multiple
S1-45361967,S2-989955939,S1_S2,1,1,0,1,1,1,1,1,6,multiple
S1-45361967,S3-610381325,S1_S3,0,0,0,0,0,1,1,1,2,multiple
S1-45361967,S3-615068065,S1_S3,1,1,0,1,1,1,1,1,6,multiple
S1-45361967,S3-6860212,S1_S3,1,1,0,1,1,1,1,1,6,multiple
S1-453733425,S2-275594940,S1_S2,0,0,0,1,1,1,1,1,4,multiple
S1-453733425,S2-52806775,S1_S2,0,0,0,1,1,1,1,1,4,multiple
S1-453733425,S2-741645481,S1_S2,0,0,0,1,1,1,1,1,4,multiple
S1-453733425,S3-293574690,S1_S3,0,0,0,1,1,1,1,1,4,multiple
S1-453733425,S3-356162005,S1_S3,0,0,0,1,1,1,1,1,4,multiple
S1-453733425,S3-575645061,S1_S3,0,0,0,1,1,1,1,1,4,multiple
S1-453733425,S3-587105077,S1_S3,1,0,0,1,1,1,1,1,5,multiple
S1-454257192,S2-714961541,S1_S2,0,0,0,0,1,1,1,1,3,multiple
S1-454257192,S3-420987116,S1_S3,1,0,0,1,1,1,1,1,5,multiple
S1-454257192,S3-575440233,S1_S3,1,0,0,1,1,1,1,1,5,multiple
S1-454257192,S3-591878761,S1_S3,1,0,0,1,1,1,1,1,5,multiple
S1-454257192,S3-675514664,S1_S3,0,0,0,1,1,1,1,1,4,multiple
S1-454257192,S3-973082935,S1_S3,0,0,0,1,1,1,1,1,4,multiple
S1-454701168,S2-762626494,S1_S2,1,0,0,1,1,1,1,1,5,multiple
S1-454701168,S2-800886536,S1_S2,0,0,0,1,1,1,1,1,4,multiple
S1-454701168,S2-982910717,S1_S2,0,0,0,0,1,1,1,1,3,multiple
S1-454701168,S3-386556251,S1_S3,1,0,0,1,1,1,1,1,5,multiple
S1-454701168,S3-85827238,S1_S3,0,0,0,1,1,1,1,1,4,multiple
S1-454733319,S2-435540741,S1_S2,0,0,0,1,1,1,1,1,4,multiple
S1-454733319,S2-515793987,S1_S2,0,0,0,1,1,0,0,1,2,multiple
S1-454733319,S2-848524114,S1_S2,1,0,0,1,1,1,1,1,5,multiple
S1-454733319,S3-328749114,S1_S3,0,0,0,1,1,1,1,1,4,multiple
S1-45482183,S2-318653291,S1_S2,0,1,0,1,1,1,1,1,5,multiple
S1-45482183,S2-557507487,S1_S2,1,1,0,1,1,1,1,1,6,multiple
S1-45482183,S3-195465384,S1_S3,1,1,0,1,1,1,1,1,6,multiple
S1-455291791,S2-445437707,S1_S2,1,1,0,1,1,1,1,1,6,multiple
S1-455291791,S2-698789307,S1_S2,1,1,0,1,1,0,0,1,4,multiple
S1-455291791,S3-695788125,S1_S3,0,1,0,1,1,1,1,1,5,multiple
S1-455291791,S3-808491509,S1_S3,1,1,0,1,1,1,1,1,6,multiple
S1-455969514,S2-118570347,S1_S2,1,1,0,1,1,1,1,1,6,multiple
S1-455969514,S2-991342382,S1_S2,0,1,0,0,0,1,1,1,3,multiple
S1-456024093,S2-468890572,S1_S2,0,1,0,1,1,1,1,1,5,multiple
S1-456024093,S2-50649869,S1_S2,1,1,0,1,1,1,1,1,6,multiple
S1-456024093,S3-307532420,S1_S3,0,1,0,1,1,1,1,1,5,multiple
S1-456106520,S2-226567568,S1_S2,0,1,0,1,1,1,1,1,5,multiple
S1-456106520,S2-833786309,S1_S2,0,1,0,1,1,1,1,1,5,multiple
S1-456106520,S3-517151216,S1_S3,0,1,0,1,1,1,1,1,5,multiple
S1-456106520,S3-71298422,S1_S3,0,0,0,1,1,1,1,1,4,multiple
S1-456948474,S2-114629243,S1_S2,0,1,0,1,1,1,1,1,5,multiple
S1-456948474,S2-205006655,S1_S2,0,1,0,1,1,1,1,1,5,multiple
S1-456948474,S2-748099313,S1_S2,0,1,0,1,1,1,1,1,5,multiple
S1-456948474,S3-256502534,S1_S3,0,1,0,1,1,1,1,1,5,multiple
S1-458276080,S2-46694713,S1_S2,1,1,0,1,1,1,1,1,6,multiple
S1-458276080,S3-416464208,S1_S3,1,1,0,1,1,1,1,1,6,multiple
S1-458276080,S3-630204171,S1_S3,0,1,0,1,1,0,0,1,3,multiple
S1-458491566,S2-452888895,S1_S2,0,1,0,1,1,1,1,1,5,multiple
S1-458491566,S2-472827474,S1_S2,0,1,0,1,1,1,1,1,5,multiple
S1-458491566,S3-555470113,S1_S3,0,1,0,1,1,1,1,1,5,multiple
S1-459304697,S2-31682904,S1_S2,0,0,0,1,1,1,1,1,4,multiple
S1-459304697,S2-68424149,S1_S2,0,0,0,0,0,1,1,1,2,multiple
S1-459304697,S3-352716946,S1_S3,0,0,0,1,1,1,1,1,4,multiple
S1-459304697,S3-926085132,S1_S3,1,0,0,1,1,0,1,1,4,multiple
S1-460216215,S2-578845061,S1_S2,0,1,0,1,1,1,1,1,5,multiple
S1-460216215,S3-337769582,S1_S3,0,1,0,1,1,1,1,1,5,multiple
S1-460216215,S3-474205158,S1_S3,0,1,0,1,1,1,1,1,5,multiple
S1-460692319,S2-590785986,S1_S2,0,0,0,1,1,1,1,1,4,multiple
S1-460692319,S3-974126739,S1_S3,1,0,0,1,1,0,0,1,3,multiple
S1-461011518,S2-410427643,S1_S2,0,1,0,1,1,1,1,1,5,multiple
S1-461011518,S2-730681474,S1_S2,1,1,0,1,1,1,1,1,6,multiple
S1-461011518,S2-803470846,S1_S2,0,1,0,1,1,1,1,1,5,multiple
S1-461011518,S2-997658871,S1_S2,0,1,0,1,1,1,1,1,5,multiple
S1-461011518,S3-650644434,S1_S3,0,1,0,1,1,1,1,1,5,multiple
S1-461011518,S3-712939323,S1_S3,0,1,0,1,1,1,1,1,5,multiple
S1-461011518,S3-945273170,S1_S3,0,0,0,0,0,1,1,1,2,multiple
S1-462380380,S2-426823023,S1_S2,0,1,0,1,1,1,1,1,5,multiple
S1-462380380,S2-482178070,S1_S2,0,1,0,1,1,1,1,1,5,multiple
S1-462380380,S3-425999835,S1_S3,0,1,0,1,1,1,1,1,5,multiple
S1-462380380,S3-549328648,S1_S3,0,1,0,0,1,1,1,1,4,multiple
S1-462607507,S2-452231522,S1_S2,0,0,0,0,0,1,1,1,2,multiple
S1-462607507,S2-930419643,S1_S2,0,0,0,0,0,1,1,1,2,multiple
S1-462607507,S3-253911998,S1_S3,0,0,0,0,0,1,1,1,2,multiple
S1-463215975,S2-160312492,S1_S2,0,0,0,0,0,1,1,1,2,multiple
S1-463215975,S3-654743401,S1_S3,0,0,0,1,1,1,1,1,4,multiple
S1-463215975,S3-960926440,S1_S3,0,0,0,0,0,1,1,1,2,multiple
S1-463803455,S2-145856034,S1_S2,1,0,0,1,1,1,1,1,5,multiple
S1-463803455,S2-568869050,S1_S2,0,0,0,1,1,1,1,1,4,multiple
S1-463803455,S3-375601893,S1_S3,0,0,0,1,1,1,1,1,4,multiple
S1-463803455,S3-440667053,S1_S3,0,0,0,1,1,1,1,1,4,multiple
S1-464905433,S2-363258733,S1_S2,0,0,0,1,1,1,1,1,4,multiple
S1-464905433,S3-955741151,S1_S3,1,0,0,1,1,0,0,1,3,multiple
S1-464951427,S2-743083930,S1_S2,0,0,0,1,1,0,0,1,2,multiple
S1-464951427,S3-859969348,S1_S3,0,0,0,0,0,1,1,1,2,multiple
S1-464951427,S3-937979929,S1_S3,0,0,0,0,0,1,1,1,2,multiple
S1-464951427,S3-940885070,S1_S3,0,0,0,1,1,1,1,1,4,multiple
S1-465935298,S2-216203814,S1_S2,0,1,0,1,1,1,1,1,5,multiple
S1-465935298,S2-226764980,S1_S2,1,1,0,1,1,1,1,1,6,multiple
S1-465935298,S2-459834005,S1_S2,0,1,0,1,1,1,1,1,5,multiple
S1-465935298,S3-113251048,S1_S3,1,1,0,1,1,1,1,1,6,multiple
S1-465935298,S3-118166329,S1_S3,0,1,0,1,1,1,1,1,5,multiple
S1-467021603,S3-380487943,S1_S3,0,1,0,1,1,1,1,1,5,multiple
S1-467021603,S3-498307717,S1_S3,0,0,0,1,1,1,1,1,4,multiple
S1-46763779,S2-317889959,S1_S2,0,1,1,1,1,1,1,1,6,multiple
S1-46763779,S2-499732532,S1_S2,0,1,1,1,1,1,1,1,6,multiple
S1-46763779,S2-678699557,S1_S2,0,1,1,1,1,1,1,1,6,multiple
S1-467659367,S2-529983870,S1_S2,1,1,0,1,1,1,1,1,6,multiple
S1-467659367,S2-822783011,S1_S2,0,1,0,1,1,1,1,1,5,multiple
S1-467659367,S2-891418092,S1_S2,0,1,0,1,1,1,1,1,5,multiple
S1-467659367,S3-508104023,S1_S3,0,1,0,1,1,1,1,1,5,multiple
S1-467858397,S2-272752081,S1_S2,0,0,0,0,0,1,1,1,2,multiple
S1-467858397,S3-173766286,S1_S3,0,0,0,0,0,1,1,1,2,multiple
S1-467858397,S3-438118974,S1_S3,0,0,0,0,0,1,1,1,2,multiple
S1-468331137,S2-48795927,S1_S2,0,0,0,1,1,1,1,1,4,multiple
S1-468331137,S2-626609461,S1_S2,0,0,0,0,0,1,1,1,2,multiple
S1-468331137,S3-187851789,S1_S3,0,0,0,1,1,1,1,1,4,multiple
S1-468331137,S3-367589644,S1_S3,0,0,0,0,0,1,1,1,2,multiple
S1-46895429,S2-371554981,S1_S2,0,1,0,1,1,1,1,1,5,multiple
S1-46895429,S3-107318154,S1_S3,0,0,0,0,0,1,1,1,2,multiple
S1-46895429,S3-172365828,S1_S3,0,1,0,1,1,1,1,1,5,multiple
S1-46895429,S3-368755681,S1_S3,0,1,0,1,1,1,1,1,5,multiple
S1-469924613,S2-517540546,S1_S2,0,1,0,1,1,1,1,1,5,multiple
S1-469924613,S2-982315898,S1_S2,0,0,0,1,1,1,1,1,4,multiple
S1-469924613,S3-497174128,S1_S3,0,1,0,1,1,1,1,1,5,multiple
S1-470469907,S2-800015457,S1_S2,0,0,0,0,0,1,1,1,2,multiple
S1-470469907,S3-670756077,S1_S3,0,1,0,0,1,1,1,1,4,multiple
S1-470718581,S2-31309943,S1_S2,0,0,0,1,1,1,1,1,4,multiple
S1-470718581,S3-391889604,S1_S3,1,1,0,1,1,1,1,1,6,multiple
S1-470718581,S3-524951717,S1_S3,1,1,0,1,1,0,0,1,4,multiple
S1-470718581,S3-620458645,S1_S3,1,1,0,1,1,1,1,1,6,multiple
S1-470829692,S2-381054666,S1_S2,0,0,1,0,1,0,1,1,3,multiple
S1-470829692,S2-751650711,S1_S2,1,0,1,1,1,1,1,1,6,multiple
S1-470902839,S2-298231551,S1_S2,0,1,0,1,1,1,1,1,5,multiple
S1-470902839,S2-353254984,S1_S2,1,1,0,1,1,0,0,1,4,multiple
S1-470902839,S2-849003335,S1_S2,0,1,0,1,1,0,0,1,3,multiple
S1-470902839,S2-899194788,S1_S2,1,1,0,1,1,1,1,1,6,multiple
S1-470902839,S3-390931205,S1_S3,0,0,0,1,1,1,1,1,4,multiple
S1-470902839,S3-783892892,S1_S3,0,1,0,1,1,1,1,1,5,multiple
S1-471083773,S2-632926920,S1_S2,0,0,0,0,0,1,1,1,2,multiple
S1-471083773,S2-713607039,S1_S2,0,0,0,1,1,1,1,1,4,multiple
S1-471083773,S3-751928999,S1_S3,0,0,0,1,1,1,1,1,4,multiple
S1-471083773,S3-899276641,S1_S3,0,0,0,0,0,1,1,1,2,multiple
S1-471083773,S3-928270190,S1_S3,0,0,0,1,1,1,1,1,4,multiple
S1-471604231,S2-200236893,S1_S2,0,0,0,1,1,1,1,1,4,multiple
S1-471604231,S2-316065869,S1_S2,0,0,0,0,0,1,1,1,2,multiple
S1-471604231,S2-629968349,S1_S2,0,0,0,1,1,1,1,1,4,multiple
S1-471604231,S3-104500621,S1_S3,1,0,0,1,1,1,1,1,5,multiple
S1-471604231,S3-646918673,S1_S3,0,0,0,1,1,1,1,1,4,multiple
S1-471604231,S3-651986142,S1_S3,0,0,0,0,0,1,1,1,2,multiple
S1-471604231,S3-847367869,S1_S3,0,0,0,0,0,1,1,1,2,multiple
S1-471604231,S3-900277117,S1_S3,0,0,0,0,0,1,1,1,2,multiple
S1-471666982,S2-468296004,S1_S2,0,1,0,1,1,1,1,1,5,multiple
S1-471666982,S3-177167610,S1_S3,0,1,0,1,1,1,1,1,5,multiple
S1-471666982,S3-243610084,S1_S3,0,1,0,1,1,1,1,1,5,multiple
S1-471666982,S3-584548282,S1_S3,1,1,0,1,1,1,1,1,6,multiple
S1-471666982,S3-949068948,S1_S3,0,1,0,1,1,1,1,1,5,multiple
S1-472237765,S2-317533968,S1_S2,0,1,0,1,1,1,1,1,5,multiple
S1-472237765,S2-780425734,S1_S2,0,1,0,1,1,1,1,1,5,multiple
S1-472237765,S3-116380588,S1_S3,0,0,0,0,1,1,1,1,3,multiple
S1-472237765,S3-481149083,S1_S3,0,1,0,1,1,1,1,1,5,multiple
S1-472237765,S3-839940688,S1_S3,1,1,0,1,1,1,1,1,6,multiple
S1-472315979,S2-958784723,S1_S2,0,0,0,0,0,1,1,1,2,multiple
S1-472315979,S3-350809685,S1_S3,0,0,0,1,1,1,1,1,4,multiple
S1-472315979,S3-870755092,S1_S3,0,0,0,1,1,1,1,1,4,multiple
S1-472315979,S3-976951722,S1_S3,0,0,0,1,1,0,0,1,2,multiple
S1-472745118,S2-250623785,S1_S2,0,1,0,1,1,1,1,1,5,multiple
S1-472745118,S3-641139829,S1_S3,0,1,0,1,1,1,1,1,5,multiple
S1-473200800,S2-595101943,S1_S2,0,1,0,1,1,1,1,1,5,multiple
S1-473200800,S2-941972553,S1_S2,0,1,0,1,1,1,1,1,5,multiple
S1-473200800,S3-131041203,S1_S3,0,0,0,0,0,1,1,1,2,multiple
S1-473200800,S3-296252091,S1_S3,1,1,0,1,1,1,1,1,6,multiple
S1-473200800,S3-516753101,S1_S3,0,1,0,1,1,1,1,1,5,multiple
S1-473769611,S3-679123061,S1_S3,0,1,0,1,1,1,1,1,5,multiple
S1-475605120,S2-250545161,S1_S2,0,1,0,1,1,1,1,1,5,multiple
S1-475605120,S3-480863016,S1_S3,0,1,0,1,1,1,1,1,5,multiple
S1-47560548,S2-119299160,S1_S2,0,1,0,1,1,1,1,1,5,multiple
S1-47560548,S2-49186077,S1_S2,0,1,0,1,1,1,1,1,5,multiple
S1-47560548,S2-759464456,S1_S2,0,1,0,1,1,1,1,1,5,multiple
S1-47560548,S2-818413968,S1_S2,1,1,0,1,1,1,1,1,6,multiple
S1-47560548,S3-322542370,S1_S3,0,1,0,1,1,1,1,1,5,multiple
S1-476129924,S2-135786783,S1_S2,0,0,0,1,1,1,1,1,4,multiple
S1-476129924,S3-156806227,S1_S3,0,0,0,0,0,1,1,1,2,multiple
S1-476129924,S3-994464864,S1_S3,1,0,0,1,1,1,1,1,5,multiple
S1-476706216,S2-905255893,S1_S2,0,1,0,1,1,1,1,1,5,multiple
S1-476706216,S3-424938931,S1_S3,0,1,0,1,1,1,1,1,5,multiple
S1-476706216,S3-694278699,S1_S3,0,1,0,1,1,1,1,1,5,multiple
S1-476706216,S3-845135555,S1_S3,0,0,0,1,1,1,1,1,4,multiple
S1-476895031,S2-564625430,S1_S2,0,1,0,1,1,1,1,1,5,multiple
S1-476895031,S2-945563343,S1_S2,0,0,0,1,1,1,1,1,4,multiple
S1-476895031,S3-72013423,S1_S3,0,1,0,1,1,1,1,1,5,multiple
S1-47711515,S2-247040123,S1_S2,1,1,0,1,1,1,1,1,6,multiple
S1-47711515,S2-813812751,S1_S2,1,1,0,1,1,1,1,1,6,multiple
S1-47711515,S3-560973149,S1_S3,0,1,0,1,1,1,1,1,5,multiple
S1-477351356,S2-444365661,S1_S2,0,1,0,1,1,1,1,1,5,multiple
S1-477351356,S2-512293769,S1_S2,1,1,0,1,1,1,1,1,6,multiple
S1-477351356,S2-582853684,S1_S2,0,1,0,1,1,1,1,1,5,multiple
S1-477653488,S2-380437910,S1_S2,0,0,0,1,1,1,1,1,4,multiple
S1-477653488,S3-189092400,S1_S3,0,0,0,1,1,0,0,1,2,multiple
S1-478476701,S2-927894522,S1_S2,0,1,0,1,1,1,1,1,5,multiple
S1-478476701,S2-929991046,S1_S2,0,1,0,1,1,1,1,1,5,multiple
S1-478476701,S3-334883946,S1_S3,0,1,0,1,1,1,1,1,5,multiple
S1-478476701,S3-359605066,S1_S3,0,0,0,1,1,1,1,1,4,multiple
S1-479201930,S2-214814865,S1_S2,0,0,1,1,1,1,1,1,5,multiple
S1-479201930,S2-706009136,S1_S2,0,0,1,0,1,1,1,1,4,multiple
S1-479201930,S3-252629063,S1_S3,0,0,1,0,0,1,1,1,3,multiple
S1-479201930,S3-703316155,S1_S3,0,0,0,1,1,1,1,1,4,multiple
S1-479201930,S3-9486478,S1_S3,0,0,0,0,0,1,1,1,2,multiple
S1-480959605,S2-256400011,S1_S2,1,0,0,1,1,1,1,1,5,multiple
S1-480959605,S2-26376458,S1_S2,0,0,0,1,1,1,1,1,4,multiple
S1-480959605,S2-709039969,S1_S2,1,0,0,1,1,1,1,1,5,multiple
S1-480959605,S3-328533520,S1_S3,0,0,0,1,1,1,1,1,4,multiple
S1-480966659,S2-58081074,S1_S2,0,0,1,1,1,1,1,1,5,multiple
S1-480966659,S3-112908822,S1_S3,1,0,0,1,1,1,1,1,5,multiple
S1-481725197,S2-606133508,S1_S2,0,0,0,1,1,1,1,1,4,multiple
S1-481725197,S2-87209745,S1_S2,0,0,0,0,0,1,1,1,2,multiple
S1-481725197,S2-90424975,S1_S2,0,0,0,0,1,1,1,1,3,multiple
S1-481725197,S3-261832772,S1_S3,0,0,0,0,0,1,1,1,2,multiple
S1-481725197,S3-341738478,S1_S3,0,0,0,1,1,1,1,1,4,multiple
S1-483220993,S2-555662185,S1_S2,0,0,1,1,1,1,1,1,5,multiple
S1-483220993,S3-598197353,S1_S3,0,0,1,1,1,1,1,1,5,multiple
S1-483220993,S3-76187042,S1_S3,0,1,1,1,1,1,1,1,6,multiple
S1-483602872,S2-154865479,S1_S2,1,0,0,1,1,1,1,1,5,multiple
S1-483602872,S2-963608330,S1_S2,0,0,0,0,1,1,1,1,3,multiple
S1-483602872,S3-22008215,S1_S3,1,0,0,1,1,1,1,1,5,multiple
S1-484192477,S2-22109254,S1_S2,0,1,0,1,1,1,1,1,5,multiple
S1-484192477,S3-809844055,S1_S3,0,1,0,1,1,1,1,1,5,multiple
S1-484192477,S3-899338808,S1_S3,0,1,0,1,1,1,1,1,5,multiple
S1-484440623,S2-602433192,S1_S2,0,1,0,1,1,1,1,1,5,multiple
S1-484440623,S3-504408315,S1_S3,0,0,0,0,0,1,1,1,2,multiple
S1-484687603,S2-289512959,S1_S2,0,0,0,1,1,1,1,1,4,multiple
S1-484687603,S2-65189978,S1_S2,0,0,0,0,0,1,1,1,2,multiple
S1-484687603,S2-721904466,S1_S2,0,0,0,1,1,1,1,1,4,multiple
S1-484687603,S2-874155999,S1_S2,0,0,0,1,1,1,1,1,4,multiple
S1-484687603,S3-763510229,S1_S3,0,0,0,0,0,1,1,1,2,multiple
S1-485641226,S2-251886270,S1_S2,0,0,0,0,1,1,1,1,3,multiple
S1-485641226,S2-608611531,S1_S2,0,0,0,0,0,1,1,1,2,multiple
S1-485641226,S3-193347211,S1_S3,0,0,0,1,1,0,0,1,2,multiple
S1-485641226,S3-985443698,S1_S3,0,0,0,1,1,1,1,1,4,multiple
S1-486363812,S2-35290319,S1_S2,0,1,0,1,1,1,1,1,5,multiple
S1-486363812,S2-449361177,S1_S2,0,0,0,1,1,1,1,1,4,multiple
S1-486363812,S2-901597444,S1_S2,0,0,0,0,1,1,1,1,3,multiple
S1-486363812,S3-102164543,S1_S3,0,0,0,1,1,1,1,1,4,multiple
S1-486363812,S3-434003847,S1_S3,0,0,0,1,1,1,1,1,4,multiple
S1-486363812,S3-443514056,S1_S3,1,1,0,1,1,1,1,1,6,multiple
S1-486459878,S2-182322865,S1_S2,0,1,0,1,1,1,1,1,5,multiple
S1-486459878,S2-614673391,S1_S2,0,0,0,1,1,1,1,1,4,multiple
S1-486459878,S3-18965133,S1_S3,1,1,0,1,1,1,1,1,6,multiple
S1-486459878,S3-615450889,S1_S3,0,1,0,1,1,1,1,1,5,multiple
S1-486920059,S2-293989002,S1_S2,0,1,0,1,1,1,1,1,5,multiple
S1-486920059,S2-479856357,S1_S2,1,1,0,1,1,0,0,1,4,multiple
S1-486920059,S3-794751371,S1_S3,0,1,0,1,1,1,1,1,5,multiple
S1-488329861,S2-501461349,S1_S2,0,1,0,1,1,1,1,1,5,multiple
S1-488329861,S2-626773422,S1_S2,0,1,0,1,1,1,1,1,5,multiple
S1-488329861,S2-990792163,S1_S2,0,1,0,1,1,1,1,1,5,multiple
S1-488329861,S3-674632706,S1_S3,0,1,0,1,1,1,1,1,5,multiple
S1-488395497,S2-376260480,S1_S2,0,0,0,1,1,1,1,1,4,multiple
S1-488395497,S2-725663855,S1_S2,1,0,0,1,1,1,1,1,5,multiple
S1-488395497,S3-66102321,S1_S3,0,0,0,1,1,1,1,1,4,multiple
S1-488982719,S2-309007728,S1_S2,0,0,0,1,1,1,1,1,4,multiple
S1-488982719,S3-56914897,S1_S3,1,0,0,1,1,1,1,1,5,multiple
S1-48959437,S2-145574918,S1_S2,0,0,0,0,0,1,1,1,2,multiple
S1-48959437,S2-587695531,S1_S2,0,0,0,0,0,1,1,1,2,multiple
S1-48959437,S2-782938524,S1_S2,0,0,0,0,0,1,1,1,2,multiple
S1-48959437,S3-896653069,S1_S3,0,0,0,0,0,1,1,1,2,multiple
S1-490783768,S3-329535597,S1_S3,0,1,0,1,1,1,1,1,5,multiple
S1-490783768,S3-474222726,S1_S3,1,1,0,1,1,1,1,1,6,multiple
S1-490783768,S3-636814425,S1_S3,1,1,0,1,1,1,1,1,6,multiple
S1-494742614,S2-119693067,S1_S2,1,1,0,1,1,1,1,1,6,multiple
S1-494742614,S2-129417570,S1_S2,0,0,0,1,1,1,1,1,4,multiple
S1-494742614,S2-6813417,S1_S2,0,1,0,1,1,0,0,1,3,multiple
S1-494742614,S3-494116831,S1_S3,0,1,0,1,1,1,1,1,5,multiple
S1-495249492,S2-172393875,S1_S2,0,0,0,1,1,1,1,1,4,multiple
S1-495249492,S3-348929086,S1_S3,1,0,0,1,1,1,1,1,5,multiple
S1-495665319,S2-611249168,S1_S2,0,0,0,1,1,1,1,1,4,multiple
S1-495665319,S3-253384613,S1_S3,1,0,0,1,1,1,1,1,5,multiple
S1-495665319,S3-992335096,S1_S3,1,0,0,1,1,0,0,1,3,multiple
S1-496198372,S3-782638518,S1_S3,0,1,0,1,1,1,1,1,5,multiple
S1-496254372,S2-107177385,S1_S2,0,0,0,0,0,1,1,1,2,multiple
S1-496254372,S2-720001761,S1_S2,0,0,0,1,1,1,1,1,4,multiple
S1-496254372,S3-540988750,S1_S3,1,0,0,1,1,1,1,1,5,multiple
S1-496254372,S3-697452830,S1_S3,1,0,0,1,1,1,1,1,5,multiple
S1-496489364,S2-568672693,S1_S2,0,0,0,0,1,0,0,1,1,name_tfidf_top50
S1-496489364,S2-937983973,S1_S2,0,0,0,1,1,1,1,1,4,multiple
S1-496489364,S3-889973891,S1_S3,1,1,0,1,1,1,1,1,6,multiple
S1-496836977,S2-380645767,S1_S2,0,0,0,0,1,1,1,1,3,multiple
S1-496836977,S2-684872035,S1_S2,0,0,0,1,1,1,1,1,4,multiple
S1-496836977,S2-951025065,S1_S2,0,0,0,0,0,1,1,1,2,multiple
S1-496836977,S3-296390934,S1_S3,1,0,0,1,1,1,1,1,5,multiple
S1-497112250,S2-273572309,S1_S2,0,0,0,1,1,1,1,1,4,multiple
S1-497112250,S3-257926640,S1_S3,1,0,0,1,1,1,1,1,5,multiple
S1-497112250,S3-862728512,S1_S3,0,0,0,1,1,1,1,1,4,multiple
S1-49728666,S2-108858310,S1_S2,0,0,0,1,1,1,1,1,4,multiple
S1-49728666,S2-112141693,S1_S2,0,0,0,1,1,1,1,1,4,multiple
S1-49728666,S2-575791639,S1_S2,0,0,0,1,1,1,1,1,4,multiple
S1-497715918,S2-419810257,S1_S2,0,0,0,1,1,1,1,1,4,multiple
S1-497715918,S3-770393912,S1_S3,0,0,0,1,1,1,1,1,4,multiple
S1-497715918,S3-888176323,S1_S3,0,0,0,1,1,1,1,1,4,multiple
S1-498123814,S2-225315172,S1_S2,1,1,0,1,1,1,1,1,6,multiple
S1-498123814,S3-688448152,S1_S3,0,1,0,1,1,0,0,1,3,multiple
S1-49929156,S2-167178062,S1_S2,0,1,0,1,1,1,1,1,5,multiple
S1-49929156,S3-999949424,S1_S3,0,1,0,1,1,1,1,1,5,multiple
S1-500175486,S2-126921098,S1_S2,1,1,0,1,1,1,1,1,6,multiple
S1-500175486,S3-244553203,S1_S3,0,1,0,1,1,1,1,1,5,multiple
S1-500175486,S3-451443782,S1_S3,1,1,0,1,1,1,1,1,6,multiple
S1-500175486,S3-673758113,S1_S3,0,1,0,1,1,1,1,1,5,multiple
S1-500175486,S3-822647623,S1_S3,0,1,0,1,1,1,1,1,5,multiple
S1-500175486,S3-910576952,S1_S3,0,0,0,0,0,1,1,1,2,multiple
S1-500638823,S3-112604153,S1_S3,0,1,0,1,1,0,1,1,4,multiple
S1-500638823,S3-461293046,S1_S3,0,1,0,1,1,1,1,1,5,multiple
S1-501102125,S3-159419788,S1_S3,0,1,0,1,1,1,1,1,5,multiple
S1-502109377,S2-751000268,S1_S2,0,1,0,1,1,1,1,1,5,multiple
S1-502109377,S2-933700891,S1_S2,0,1,0,1,1,1,1,1,5,multiple
S1-502109377,S2-991068346,S1_S2,0,1,0,1,1,1,1,1,5,multiple
S1-502109377,S3-588661489,S1_S3,0,1,0,1,1,0,0,1,3,multiple
S1-502109377,S3-963365756,S1_S3,0,1,1,1,1,1,1,1,6,multiple
S1-502336742,S2-25912509,S1_S2,1,1,0,1,1,1,1,1,6,multiple
S1-502336742,S2-439105320,S1_S2,0,0,0,1,1,1,1,1,4,multiple
S1-502336742,S3-525209269,S1_S3,0,1,0,1,1,1,1,1,5,multiple
S1-502336742,S3-702878722,S1_S3,0,0,0,1,1,1,1,1,4,multiple
S1-502336742,S3-983425336,S1_S3,1,1,0,1,1,1,1,1,6,multiple
S1-50241659,S3-266292142,S1_S3,0,1,0,1,1,1,1,1,5,multiple
S1-50241659,S3-690171138,S1_S3,0,1,0,1,1,1,1,1,5,multiple
S1-503650802,S2-552084610,S1_S2,0,0,0,0,0,1,1,1,2,multiple
S1-503650802,S2-592422551,S1_S2,0,0,0,0,0,1,1,1,2,multiple
S1-503650802,S3-496103323,S1_S3,0,0,0,0,0,1,1,1,2,multiple
S1-503650802,S3-608936565,S1_S3,0,0,0,1,1,1,1,1,4,multiple
S1-503650802,S3-762107821,S1_S3,0,0,0,0,0,1,1,1,2,multiple
S1-505608082,S2-3791311,S1_S2,1,1,0,1,1,1,1,1,6,multiple
S1-505608082,S2-447688317,S1_S2,1,1,0,1,1,1,1,1,6,multiple
S1-505608082,S2-503561995,S1_S2,0,1,0,1,1,1,1,1,5,multiple
S1-505608082,S2-626295678,S1_S2,0,1,0,1,1,1,1,1,5,multiple
S1-505608082,S2-879352037,S1_S2,0,1,0,1,1,1,1,1,5,multiple
S1-505608082,S3-335573271,S1_S3,1,1,0,1,1,1,1,1,6,multiple
S1-505608082,S3-455577335,S1_S3,1,1,0,1,1,1,1,1,6,multiple
S1-505608082,S3-787464713,S1_S3,0,0,0,1,1,1,1,1,4,multiple
S1-50687709,S2-214686066,S1_S2,0,0,0,1,1,1,1,1,4,multiple
S1-50687709,S2-239598253,S1_S2,0,0,0,0,0,1,1,1,2,multiple
S1-50687709,S3-398367728,S1_S3,0,0,0,0,0,1,1,1,2,multiple
S1-50687709,S3-719698879,S1_S3,0,0,0,0,0,0,0,0,0,none
S1-50687709,S3-894906941,S1_S3,0,0,0,0,1,0,1,1,2,multiple
S1-507685041,S2-298361878,S1_S2,1,0,0,1,1,1,1,1,5,multiple
S1-507685041,S2-760143079,S1_S2,1,0,0,1,1,1,1,1,5,multiple
S1-507685041,S3-84579703,S1_S3,0,0,0,1,1,1,1,1,4,multiple
S1-507877163,S2-40566490,S1_S2,1,0,0,1,1,1,1,1,5,multiple
S1-507877163,S2-483536371,S1_S2,1,0,0,1,1,1,1,1,5,multiple
S1-507877163,S2-535772,S1_S2,0,0,0,1,1,1,1,1,4,multiple
S1-507877163,S2-996844726,S1_S2,0,0,0,1,1,1,1,1,4,multiple
S1-507877163,S3-646988891,S1_S3,0,0,0,1,1,1,1,1,4,multiple
S1-507891045,S2-627915929,S1_S2,0,1,0,0,1,1,1,1,4,multiple
S1-507891045,S3-205399706,S1_S3,0,1,0,1,1,1,1,1,5,multiple
S1-507891045,S3-21732025,S1_S3,0,1,0,1,1,1,1,1,5,multiple
S1-508725984,S2-397771698,S1_S2,0,1,0,1,1,1,1,1,5,multiple
S1-508725984,S2-549208038,S1_S2,0,1,0,1,1,1,1,1,5,multiple
S1-508725984,S3-514813864,S1_S3,1,1,0,1,1,1,1,1,6,multiple
S1-508811936,S2-263940708,S1_S2,1,1,0,1,1,1,1,1,6,multiple
S1-508811936,S2-610237406,S1_S2,0,1,0,1,1,1,1,1,5,multiple
S1-508811936,S3-172873635,S1_S3,0,1,0,1,1,1,1,1,5,multiple
S1-508811936,S3-445834288,S1_S3,1,1,0,1,1,1,1,1,6,multiple
S1-508811936,S3-864928115,S1_S3,0,1,0,1,1,1,1,1,5,multiple
S1-509613549,S2-163973399,S1_S2,0,1,0,1,1,1,1,1,5,multiple
S1-509613549,S2-656847266,S1_S2,0,1,0,1,1,1,1,1,5,multiple
S1-509613549,S2-723374218,S1_S2,0,1,0,1,1,1,1,1,5,multiple
S1-509613549,S2-82192081,S1_S2,0,1,0,1,1,1,1,1,5,multiple
S1-509613549,S2-946144757,S1_S2,0,1,0,1,1,1,1,1,5,multiple
S1-509613549,S3-383215778,S1_S3,0,1,0,1,1,1,1,1,5,multiple
S1-509613549,S3-637583498,S1_S3,0,1,0,1,1,1,1,1,5,multiple
S1-509613549,S3-702580150,S1_S3,0,1,0,1,1,1,1,1,5,multiple
S1-509613549,S3-939981093,S1_S3,1,1,0,1,1,1,1,1,6,multiple
S1-509637386,S2-126015977,S1_S2,1,1,1,1,1,1,1,1,7,multiple
S1-509637386,S2-455908956,S1_S2,0,1,0,1,1,1,1,1,5,multiple
S1-509637386,S3-288037,S1_S3,0,1,1,1,1,1,1,1,6,multiple
S1-509934064,S2-145262443,S1_S2,0,0,0,1,1,1,1,1,4,multiple
S1-509934064,S2-435242705,S1_S2,0,0,0,1,1,1,1,1,4,multiple
S1-509934064,S2-68999972,S1_S2,0,0,0,1,1,1,1,1,4,multiple
S1-509934064,S2-876662728,S1_S2,0,0,0,0,0,1,1,1,2,multiple
S1-509934064,S3-197967853,S1_S3,0,0,0,0,0,1,1,1,2,multiple
S1-509934064,S3-39945276,S1_S3,0,0,0,1,1,1,1,1,4,multiple
S1-509934064,S3-529254752,S1_S3,0,0,0,1,1,1,1,1,4,multiple
S1-511902080,S2-438167112,S1_S2,0,0,0,0,0,1,1,1,2,multiple
S1-511902080,S2-929650795,S1_S2,0,0,0,0,0,1,1,1,2,multiple
S1-511902080,S3-220217074,S1_S3,0,0,0,0,0,1,1,1,2,multiple
S1-512476983,S2-624872255,S1_S2,0,0,0,1,1,1,1,1,4,multiple
S1-512476983,S2-682971632,S1_S2,0,0,0,0,0,1,1,1,2,multiple
S1-512476983,S3-127042412,S1_S3,0,0,0,1,1,0,0,1,2,multiple
S1-512476983,S3-424654643,S1_S3,1,0,0,1,1,1,1,1,5,multiple
S1-512865096,S2-319832957,S1_S2,1,1,1,1,1,1,1,1,7,multiple
S1-512865096,S3-720646422,S1_S3,1,1,1,1,1,1,1,1,7,multiple
S1-512865096,S3-860377349,S1_S3,0,1,1,1,1,1,1,1,6,multiple
S1-513397947,S2-377311164,S1_S2,0,0,0,0,0,1,1,1,2,multiple
S1-513397947,S2-580655136,S1_S2,0,1,0,1,1,1,1,1,5,multiple
S1-513397947,S3-193821669,S1_S3,0,0,0,1,1,1,1,1,4,multiple
S1-513397947,S3-495692963,S1_S3,0,1,0,1,1,1,1,1,5,multiple
S1-513397947,S3-953783119,S1_S3,0,1,0,1,1,1,1,1,5,multiple
S1-513773810,S2-991509734,S1_S2,0,1,1,1,1,1,1,1,6,multiple
S1-513773810,S3-364844564,S1_S3,0,1,1,1,1,1,1,1,6,multiple
S1-513773810,S3-934134447,S1_S3,0,0,1,0,1,1,1,1,4,multiple
S1-513948185,S2-697148423,S1_S2,0,1,0,1,1,1,1,1,5,multiple
S1-513948185,S2-820843369,S1_S2,0,1,0,1,1,1,1,1,5,multiple
S1-513948185,S3-601240841,S1_S3,0,1,0,1,1,1,1,1,5,multiple
S1-515732685,S2-715708937,S1_S2,0,1,0,1,1,1,1,1,5,multiple
S1-515732685,S3-166296964,S1_S3,0,1,0,1,1,1,1,1,5,multiple
S1-515732685,S3-702463779,S1_S3,1,1,0,1,1,1,1,1,6,multiple
S1-516137451,S2-7049414,S1_S2,0,1,0,1,1,1,1,1,5,multiple
S1-516137451,S2-804668387,S1_S2,0,1,0,1,1,1,1,1,5,multiple
S1-516137451,S2-916931791,S1_S2,0,1,0,1,1,1,1,1,5,multiple
S1-516298509,S2-303584853,S1_S2,0,0,0,1,1,1,1,1,4,multiple
S1-516298509,S2-377380944,S1_S2,0,0,0,1,1,1,1,1,4,multiple
S1-516298509,S2-472178693,S1_S2,0,0,0,1,1,0,0,1,2,multiple
S1-516298509,S2-726356369,S1_S2,0,0,0,1,1,1,1,1,4,multiple
S1-516298509,S3-379499957,S1_S3,1,0,0,1,1,1,1,1,5,multiple
S1-516298509,S3-38749969,S1_S3,0,0,0,1,1,1,1,1,4,multiple
S1-516298509,S3-700522581,S1_S3,0,0,0,1,1,1,1,1,4,multiple
S1-516930769,S2-166167140,S1_S2,0,1,0,1,1,1,1,1,5,multiple
S1-516930769,S2-639209313,S1_S2,0,1,0,1,1,1,1,1,5,multiple
S1-516930769,S3-559300200,S1_S3,1,1,0,1,1,1,1,1,6,multiple
S1-516963263,S2-455227942,S1_S2,0,0,1,1,1,1,1,1,5,multiple
S1-516963263,S3-105260343,S1_S3,1,0,1,1,1,1,1,1,6,multiple
S1-516963263,S3-426397547,S1_S3,0,0,1,1,1,1,1,1,5,multiple
S1-518288623,S2-375520489,S1_S2,0,1,0,1,1,1,1,1,5,multiple
S1-518288623,S2-870887808,S1_S2,0,1,0,1,1,0,0,1,3,multiple
S1-518288623,S2-902722900,S1_S2,0,1,0,1,1,1,1,1,5,multiple
S1-518288623,S3-223088485,S1_S3,0,1,0,1,1,1,1,1,5,multiple
S1-518288623,S3-264632255,S1_S3,1,1,0,1,1,0,0,1,4,multiple
S1-519091071,S2-306802464,S1_S2,0,0,0,1,1,1,1,1,4,multiple
S1-519091071,S2-867283368,S1_S2,1,1,0,1,1,1,1,1,6,multiple
S1-519091071,S3-735978152,S1_S3,0,0,0,1,1,1,1,1,4,multiple
S1-519091071,S3-922687041,S1_S3,0,1,0,1,1,1,1,1,5,multiple
S1-519252066,S2-187608643,S1_S2,1,0,0,1,1,1,1,1,5,multiple
S1-519252066,S3-785528908,S1_S3,0,0,0,1,1,1,1,1,4,multiple
S1-519252066,S3-833691814,S1_S3,0,0,0,0,0,1,1,1,2,multiple
S1-519610338,S2-447675488,S1_S2,0,1,0,1,1,1,1,1,5,multiple
S1-519610338,S2-453279472,S1_S2,0,1,0,1,1,1,1,1,5,multiple
S1-519610338,S2-937062099,S1_S2,1,1,0,1,1,1,1,1,6,multiple
S1-519610338,S3-607025307,S1_S3,0,0,0,1,1,1,1,1,4,multiple
S1-519825175,S2-746490660,S1_S2,0,0,0,1,1,1,1,1,4,multiple
S1-519825175,S3-108291420,S1_S3,0,0,0,1,1,0,0,1,2,multiple
S1-519825175,S3-517855216,S1_S3,0,0,0,1,1,0,0,1,2,multiple
S1-519825175,S3-76581942,S1_S3,0,0,0,1,1,0,0,1,2,multiple
S1-520948837,S2-351640497,S1_S2,0,1,1,1,1,1,1,1,6,multiple
S1-520948837,S2-467876729,S1_S2,0,1,0,1,1,1,1,1,5,multiple
S1-520948837,S3-149689254,S1_S3,0,0,1,0,0,1,1,1,3,multiple
S1-520948837,S3-614455581,S1_S3,0,1,1,1,1,1,1,1,6,multiple
S1-521776356,S3-731109823,S1_S3,0,1,0,1,1,1,1,1,5,multiple
S1-521781296,S3-241860937,S1_S3,0,0,0,1,1,1,1,1,4,multiple
S1-521781296,S3-903123116,S1_S3,0,1,0,1,1,1,1,1,5,multiple
S1-521939966,S2-117128637,S1_S2,0,1,0,1,1,1,1,1,5,multiple
S1-521939966,S2-410866509,S1_S2,0,1,0,1,1,1,1,1,5,multiple
S1-521939966,S2-758006610,S1_S2,1,1,0,1,1,1,1,1,6,multiple
S1-521939966,S3-356898423,S1_S3,0,1,0,1,1,1,1,1,5,multiple
S1-521939966,S3-409256308,S1_S3,1,1,0,1,1,1,1,1,6,multiple
S1-521939966,S3-683577520,S1_S3,0,1,0,1,1,1,1,1,5,multiple
S1-521939966,S3-714252660,S1_S3,0,1,0,1,1,1,1,1,5,multiple
S1-522063881,S2-484716121,S1_S2,0,0,0,0,0,1,1,1,2,multiple
S1-522063881,S2-602484628,S1_S2,0,0,0,0,0,1,1,1,2,multiple
S1-522063881,S2-731236513,S1_S2,0,0,0,1,1,1,1,1,4,multiple
S1-522063881,S3-867234651,S1_S3,0,0,0,0,0,1,1,1,2,multiple
S1-522115468,S2-848854300,S1_S2,0,1,0,1,1,1,1,1,5,multiple
S1-522115468,S3-681996771,S1_S3,0,1,0,1,1,1,1,1,5,multiple
S1-522115468,S3-689519919,S1_S3,0,1,0,1,1,1,1,1,5,multiple
S1-522115468,S3-789528291,S1_S3,0,1,0,1,1,1,1,1,5,multiple
S1-522613198,S2-137609675,S1_S2,1,1,0,1,1,1,1,1,6,multiple
S1-522613198,S2-210834694,S1_S2,1,1,0,1,1,1,1,1,6,multiple
S1-522613198,S3-354059238,S1_S3,0,1,0,1,1,1,1,1,5,multiple
S1-523011194,S3-621958208,S1_S3,1,1,0,1,1,1,1,1,6,multiple
S1-523011194,S3-936798445,S1_S3,0,1,0,1,1,1,1,1,5,multiple
S1-524093882,S2-21591173,S1_S2,0,0,0,1,1,1,1,1,4,multiple
S1-524093882,S2-880836780,S1_S2,0,1,0,1,1,1,1,1,5,multiple
S1-524093882,S3-140033193,S1_S3,0,1,0,1,1,1,1,1,5,multiple
S1-525276384,S2-104063470,S1_S2,0,0,0,0,1,1,1,1,3,multiple
S1-525276384,S2-847383554,S1_S2,0,0,0,1,1,1,1,1,4,multiple
S1-525276384,S3-295304961,S1_S3,1,0,0,1,1,0,0,1,3,multiple
S1-525276384,S3-389721729,S1_S3,1,0,0,1,1,1,1,1,5,multiple
S1-525276384,S3-984334696,S1_S3,0,0,0,1,1,1,1,1,4,multiple
S1-527172126,S3-242218206,S1_S3,0,0,0,1,1,1,1,1,4,multiple
S1-527172126,S3-602581404,S1_S3,0,0,0,1,1,1,1,1,4,multiple
S1-527172126,S3-613768124,S1_S3,0,0,0,1,1,1,1,1,4,multiple
S1-52723520,S2-631405411,S1_S2,1,1,0,1,1,0,0,1,4,multiple
S1-52723520,S2-632712832,S1_S2,0,1,0,1,1,1,1,1,5,multiple
S1-52723520,S3-277568836,S1_S3,1,1,0,1,1,1,1,1,6,multiple
S1-528207622,S2-266770619,S1_S2,0,0,0,0,0,1,1,1,2,multiple
S1-528207622,S2-997389364,S1_S2,0,0,0,0,0,1,1,1,2,multiple
S1-528207622,S3-601730062,S1_S3,0,0,0,1,1,1,1,1,4,multiple
S1-528207622,S3-89997841,S1_S3,0,0,0,1,1,1,1,1,4,multiple
S1-529312290,S2-805752041,S1_S2,0,0,0,1,1,1,1,1,4,multiple
S1-529312290,S2-940814785,S1_S2,0,0,0,0,0,1,1,1,2,multiple
S1-529312290,S3-183427417,S1_S3,0,0,0,1,1,1,1,1,4,multiple
S1-530991435,S2-318704559,S1_S2,0,0,0,1,1,1,1,1,4,multiple
S1-530991435,S3-406487034,S1_S3,0,0,0,1,1,1,1,1,4,multiple
S1-53160217,S2-253988724,S1_S2,0,0,0,0,0,1,1,1,2,multiple
S1-53160217,S2-850343603,S1_S2,0,0,0,0,0,1,1,1,2,multiple
S1-53160217,S2-866195976,S1_S2,0,0,0,0,0,1,1,1,2,multiple
S1-53160217,S3-321232855,S1_S3,0,0,0,1,1,1,1,1,4,multiple
S1-53178798,S2-518806368,S1_S2,0,0,1,1,1,0,0,1,3,multiple
S1-53178798,S2-592671527,S1_S2,0,0,1,1,1,1,1,1,5,multiple
S1-53178798,S2-66725476,S1_S2,0,0,1,0,0,1,1,1,3,multiple
S1-53178798,S2-98602068,S1_S2,0,0,1,1,1,1,1,1,5,multiple
S1-53178798,S3-907330751,S1_S3,0,0,1,1,1,1,1,1,5,multiple
S1-532589915,S2-62218606,S1_S2,0,0,0,1,1,1,1,1,4,multiple
S1-532589915,S2-646858612,S1_S2,0,0,0,1,1,1,1,1,4,multiple
S1-532589915,S3-276494747,S1_S3,0,0,0,1,1,1,1,1,4,multiple
S1-532589915,S3-707394706,S1_S3,0,0,0,0,1,1,1,1,3,multiple
S1-532589915,S3-868342862,S1_S3,0,0,0,1,1,1,1,1,4,multiple
S1-532958154,S2-160536675,S1_S2,0,0,0,1,1,1,1,1,4,multiple
S1-532958154,S2-434831984,S1_S2,1,0,0,1,1,1,1,1,5,multiple
S1-532958154,S2-46271723,S1_S2,0,0,0,1,1,1,1,1,4,multiple
S1-532958154,S3-91009531,S1_S3,0,0,0,1,1,1,1,1,4,multiple
S1-533088392,S2-823454456,S1_S2,1,1,0,1,1,1,1,1,6,multiple
S1-533246071,S2-906202164,S1_S2,0,0,0,1,1,1,1,1,4,multiple
S1-533246071,S3-118987887,S1_S3,1,0,0,1,1,1,1,1,5,multiple
S1-533246071,S3-910026948,S1_S3,1,0,0,1,1,1,1,1,5,multiple
S1-533246071,S3-944304340,S1_S3,0,0,0,1,1,1,1,1,4,multiple
S1-534106306,S2-370291923,S1_S2,0,1,0,1,1,1,1,1,5,multiple
S1-534106306,S2-645970601,S1_S2,0,1,0,1,1,1,1,1,5,multiple
S1-534106306,S3-717112422,S1_S3,1,1,0,1,1,1,1,1,6,multiple
S1-534905116,S2-365505487,S1_S2,0,0,0,1,1,1,1,1,4,multiple
S1-534905116,S3-646715858,S1_S3,0,0,0,1,1,1,1,1,4,multiple
S1-534905116,S3-673394335,S1_S3,0,0,0,1,1,1,1,1,4,multiple
S1-535144408,S2-251540660,S1_S2,0,0,0,0,0,1,1,1,2,multiple
S1-535144408,S3-892042551,S1_S3,0,0,0,0,0,1,1,1,2,multiple
S1-535916106,S2-638882852,S1_S2,0,0,0,1,1,0,0,1,2,multiple
S1-535916106,S3-521058155,S1_S3,0,0,0,1,1,1,1,1,4,multiple
S1-53594766,S3-448228293,S1_S3,0,0,0,1,1,1,1,1,4,multiple
S1-53594766,S3-786593837,S1_S3,0,0,0,0,0,1,1,1,2,multiple
S1-537095985,S2-582096509,S1_S2,0,0,0,0,0,1,1,1,2,multiple
S1-537095985,S3-122181426,S1_S3,0,0,0,0,0,1,1,1,2,multiple
S1-537095985,S3-902071479,S1_S3,0,0,0,0,0,1,1,1,2,multiple
S1-537584656,S2-552301436,S1_S2,0,1,0,1,1,1,1,1,5,multiple
S1-537584656,S3-286598898,S1_S3,0,0,0,1,1,1,1,1,4,multiple
S1-537584656,S3-701952632,S1_S3,0,1,0,1,1,1,1,1,5,multiple
S1-538098828,S2-167112490,S1_S2,0,0,0,0,0,1,1,1,2,multiple
S1-538098828,S2-17674516,S1_S2,0,0,0,0,0,1,1,1,2,multiple
S1-538098828,S3-372095220,S1_S3,0,0,0,0,1,0,1,1,2,multiple
S1-538098828,S3-610713325,S1_S3,0,0,0,0,0,0,1,1,1,address_tfidf_top50
S1-538115213,S2-650823952,S1_S2,0,1,0,1,1,1,1,1,5,multiple
S1-538115213,S3-979552054,S1_S3,1,1,0,1,1,1,1,1,6,multiple
S1-538168139,S2-498306395,S1_S2,0,1,0,1,1,1,1,1,5,multiple
S1-538168139,S2-776286300,S1_S2,0,1,0,1,1,1,1,1,5,multiple
S1-538168139,S2-795606667,S1_S2,1,1,0,1,1,1,1,1,6,multiple
S1-538168139,S3-758609381,S1_S3,1,1,0,1,1,1,1,1,6,multiple
S1-538168139,S3-96881689,S1_S3,0,1,0,1,1,1,1,1,5,multiple
S1-539234943,S2-567947304,S1_S2,0,1,0,1,1,1,1,1,5,multiple
S1-539234943,S2-960370410,S1_S2,0,1,0,1,1,1,1,1,5,multiple
S1-539234943,S3-962408176,S1_S3,0,1,0,1,1,1,1,1,5,multiple
S1-539662428,S2-174698536,S1_S2,0,1,0,1,1,1,1,1,5,multiple
S1-539662428,S2-343828950,S1_S2,0,1,0,1,1,1,1,1,5,multiple
S1-539662428,S2-553685200,S1_S2,0,1,0,1,1,1,1,1,5,multiple
S1-539662428,S2-70829407,S1_S2,1,1,0,1,1,1,1,1,6,multiple
S1-539662428,S2-921686470,S1_S2,0,1,0,1,1,1,1,1,5,multiple
S1-539662428,S3-506608022,S1_S3,0,1,0,1,1,0,0,1,3,multiple
S1-539662428,S3-837641776,S1_S3,0,1,0,1,1,0,0,1,3,multiple
S1-541125179,S2-215184719,S1_S2,0,0,0,1,1,1,1,1,4,multiple
S1-541125179,S3-382295052,S1_S3,1,0,0,1,1,1,1,1,5,multiple
S1-541655188,S2-628371790,S1_S2,0,0,0,0,0,1,1,1,2,multiple
S1-541655188,S3-564271532,S1_S3,0,0,0,0,0,1,1,1,2,multiple
S1-541655188,S3-768846428,S1_S3,0,0,0,0,0,1,1,1,2,multiple
S1-54170534,S2-212478565,S1_S2,0,0,0,1,1,1,1,1,4,multiple
S1-54170534,S2-21691431,S1_S2,0,0,0,0,0,1,1,1,2,multiple
S1-54170534,S2-834466671,S1_S2,0,0,0,0,0,1,1,1,2,multiple
S1-54170534,S3-152149096,S1_S3,0,0,0,0,0,1,1,1,2,multiple
S1-543366504,S2-131141198,S1_S2,0,1,0,1,1,1,1,1,5,multiple
S1-543366504,S2-917836144,S1_S2,1,1,0,1,1,1,1,1,6,multiple
S1-543366504,S3-433566950,S1_S3,0,1,0,1,1,1,1,1,5,multiple
S1-544459245,S2-303011742,S1_S2,0,1,0,1,1,1,1,1,5,multiple
S1-544459245,S2-655566617,S1_S2,0,1,0,1,1,1,1,1,5,multiple
S1-544459245,S3-201189180,S1_S3,1,1,0,1,1,1,1,1,6,multiple
S1-544459245,S3-564876784,S1_S3,1,1,0,1,1,1,1,1,6,multiple
S1-544930455,S2-115060814,S1_S2,0,1,0,1,1,1,1,1,5,multiple
S1-544930455,S3-28797867,S1_S3,0,0,0,1,1,1,1,1,4,multiple
S1-544930455,S3-328177990,S1_S3,0,1,0,1,1,1,1,1,5,multiple
S1-544930455,S3-40237295,S1_S3,1,1,0,1,1,1,1,1,6,multiple
S1-544930455,S3-53709154,S1_S3,0,1,0,1,1,1,1,1,5,multiple
S1-544930455,S3-905755062,S1_S3,0,0,0,1,1,1,1,1,4,multiple
S1-546029506,S2-479648707,S1_S2,1,1,0,1,1,1,1,1,6,multiple
S1-546029506,S2-90762191,S1_S2,1,1,0,1,1,1,1,1,6,multiple
S1-546029506,S3-917399585,S1_S3,0,0,0,1,1,1,1,1,4,multiple
S1-546444881,S2-168016310,S1_S2,1,1,0,1,1,1,1,1,6,multiple
S1-546444881,S2-273782241,S1_S2,0,1,0,1,1,1,1,1,5,multiple
S1-546444881,S2-432163416,S1_S2,0,1,0,1,1,1,1,1,5,multiple
S1-546444881,S3-688366200,S1_S3,0,1,0,1,1,1,1,1,5,multiple
S1-547048942,S2-307260577,S1_S2,1,1,0,1,1,1,1,1,6,multiple
S1-547048942,S2-389269106,S1_S2,0,1,0,1,1,1,1,1,5,multiple
S1-547048942,S3-254577680,S1_S3,1,1,0,1,1,1,1,1,6,multiple
S1-547162909,S3-502203257,S1_S3,1,1,0,1,1,1,1,1,6,multiple
S1-54738212,S2-171011603,S1_S2,1,1,0,1,1,1,1,1,6,multiple
S1-54738212,S2-303343555,S1_S2,0,1,0,1,1,1,1,1,5,multiple
S1-54738212,S2-784043099,S1_S2,0,0,0,0,0,1,1,1,2,multiple
S1-54738212,S3-922867915,S1_S3,0,0,0,0,0,1,1,1,2,multiple
S1-54838588,S2-294250711,S1_S2,0,0,0,1,1,1,1,1,4,multiple
S1-54838588,S2-870340789,S1_S2,0,0,0,0,0,1,1,1,2,multiple
S1-54838588,S2-961702192,S1_S2,0,0,0,0,0,1,1,1,2,multiple
S1-54838588,S3-334683335,S1_S3,0,0,0,0,0,1,1,1,2,multiple
S1-54838588,S3-546790458,S1_S3,0,0,0,0,0,1,1,1,2,multiple
S1-5495844,S3-168089169,S1_S3,0,1,0,1,1,0,0,1,3,multiple
S1-5495844,S3-491634934,S1_S3,1,1,0,1,1,0,1,1,5,multiple
S1-5495844,S3-536968207,S1_S3,0,1,0,0,0,1,1,1,3,multiple
S1-550029425,S2-215015461,S1_S2,0,0,0,1,1,1,1,1,4,multiple
S1-550029425,S2-463237338,S1_S2,0,0,0,1,1,1,1,1,4,multiple
S1-550029425,S2-999482288,S1_S2,1,1,0,1,1,1,1,1,6,multiple
S1-550029425,S3-155651028,S1_S3,0,1,0,1,1,1,1,1,5,multiple
S1-550029425,S3-406661756,S1_S3,0,1,0,1,1,1,1,1,5,multiple
S1-550911644,S2-552233074,S1_S2,0,0,0,0,0,1,1,1,2,multiple
S1-550911644,S3-433704034,S1_S3,0,0,0,0,0,1,1,1,2,multiple
S1-550911644,S3-573106150,S1_S3,0,0,0,1,1,1,1,1,4,multiple
S1-550911644,S3-590976335,S1_S3,0,0,0,0,0,1,1,1,2,multiple
S1-550911644,S3-949202692,S1_S3,0,0,0,0,0,1,1,1,2,multiple
S1-552091231,S2-300498174,S1_S2,1,1,0,1,1,1,1,1,6,multiple
S1-552091231,S2-474395141,S1_S2,1,1,0,1,1,1,1,1,6,multiple
S1-552091231,S2-961471346,S1_S2,0,1,0,1,1,1,1,1,5,multiple
S1-552091231,S3-576589183,S1_S3,0,1,0,0,0,1,1,1,3,multiple
S1-552091231,S3-77312293,S1_S3,1,1,0,1,1,1,1,1,6,multiple
S1-552091231,S3-778090150,S1_S3,0,1,0,1,1,1,1,1,5,multiple
S1-552771152,S2-562094957,S1_S2,0,0,0,1,1,1,1,1,4,multiple
S1-552771152,S3-500985194,S1_S3,1,0,0,1,1,1,1,1,5,multiple
S1-552816192,S2-162698205,S1_S2,0,0,0,1,1,1,1,1,4,multiple
S1-552816192,S2-933652994,S1_S2,1,0,0,1,1,1,1,1,5,multiple
S1-552816192,S3-273823105,S1_S3,0,0,0,1,1,1,1,1,4,multiple
S1-552816192,S3-485385391,S1_S3,1,0,0,1,1,1,1,1,5,multiple
S1-552816192,S3-746538262,S1_S3,0,0,0,1,1,1,1,1,4,multiple
S1-553077878,S2-507739609,S1_S2,0,1,0,0,1,1,1,1,4,multiple
S1-553077878,S2-564550927,S1_S2,0,1,0,1,1,1,1,1,5,multiple
S1-553077878,S2-850129548,S1_S2,1,1,0,1,1,1,1,1,6,multiple
S1-553077878,S2-93867116,S1_S2,1,1,0,1,1,1,1,1,6,multiple
S1-553077878,S3-266958692,S1_S3,1,1,0,1,1,1,1,1,6,multiple
S1-553077878,S3-635899268,S1_S3,1,1,0,1,1,1,1,1,6,multiple
S1-553077878,S3-883331778,S1_S3,1,1,0,1,1,1,1,1,6,multiple
S1-553169061,S2-47389520,S1_S2,1,1,0,1,1,1,1,1,6,multiple
S1-553169061,S2-81560378,S1_S2,1,1,0,1,1,1,1,1,6,multiple
S1-553169061,S3-500541589,S1_S3,0,1,0,1,1,1,1,1,5,multiple
S1-553169061,S3-9738752,S1_S3,1,1,0,1,1,1,1,1,6,multiple
S1-554754042,S2-320045357,S1_S2,1,0,0,1,1,1,1,1,5,multiple
S1-554754042,S2-73937896,S1_S2,0,0,0,1,1,1,1,1,4,multiple
S1-554754042,S2-807158231,S1_S2,0,0,0,1,1,1,1,1,4,multiple
S1-554754042,S3-200124694,S1_S3,0,0,0,1,1,1,1,1,4,multiple
S1-554754042,S3-210879102,S1_S3,0,0,0,1,1,1,1,1,4,multiple
S1-554754042,S3-213225472,S1_S3,0,0,0,1,1,1,1,1,4,multiple
S1-554754042,S3-537082885,S1_S3,0,0,0,1,1,1,1,1,4,multiple
S1-554758685,S2-376744788,S1_S2,1,1,0,1,1,1,1,1,6,multiple
S1-554758685,S2-868317817,S1_S2,1,1,0,1,1,1,1,1,6,multiple
S1-554758685,S3-887588872,S1_S3,0,0,0,1,1,1,1,1,4,multiple
S1-555738675,S2-151049206,S1_S2,0,0,0,1,1,1,1,1,4,multiple
S1-555738675,S3-126447824,S1_S3,0,1,0,1,1,1,1,1,5,multiple
S1-555738675,S3-348344204,S1_S3,1,1,0,1,1,1,1,1,6,multiple
S1-556027248,S2-888208176,S1_S2,0,1,0,1,1,1,1,1,5,multiple
S1-556027248,S2-973504427,S1_S2,1,1,0,1,1,1,1,1,6,multiple
S1-556027248,S3-419064441,S1_S3,0,1,0,1,1,1,1,1,5,multiple
S1-55648506,S2-117244941,S1_S2,0,1,1,1,1,1,1,1,6,multiple
S1-55648506,S2-331889893,S1_S2,0,0,1,1,1,1,1,1,5,multiple
S1-55648506,S3-229158140,S1_S3,0,1,1,1,1,1,1,1,6,multiple
S1-55648506,S3-357506997,S1_S3,0,0,1,1,1,1,1,1,5,multiple
S1-55648506,S3-85149735,S1_S3,0,0,1,1,1,1,1,1,5,multiple
S1-55648506,S3-873803538,S1_S3,0,0,1,1,1,1,1,1,5,multiple
S1-556853073,S2-434578700,S1_S2,0,0,0,0,1,1,1,1,3,multiple
S1-556853073,S2-458999128,S1_S2,0,0,0,0,0,1,1,1,2,multiple
S1-556853073,S3-561133535,S1_S3,0,0,0,0,0,1,1,1,2,multiple
S1-556853073,S3-585009486,S1_S3,0,0,0,0,0,1,1,1,2,multiple
S1-556871771,S2-409056560,S1_S2,0,1,0,1,1,1,1,1,5,multiple
S1-556871771,S2-514774367,S1_S2,0,0,0,1,1,1,1,1,4,multiple
S1-556871771,S2-666655568,S1_S2,0,1,0,1,1,1,1,1,5,multiple
S1-556871771,S2-838458155,S1_S2,0,0,0,1,1,1,1,1,4,multiple
S1-556871771,S3-640705000,S1_S3,0,1,0,1,1,0,0,1,3,multiple
S1-556871771,S3-828144784,S1_S3,0,0,0,0,0,0,0,0,0,none
S1-55708478,S3-499495696,S1_S3,0,0,0,1,1,1,1,1,4,multiple
S1-55708478,S3-567458811,S1_S3,0,0,0,0,0,1,1,1,2,multiple
S1-55708478,S3-979445022,S1_S3,0,0,0,0,1,1,1,1,3,multiple
S1-557679968,S2-28776285,S1_S2,0,0,0,0,0,1,1,1,2,multiple
S1-557679968,S3-294971311,S1_S3,0,0,0,0,0,1,1,1,2,multiple
S1-557679968,S3-418078000,S1_S3,0,0,0,1,1,0,0,1,2,multiple
S1-557697303,S2-12291633,S1_S2,0,1,0,1,1,1,1,1,5,multiple
S1-557697303,S2-230286145,S1_S2,0,1,0,1,1,1,1,1,5,multiple
S1-557697303,S2-277661353,S1_S2,1,1,0,1,1,1,1,1,6,multiple
S1-557697303,S3-540517399,S1_S3,0,1,0,1,1,1,1,1,5,multiple
S1-55776952,S2-780121699,S1_S2,0,0,1,1,1,1,1,1,5,multiple
S1-55776952,S2-791101190,S1_S2,1,0,0,1,1,1,1,1,5,multiple
S1-55776952,S3-501615241,S1_S3,0,0,1,0,0,1,1,1,3,multiple
S1-55776952,S3-536924277,S1_S3,0,0,1,1,1,1,1,1,5,multiple
S1-55776952,S3-795079497,S1_S3,1,0,1,1,1,1,1,1,6,multiple
S1-5598549,S2-125636143,S1_S2,1,0,0,1,1,1,1,1,5,multiple
S1-5598549,S3-11412960,S1_S3,1,0,0,1,1,1,1,1,5,multiple
S1-560360665,S3-291884057,S1_S3,0,1,0,1,1,1,1,1,5,multiple
S1-560360665,S3-817457530,S1_S3,0,0,0,1,1,1,1,1,4,multiple
S1-560442970,S2-375306023,S1_S2,0,0,0,1,1,1,1,1,4,multiple
S1-560442970,S2-550476335,S1_S2,0,0,0,1,1,1,1,1,4,multiple
S1-560442970,S3-133117120,S1_S3,0,0,0,1,1,1,1,1,4,multiple
S1-560442970,S3-464998889,S1_S3,1,0,0,1,1,1,1,1,5,multiple
S1-560442970,S3-764339095,S1_S3,0,0,0,0,0,1,1,1,2,multiple
S1-560940157,S2-470197900,S1_S2,0,0,0,1,1,1,1,1,4,multiple
S1-560940157,S3-844040806,S1_S3,0,0,0,1,1,1,1,1,4,multiple
S1-560940157,S3-855247313,S1_S3,0,0,0,0,0,1,1,1,2,multiple
S1-560940157,S3-984157626,S1_S3,0,0,0,1,1,1,1,1,4,multiple
S1-56138537,S2-561198518,S1_S2,0,1,0,1,1,1,1,1,5,multiple
S1-56138537,S3-813821398,S1_S3,0,1,0,1,1,1,1,1,5,multiple
S1-561409764,S2-172328828,S1_S2,0,0,0,1,1,1,1,1,4,multiple
S1-561409764,S2-216783780,S1_S2,0,0,0,1,1,1,1,1,4,multiple
S1-561409764,S3-571304022,S1_S3,0,0,0,1,1,1,1,1,4,multiple
S1-562498266,S2-644294701,S1_S2,0,1,0,1,1,1,1,1,5,multiple
S1-562498266,S3-204505373,S1_S3,0,0,0,1,1,1,1,1,4,multiple
S1-562498266,S3-223512150,S1_S3,0,1,0,1,1,1,1,1,5,multiple
S1-56320490,S2-461277104,S1_S2,0,1,0,1,1,1,1,1,5,multiple
S1-56320490,S3-150455381,S1_S3,0,1,0,1,1,0,0,1,3,multiple
S1-563710286,S2-407002298,S1_S2,1,1,0,1,1,1,1,1,6,multiple
S1-563710286,S3-852117573,S1_S3,0,1,0,1,1,1,1,1,5,multiple
S1-563710286,S3-923817870,S1_S3,0,1,0,1,1,1,1,1,5,multiple
S1-564479934,S2-44187719,S1_S2,0,0,0,1,1,1,1,1,4,multiple
S1-564479934,S2-511221282,S1_S2,0,0,0,0,1,1,1,1,3,multiple
S1-564479934,S2-564133003,S1_S2,1,0,0,1,1,1,1,1,5,multiple
S1-564479934,S2-590902330,S1_S2,1,0,0,1,1,1,1,1,5,multiple
S1-564479934,S2-897340188,S1_S2,0,0,0,1,1,1,1,1,4,multiple
S1-564479934,S3-462518619,S1_S3,0,0,0,1,1,1,1,1,4,multiple
S1-564479934,S3-619210949,S1_S3,1,0,0,1,1,1,1,1,5,multiple
S1-56496959,S2-328201083,S1_S2,0,0,0,0,0,1,1,1,2,multiple
S1-56496959,S2-859267018,S1_S2,0,0,0,0,0,1,1,1,2,multiple
S1-56496959,S3-831339485,S1_S3,0,0,0,1,1,1,1,1,4,multiple
S1-565652122,S2-266189084,S1_S2,0,1,0,1,1,1,1,1,5,multiple
S1-565652122,S2-579229973,S1_S2,0,1,0,1,1,1,1,1,5,multiple
S1-565652122,S2-617527123,S1_S2,0,1,0,1,1,1,1,1,5,multiple
S1-565652122,S2-628360020,S1_S2,0,1,0,1,1,1,1,1,5,multiple
S1-565652122,S3-865017691,S1_S3,0,1,0,1,1,0,0,1,3,multiple
S1-565658581,S2-451845985,S1_S2,0,0,0,1,1,1,1,1,4,multiple
S1-565658581,S2-644317350,S1_S2,0,0,0,1,1,1,1,1,4,multiple
S1-565658581,S3-416983006,S1_S3,0,0,0,1,1,1,1,1,4,multiple
S1-565658581,S3-562963941,S1_S3,1,0,0,1,1,1,1,1,5,multiple
S1-566341,S2-811865134,S1_S2,1,0,0,1,1,1,1,1,5,multiple
S1-566341,S3-33520021,S1_S3,0,0,0,1,1,1,1,1,4,multiple
S1-566341,S3-518633865,S1_S3,0,0,0,0,1,1,1,1,3,multiple
S1-567120377,S2-609052551,S1_S2,0,1,0,1,1,1,1,1,5,multiple
S1-567120377,S3-267615416,S1_S3,0,1,0,1,1,1,1,1,5,multiple
S1-568394420,S2-30767397,S1_S2,0,0,0,0,0,1,1,1,2,multiple
S1-568394420,S2-508926258,S1_S2,0,0,0,1,1,0,0,1,2,multiple
S1-568394420,S3-721569900,S1_S3,0,0,0,0,0,0,1,1,1,address_tfidf_top50
S1-568394420,S3-889360586,S1_S3,1,0,0,1,1,0,1,1,4,multiple
S1-568394420,S3-949401068,S1_S3,0,0,0,1,1,0,1,1,3,multiple
S1-568604487,S2-363275767,S1_S2,0,0,0,1,1,1,1,1,4,multiple
S1-568604487,S2-648147938,S1_S2,0,0,0,1,1,1,1,1,4,multiple
S1-568604487,S2-994200897,S1_S2,0,0,0,1,1,1,1,1,4,multiple
S1-568604487,S3-473735570,S1_S3,1,0,0,1,1,1,1,1,5,multiple
S1-568604487,S3-661654943,S1_S3,0,0,0,1,1,1,1,1,4,multiple
S1-569532111,S2-924362564,S1_S2,0,1,0,1,1,1,1,1,5,multiple
S1-56986498,S2-453257941,S1_S2,0,1,0,1,1,1,1,1,5,multiple
S1-56986498,S2-511801335,S1_S2,1,1,0,1,1,1,1,1,6,multiple
S1-56986498,S2-751710884,S1_S2,0,1,0,1,1,1,1,1,5,multiple
S1-56986498,S3-413500255,S1_S3,1,1,0,1,1,1,1,1,6,multiple
S1-570205187,S2-961970929,S1_S2,0,0,0,0,0,1,1,1,2,multiple
S1-570205187,S3-387977468,S1_S3,0,0,0,1,1,1,1,1,4,multiple
S1-570205187,S3-417793538,S1_S3,0,0,0,1,1,1,1,1,4,multiple
S1-570205187,S3-495167730,S1_S3,0,0,0,0,0,1,1,1,2,multiple
S1-570528465,S3-59322553,S1_S3,0,1,0,1,1,1,1,1,5,multiple
S1-570528465,S3-794033833,S1_S3,0,1,0,1,1,1,1,1,5,multiple
S1-572159480,S2-132426890,S1_S2,0,0,0,1,1,1,1,1,4,multiple
S1-572159480,S3-159007319,S1_S3,1,0,0,1,1,1,1,1,5,multiple
S1-572159480,S3-161482770,S1_S3,0,0,0,1,1,1,1,1,4,multiple
S1-573694750,S2-510398403,S1_S2,0,1,0,1,1,1,1,1,5,multiple
S1-573694750,S2-771480575,S1_S2,0,1,0,1,1,1,1,1,5,multiple
S1-573694750,S2-788048626,S1_S2,0,1,0,1,1,1,1,1,5,multiple
S1-573694750,S3-315637663,S1_S3,0,1,0,1,1,1,1,1,5,multiple
S1-573711999,S2-191761120,S1_S2,0,1,0,1,1,1,1,1,5,multiple
S1-573711999,S2-541217278,S1_S2,0,1,0,1,1,1,1,1,5,multiple
S1-573711999,S2-556793925,S1_S2,0,1,0,1,1,1,1,1,5,multiple
S1-573711999,S2-563353326,S1_S2,0,1,0,1,1,1,1,1,5,multiple
S1-573711999,S2-595310218,S1_S2,0,1,0,1,1,1,1,1,5,multiple
S1-573711999,S3-215241079,S1_S3,0,1,0,1,1,0,0,1,3,multiple
S1-573711999,S3-674862338,S1_S3,0,1,0,1,1,1,1,1,5,multiple
S1-573771823,S2-381921571,S1_S2,1,1,0,1,1,1,1,1,6,multiple
S1-573771823,S2-73556162,S1_S2,0,1,0,1,1,1,1,1,5,multiple
S1-573771823,S3-780666475,S1_S3,0,1,0,1,1,1,1,1,5,multiple
S1-573771823,S3-846798546,S1_S3,0,1,0,1,1,1,1,1,5,multiple
S1-574286308,S2-447535790,S1_S2,0,1,0,1,1,1,1,1,5,multiple
S1-574286308,S2-875894900,S1_S2,0,1,0,1,1,1,1,1,5,multiple
S1-575226539,S2-807609227,S1_S2,0,0,0,0,0,1,1,1,2,multiple
S1-575614312,S2-442121409,S1_S2,0,1,1,1,1,1,1,1,6,multiple
S1-575614312,S2-722958391,S1_S2,0,0,1,1,1,1,1,1,5,multiple
S1-575614312,S2-76742037,S1_S2,0,1,1,1,1,1,1,1,6,multiple
S1-575614312,S2-903940122,S1_S2,0,1,1,1,1,1,1,1,6,multiple
S1-575614312,S3-524582971,S1_S3,1,1,1,1,1,1,1,1,7,multiple
S1-575614312,S3-543028191,S1_S3,0,1,0,1,1,1,1,1,5,multiple
S1-575614312,S3-577310761,S1_S3,0,1,1,1,1,1,1,1,6,multiple
S1-575985025,S2-353664699,S1_S2,0,0,0,1,1,1,1,1,4,multiple
S1-575985025,S3-1055503,S1_S3,0,0,0,1,1,1,1,1,4,multiple
S1-575985025,S3-219689008,S1_S3,1,0,0,1,1,1,1,1,5,multiple
S1-575985025,S3-284148598,S1_S3,0,0,0,0,0,1,1,1,2,multiple
S1-576157062,S2-959881017,S1_S2,0,0,0,1,1,1,1,1,4,multiple
S1-576157062,S3-111074281,S1_S3,1,0,0,1,1,1,1,1,5,multiple
S1-576157062,S3-31388863,S1_S3,0,0,0,1,1,1,1,1,4,multiple
S1-576434864,S2-416600315,S1_S2,0,0,0,1,1,1,1,1,4,multiple
S1-576434864,S2-569207066,S1_S2,0,0,0,0,0,0,1,1,1,address_tfidf_top50
S1-576434864,S2-959295204,S1_S2,0,0,0,1,1,1,1,1,4,multiple
S1-576434864,S3-290365754,S1_S3,0,0,0,1,1,1,1,1,4,multiple
S1-576434864,S3-46795702,S1_S3,0,0,0,0,1,1,1,1,3,multiple
S1-577108045,S2-144988550,S1_S2,0,1,0,1,1,1,1,1,5,multiple
S1-577108045,S2-393223469,S1_S2,1,1,0,1,1,1,1,1,6,multiple
S1-577108045,S3-53670134,S1_S3,0,1,0,1,1,1,1,1,5,multiple
S1-577108045,S3-776541820,S1_S3,1,1,0,1,1,1,1,1,6,multiple
S1-577797817,S2-30917107,S1_S2,1,0,0,1,1,1,1,1,5,multiple
S1-577797817,S2-393143258,S1_S2,0,0,0,0,0,1,1,1,2,multiple
S1-577797817,S2-985729309,S1_S2,1,0,0,1,1,1,1,1,5,multiple
S1-577797817,S3-340845623,S1_S3,0,0,0,0,1,1,1,1,3,multiple
S1-580850408,S2-314258103,S1_S2,0,1,0,1,1,1,1,1,5,multiple
S1-580850408,S2-416689944,S1_S2,0,1,0,1,1,0,0,1,3,multiple
S1-580850408,S2-802047594,S1_S2,0,0,0,1,1,1,1,1,4,multiple
S1-580850408,S3-236909337,S1_S3,1,1,0,1,1,1,1,1,6,multiple
S1-581703308,S2-192959540,S1_S2,1,1,0,1,1,1,1,1,6,multiple
S1-581703308,S3-710414013,S1_S3,0,1,0,1,1,1,1,1,5,multiple
S1-581703308,S3-962931234,S1_S3,1,1,0,1,1,1,1,1,6,multiple
S1-582430919,S2-17723303,S1_S2,1,0,0,1,1,1,1,1,5,multiple
S1-582430919,S2-611524970,S1_S2,0,0,0,1,1,1,1,1,4,multiple
S1-582430919,S3-32999125,S1_S3,1,0,0,1,1,1,1,1,5,multiple
S1-582430919,S3-773663314,S1_S3,1,0,0,1,1,1,1,1,5,multiple
S1-582430919,S3-874242470,S1_S3,0,0,0,1,1,0,0,1,2,multiple
S1-582741506,S2-292813719,S1_S2,0,0,0,1,1,1,1,1,4,multiple
S1-582741506,S2-731583019,S1_S2,0,0,0,1,1,1,1,1,4,multiple
S1-582741506,S2-847313451,S1_S2,0,0,0,0,0,1,1,1,2,multiple
S1-582741506,S3-372103366,S1_S3,1,0,0,1,1,1,1,1,5,multiple
S1-583905655,S2-494770496,S1_S2,0,0,0,1,1,1,1,1,4,multiple
S1-583905655,S2-99063242,S1_S2,1,0,0,1,1,1,1,1,5,multiple
S1-583905655,S3-306185285,S1_S3,0,0,0,0,0,1,1,1,2,multiple
S1-583905655,S3-960266892,S1_S3,1,0,0,1,1,1,1,1,5,multiple
S1-584501434,S2-238116028,S1_S2,0,1,0,1,1,1,1,1,5,multiple
S1-584501434,S2-492627292,S1_S2,0,0,0,1,1,1,1,1,4,multiple
S1-584501434,S2-669996930,S1_S2,0,1,0,1,1,1,1,1,5,multiple
S1-58505066,S2-872538165,S1_S2,1,1,0,1,1,1,1,1,6,multiple
S1-58505066,S3-397308863,S1_S3,1,1,0,1,1,1,1,1,6,multiple
S1-585614928,S2-466107391,S1_S2,0,0,0,1,1,1,1,1,4,multiple
S1-585614928,S2-817877656,S1_S2,0,1,0,1,1,1,1,1,5,multiple
S1-585614928,S3-426642347,S1_S3,0,1,0,1,1,1,1,1,5,multiple
S1-585614928,S3-483288043,S1_S3,1,1,0,1,1,1,1,1,6,multiple
S1-585614928,S3-588393682,S1_S3,0,0,0,1,1,1,1,1,4,multiple
S1-585732284,S2-159715029,S1_S2,1,1,0,1,1,1,1,1,6,multiple
S1-585732284,S2-233397431,S1_S2,0,0,0,1,1,1,1,1,4,multiple
S1-585732284,S3-174737516,S1_S3,0,1,0,1,1,1,1,1,5,multiple
S1-585732284,S3-567959827,S1_S3,0,1,0,1,1,0,0,1,3,multiple
S1-585945802,S2-832460569,S1_S2,0,0,0,1,1,1,1,1,4,multiple
S1-585945802,S3-250921916,S1_S3,0,0,0,0,0,1,1,1,2,multiple
S1-585945802,S3-689987274,S1_S3,1,0,0,1,1,1,1,1,5,multiple
S1-585945802,S3-94729422,S1_S3,0,0,0,1,1,1,1,1,4,multiple
S1-586551865,S2-599915855,S1_S2,1,1,0,1,1,0,0,1,4,multiple
S1-586551865,S2-988762244,S1_S2,0,0,0,1,1,0,0,1,2,multiple
S1-586551865,S3-369996534,S1_S3,0,1,0,1,1,1,1,1,5,multiple
S1-586551865,S3-458798961,S1_S3,0,1,0,1,1,1,1,1,5,multiple
S1-586551865,S3-737982495,S1_S3,0,1,0,1,1,1,1,1,5,multiple
S1-587270506,S2-415320935,S1_S2,0,1,0,1,1,1,1,1,5,multiple
S1-587270506,S2-669969700,S1_S2,1,1,0,1,1,1,1,1,6,multiple
S1-587270506,S3-249738793,S1_S3,0,1,0,1,1,1,1,1,5,multiple
S1-587270506,S3-356265941,S1_S3,0,0,0,1,1,1,1,1,4,multiple
S1-589374679,S2-193416004,S1_S2,0,1,0,1,1,1,1,1,5,multiple
S1-589374679,S2-913523501,S1_S2,0,1,0,1,1,1,1,1,5,multiple
S1-589374679,S3-468884838,S1_S3,0,1,0,1,1,1,1,1,5,multiple
S1-589374679,S3-571770505,S1_S3,0,1,0,1,1,0,1,1,4,multiple
S1-590120685,S2-103577058,S1_S2,1,0,0,1,1,1,1,1,5,multiple
S1-590120685,S3-190986811,S1_S3,0,0,0,1,1,1,1,1,4,multiple
S1-590120685,S3-500222767,S1_S3,0,0,0,1,1,1,1,1,4,multiple
S1-590420798,S2-197795706,S1_S2,1,1,0,1,1,1,1,1,6,multiple
S1-590420798,S2-216670522,S1_S2,0,1,0,1,1,1,1,1,5,multiple
S1-590420798,S2-614597924,S1_S2,0,0,0,0,1,1,1,1,3,multiple
S1-590420798,S2-631955173,S1_S2,0,1,0,1,1,0,0,1,3,multiple
S1-590420798,S2-643858237,S1_S2,0,1,0,1,1,1,1,1,5,multiple
S1-590420798,S3-247351709,S1_S3,0,0,0,0,1,1,1,1,3,multiple
S1-590420798,S3-341081313,S1_S3,0,1,0,1,1,1,1,1,5,multiple
S1-590420798,S3-66679621,S1_S3,0,1,0,1,1,1,1,1,5,multiple
S1-590420798,S3-911532839,S1_S3,1,1,0,1,1,1,1,1,6,multiple
S1-590878625,S2-604021880,S1_S2,0,0,0,1,1,1,1,1,4,multiple
S1-590878625,S2-856933902,S1_S2,0,0,0,1,1,1,1,1,4,multiple
S1-590878625,S2-956058257,S1_S2,0,0,0,1,1,1,1,1,4,multiple
S1-591117438,S2-625679512,S1_S2,0,1,0,1,1,1,1,1,5,multiple
S1-591117438,S3-582438585,S1_S3,0,1,0,1,1,1,1,1,5,multiple
S1-591117438,S3-677649324,S1_S3,0,1,0,1,1,1,1,1,5,multiple
S1-591524085,S2-216448124,S1_S2,0,1,0,1,1,1,1,1,5,multiple
S1-591524085,S2-41764294,S1_S2,0,1,0,1,1,1,1,1,5,multiple
S1-591524085,S3-792609969,S1_S3,0,1,0,1,1,1,1,1,5,multiple
S1-591823449,S2-297470928,S1_S2,0,0,0,0,0,1,1,1,2,multiple
S1-591823449,S2-319162029,S1_S2,0,0,0,0,0,1,1,1,2,multiple
S1-592218881,S2-200696235,S1_S2,0,0,0,1,1,1,1,1,4,multiple
S1-592218881,S2-464214138,S1_S2,0,0,0,1,1,0,1,1,3,multiple
S1-592218881,S3-549657725,S1_S3,1,0,0,1,1,1,1,1,5,multiple
S1-593741867,S2-510908882,S1_S2,1,1,0,1,1,1,1,1,6,multiple
S1-593741867,S3-877460300,S1_S3,0,1,0,1,1,1,1,1,5,multiple
S1-594837995,S2-392687692,S1_S2,0,1,0,1,1,1,1,1,5,multiple
S1-594837995,S2-421411797,S1_S2,1,1,0,1,1,1,1,1,6,multiple
S1-594837995,S2-785486124,S1_S2,0,1,0,1,1,0,0,1,3,multiple
S1-594837995,S3-74513692,S1_S3,0,1,0,1,1,1,1,1,5,multiple
S1-594837995,S3-84664409,S1_S3,0,0,0,1,1,1,1,1,4,multiple
S1-594837995,S3-924939261,S1_S3,0,1,0,1,1,0,1,1,4,multiple
S1-595269848,S2-494760297,S1_S2,0,0,0,0,0,1,1,1,2,multiple
S1-595269848,S2-631415350,S1_S2,0,0,0,0,0,1,1,1,2,multiple
S1-595269848,S3-223444336,S1_S3,0,0,0,0,0,1,1,1,2,multiple
S1-595269848,S3-709556491,S1_S3,0,0,0,0,0,1,1,1,2,multiple
S1-595896821,S2-275064247,S1_S2,0,0,0,1,1,1,1,1,4,multiple
S1-595896821,S3-299390668,S1_S3,1,0,0,1,1,1,1,1,5,multiple
S1-596545257,S2-402714672,S1_S2,0,0,0,0,0,1,1,1,2,multiple
S1-596545257,S2-664830125,S1_S2,0,0,0,0,0,1,1,1,2,multiple
S1-596545257,S3-101995190,S1_S3,0,0,0,1,1,1,1,1,4,multiple
S1-597422955,S2-148525584,S1_S2,1,1,0,1,1,1,1,1,6,multiple
S1-597422955,S2-220737417,S1_S2,1,1,0,1,1,1,1,1,6,multiple
S1-597422955,S3-10104460,S1_S3,0,1,0,1,1,1,1,1,5,multiple
S1-597422955,S3-359284324,S1_S3,1,1,0,1,1,1,1,1,6,multiple
S1-597422955,S3-444736427,S1_S3,0,1,0,1,1,1,1,1,5,multiple
S1-597544670,S2-965544881,S1_S2,1,0,0,1,1,1,1,1,5,multiple
S1-597544670,S3-462310475,S1_S3,1,0,0,1,1,1,1,1,5,multiple
S1-597544670,S3-954119209,S1_S3,1,0,0,1,1,1,1,1,5,multiple
S1-597724997,S2-474345005,S1_S2,0,0,0,1,1,0,1,1,3,multiple
S1-597724997,S2-765632766,S1_S2,0,0,0,1,1,0,1,1,3,multiple
S1-597724997,S2-923691951,S1_S2,0,0,0,1,1,1,1,1,4,multiple
S1-597724997,S3-217277991,S1_S3,0,0,0,0,1,1,1,1,3,multiple
S1-597934301,S3-618353805,S1_S3,0,1,0,1,1,1,1,1,5,multiple
S1-598570539,S2-786284926,S1_S2,0,0,0,0,0,1,1,1,2,multiple
S1-598570539,S3-289095996,S1_S3,0,0,0,0,0,1,1,1,2,multiple
S1-598570539,S3-759165760,S1_S3,0,0,0,0,0,1,1,1,2,multiple
S1-599465240,S2-586968516,S1_S2,0,1,0,1,1,1,1,1,5,multiple
S1-599465240,S3-222755794,S1_S3,0,1,0,1,1,1,1,1,5,multiple
S1-599465240,S3-276673371,S1_S3,1,1,0,1,1,1,1,1,6,multiple
S1-599465240,S3-498328923,S1_S3,0,1,0,1,1,1,1,1,5,multiple
S1-599465240,S3-664731983,S1_S3,0,1,0,1,1,1,1,1,5,multiple
S1-599504042,S3-971018732,S1_S3,0,0,0,0,0,1,1,1,2,multiple
S1-599587048,S2-162249194,S1_S2,0,1,0,1,1,1,1,1,5,multiple
S1-599587048,S3-648552088,S1_S3,0,1,0,1,1,1,1,1,5,multiple
S1-599587048,S3-982364965,S1_S3,0,1,0,1,1,1,1,1,5,multiple
S1-600194220,S2-103092860,S1_S2,0,0,0,1,1,1,1,1,4,multiple
S1-600194220,S2-245402346,S1_S2,1,0,0,1,1,1,1,1,5,multiple
S1-600194220,S2-261922833,S1_S2,1,0,0,1,1,0,1,1,4,multiple
S1-600194220,S2-84775353,S1_S2,0,0,0,1,1,0,0,1,2,multiple
S1-600194220,S3-243087570,S1_S3,0,0,0,1,1,1,1,1,4,multiple
S1-600194220,S3-669988878,S1_S3,0,0,0,1,1,1,1,1,4,multiple
S1-600326772,S3-265270770,S1_S3,0,1,0,0,1,1,1,1,4,multiple
S1-600326772,S3-689729460,S1_S3,0,0,0,1,1,1,1,1,4,multiple
S1-600754447,S2-777106426,S1_S2,0,0,0,1,1,1,1,1,4,multiple
S1-600754447,S3-208033403,S1_S3,0,0,0,1,1,1,1,1,4,multiple
S1-600900936,S2-453986586,S1_S2,0,0,0,1,1,1,1,1,4,multiple
S1-600900936,S2-510183240,S1_S2,0,0,0,1,1,1,1,1,4,multiple
S1-600900936,S3-289144969,S1_S3,0,0,0,1,1,1,1,1,4,multiple
S1-600900936,S3-492479715,S1_S3,0,0,0,1,1,1,1,1,4,multiple
S1-600900936,S3-527389977,S1_S3,0,0,0,1,1,1,1,1,4,multiple
S1-600900936,S3-861232100,S1_S3,1,0,0,1,1,1,1,1,5,multiple
S1-603139552,S2-455647038,S1_S2,1,1,0,1,1,1,1,1,6,multiple
S1-603139552,S3-956737649,S1_S3,1,1,0,1,1,1,1,1,6,multiple
S1-604047506,S2-328792190,S1_S2,0,1,0,1,1,1,1,1,5,multiple
S1-604047506,S2-86433483,S1_S2,0,0,0,1,1,1,1,1,4,multiple
S1-604047506,S3-506824486,S1_S3,0,1,0,1,1,0,0,1,3,multiple
S1-605211476,S2-258552863,S1_S2,0,0,0,1,1,1,1,1,4,multiple
S1-605211476,S2-845947197,S1_S2,0,0,0,0,0,1,1,1,2,multiple
S1-605563374,S2-848538023,S1_S2,1,1,0,1,1,1,1,1,6,multiple
S1-605563374,S3-958189723,S1_S3,0,0,0,0,1,1,1,1,3,multiple
S1-605563374,S3-988319176,S1_S3,0,0,0,1,1,1,1,1,4,multiple
S1-605907596,S2-720113818,S1_S2,0,1,0,1,1,1,1,1,5,multiple
S1-605907596,S3-217150414,S1_S3,0,1,0,1,1,1,1,1,5,multiple
S1-607219656,S2-454708250,S1_S2,0,1,0,1,1,1,1,1,5,multiple
S1-607219656,S2-671082848,S1_S2,1,1,0,1,1,1,1,1,6,multiple
S1-607219656,S3-82467146,S1_S3,1,1,0,1,1,1,1,1,6,multiple
S1-609112215,S2-935442093,S1_S2,1,0,0,1,1,0,0,1,3,multiple
S1-609112215,S2-985117186,S1_S2,0,0,0,1,1,1,1,1,4,multiple
S1-609112215,S3-466971313,S1_S3,0,0,0,1,1,1,1,1,4,multiple
S1-609112215,S3-65150634,S1_S3,0,0,0,1,1,1,1,1,4,multiple
S1-609112215,S3-948196185,S1_S3,0,0,0,1,1,1,1,1,4,multiple
S1-609849335,S2-146061833,S1_S2,0,0,0,0,0,1,1,1,2,multiple
S1-609849335,S3-343112061,S1_S3,0,0,0,0,0,1,1,1,2,multiple
S1-609849335,S3-500999838,S1_S3,0,0,0,0,0,1,1,1,2,multiple
S1-61036825,S2-339679792,S1_S2,0,1,0,1,1,1,1,1,5,multiple
S1-61036825,S2-52978364,S1_S2,0,0,0,1,1,1,1,1,4,multiple
S1-61105573,S2-342908700,S1_S2,1,0,0,1,1,1,1,1,5,multiple
S1-61105573,S2-99168739,S1_S2,0,0,0,1,1,1,1,1,4,multiple
S1-61105573,S3-288249090,S1_S3,1,0,0,1,1,1,1,1,5,multiple
S1-61105573,S3-38276422,S1_S3,1,0,0,1,1,1,1,1,5,multiple
S1-61151076,S2-75363226,S1_S2,0,0,0,1,1,1,1,1,4,multiple
S1-61151076,S3-795648953,S1_S3,1,0,0,1,1,1,1,1,5,multiple
S1-61151076,S3-929652823,S1_S3,0,0,0,1,1,1,1,1,4,multiple
S1-612377970,S2-328825352,S1_S2,0,0,0,1,1,1,1,1,4,multiple
S1-612377970,S3-669840628,S1_S3,0,0,1,1,1,0,0,1,3,multiple
S1-6126037,S2-120362298,S1_S2,1,1,0,1,1,1,1,1,6,multiple
S1-6126037,S2-916485942,S1_S2,0,1,0,1,1,1,1,1,5,multiple
S1-6126037,S2-942772050,S1_S2,0,0,0,1,1,1,1,1,4,multiple
S1-6126037,S3-306796251,S1_S3,0,1,0,1,1,1,1,1,5,multiple
S1-6126037,S3-369871356,S1_S3,0,0,0,1,1,1,1,1,4,multiple
S1-612683006,S2-164278039,S1_S2,1,1,0,1,1,1,1,1,6,multiple
S1-612683006,S2-169662779,S1_S2,0,1,0,1,1,1,1,1,5,multiple
S1-612683006,S2-594601890,S1_S2,0,1,0,1,1,1,1,1,5,multiple
S1-612683006,S2-650119051,S1_S2,0,0,0,1,1,1,1,1,4,multiple
S1-612683006,S3-551394841,S1_S3,0,1,0,1,1,0,0,1,3,multiple
S1-61423381,S2-28260681,S1_S2,1,0,0,1,1,1,1,1,5,multiple
S1-61423381,S2-528530394,S1_S2,0,0,0,1,1,1,1,1,4,multiple
S1-61423381,S2-618698987,S1_S2,0,0,0,1,1,1,1,1,4,multiple
S1-61423381,S3-851510867,S1_S3,1,0,0,1,1,1,1,1,5,multiple
S1-61423381,S3-853623372,S1_S3,1,0,0,1,1,1,1,1,5,multiple
S1-61584601,S2-436901171,S1_S2,0,1,0,1,1,1,1,1,5,multiple
S1-61584601,S3-102529746,S1_S3,0,1,0,1,1,1,1,1,5,multiple
S1-61584601,S3-337904793,S1_S3,1,1,0,1,1,1,1,1,6,multiple
S1-616636478,S3-165688536,S1_S3,0,0,0,1,1,1,1,1,4,multiple
S1-616636478,S3-830292820,S1_S3,0,1,0,1,1,1,1,1,5,multiple
S1-61696797,S2-32841980,S1_S2,0,0,0,1,1,1,1,1,4,multiple
S1-61696797,S2-624953164,S1_S2,0,0,0,1,1,1,1,1,4,multiple
S1-61696797,S2-853918955,S1_S2,0,0,0,1,1,1,1,1,4,multiple
S1-61696797,S3-423697522,S1_S3,0,0,0,1,1,1,1,1,4,multiple
S1-617402688,S2-106347348,S1_S2,1,1,0,1,1,1,1,1,6,multiple
S1-617402688,S2-315392167,S1_S2,0,0,0,1,1,1,1,1,4,multiple
S1-617402688,S3-176152078,S1_S3,0,1,0,1,1,1,1,1,5,multiple
S1-617402688,S3-366951524,S1_S3,0,1,0,1,1,1,1,1,5,multiple
S1-617402688,S3-616674506,S1_S3,0,1,0,1,1,1,1,1,5,multiple
S1-61920891,S2-101709659,S1_S2,0,1,0,1,1,1,1,1,5,multiple
S1-61920891,S2-684169772,S1_S2,0,1,0,0,1,1,1,1,4,multiple
S1-61920891,S2-826071553,S1_S2,0,0,0,1,1,1,1,1,4,multiple
S1-61920891,S3-981209346,S1_S3,0,1,0,1,1,0,0,1,3,multiple
S1-619976953,S2-227880043,S1_S2,0,0,0,1,1,1,1,1,4,multiple
S1-619976953,S2-969391270,S1_S2,0,1,0,1,1,1,1,1,5,multiple
S1-619976953,S3-111621219,S1_S3,1,1,0,1,1,1,1,1,6,multiple
S1-619976953,S3-510010635,S1_S3,0,0,0,1,1,1,1,1,4,multiple
S1-620542330,S2-137313951,S1_S2,0,0,0,1,1,1,1,1,4,multiple
S1-620542330,S2-345340518,S1_S2,0,0,0,0,0,1,1,1,2,multiple
S1-620542330,S2-742065087,S1_S2,0,0,0,1,1,1,1,1,4,multiple
S1-620542330,S2-852637631,S1_S2,0,0,0,1,1,1,1,1,4,multiple
S1-620575174,S2-186768933,S1_S2,1,1,0,1,1,1,1,1,6,multiple
S1-620575174,S2-74102864,S1_S2,0,1,0,1,1,1,1,1,5,multiple
S1-620575174,S2-767307283,S1_S2,0,1,0,1,1,1,1,1,5,multiple
S1-620575174,S3-191097912,S1_S3,0,1,0,1,1,0,0,1,3,multiple
S1-620575174,S3-227149418,S1_S3,0,1,0,1,1,0,0,1,3,multiple
S1-620575174,S3-582432842,S1_S3,0,1,0,1,1,1,1,1,5,multiple
S1-621243354,S2-321068470,S1_S2,0,0,0,1,1,1,1,1,4,multiple
S1-621243354,S2-608827726,S1_S2,0,0,0,1,1,1,1,1,4,multiple
S1-621243354,S2-613617705,S1_S2,0,0,0,0,0,1,1,1,2,multiple
S1-621243354,S3-401874425,S1_S3,0,0,0,0,0,1,1,1,2,multiple
S1-621243354,S3-451542673,S1_S3,0,0,0,1,1,1,1,1,4,multiple
S1-621310122,S2-887086920,S1_S2,0,1,0,1,1,1,1,1,5,multiple
S1-621310122,S3-235564833,S1_S3,0,1,0,1,1,0,0,1,3,multiple
S1-621310122,S3-941690785,S1_S3,0,1,0,1,1,0,0,1,3,multiple
S1-621420312,S2-199447482,S1_S2,0,1,0,1,1,1,1,1,5,multiple
S1-621420312,S3-192844725,S1_S3,0,1,0,1,1,1,1,1,5,multiple
S1-621420312,S3-365529779,S1_S3,0,1,0,1,1,1,1,1,5,multiple
S1-621743538,S2-597521285,S1_S2,0,0,0,1,1,1,1,1,4,multiple
S1-621743538,S2-75533933,S1_S2,0,0,0,1,1,1,1,1,4,multiple
S1-621743538,S3-254199599,S1_S3,0,0,0,1,1,1,1,1,4,multiple
S1-621743538,S3-381940863,S1_S3,0,0,0,1,1,1,1,1,4,multiple
S1-621743538,S3-85214706,S1_S3,1,0,0,1,1,1,1,1,5,multiple
S1-621743538,S3-898405629,S1_S3,1,0,0,1,1,1,1,1,5,multiple
S1-623250482,S2-777668228,S1_S2,0,0,0,1,1,1,1,1,4,multiple
S1-623250482,S3-798876815,S1_S3,0,0,0,1,1,1,1,1,4,multiple
S1-627233981,S3-337303427,S1_S3,0,1,0,1,1,1,1,1,5,multiple
S1-628603597,S2-205985353,S1_S2,0,1,0,1,1,1,1,1,5,multiple
S1-628603597,S2-922486966,S1_S2,0,1,0,1,1,1,1,1,5,multiple
S1-628603597,S3-543239120,S1_S3,0,1,0,1,1,1,1,1,5,multiple
S1-628603597,S3-619648940,S1_S3,0,1,0,1,1,1,1,1,5,multiple
S1-62873197,S2-317065713,S1_S2,0,1,0,1,1,1,1,1,5,multiple
S1-62873197,S2-552579207,S1_S2,0,1,0,1,1,1,1,1,5,multiple
S1-62873197,S3-240655587,S1_S3,0,1,0,1,1,1,1,1,5,multiple
S1-62873197,S3-371478727,S1_S3,0,0,0,1,1,1,1,1,4,multiple
S1-629253495,S3-230314480,S1_S3,0,0,0,1,1,1,1,1,4,multiple
S1-629253495,S3-247949111,S1_S3,0,0,0,1,1,1,1,1,4,multiple
S1-629253495,S3-787853953,S1_S3,0,0,0,1,1,1,1,1,4,multiple
S1-62983397,S2-280473693,S1_S2,0,0,0,1,1,0,0,1,2,multiple
S1-62983397,S2-404493695,S1_S2,1,0,0,1,1,1,1,1,5,multiple
S1-62983397,S2-525001803,S1_S2,1,0,0,1,1,1,1,1,5,multiple
S1-62983397,S3-303916872,S1_S3,0,0,0,1,1,1,1,1,4,multiple
S1-62983397,S3-424004305,S1_S3,0,0,0,1,1,1,1,1,4,multiple
S1-630281768,S3-770856145,S1_S3,1,1,0,1,1,1,1,1,6,multiple
S1-630427119,S2-112360259,S1_S2,1,0,0,1,1,1,1,1,5,multiple
S1-630427119,S3-286827681,S1_S3,0,0,0,1,1,0,0,1,2,multiple
S1-630427119,S3-309813220,S1_S3,0,0,0,1,1,1,1,1,4,multiple
S1-630848594,S2-107601778,S1_S2,1,0,0,1,1,1,1,1,5,multiple
S1-630848594,S2-160384630,S1_S2,0,0,0,1,1,1,1,1,4,multiple
S1-630848594,S2-387147242,S1_S2,1,0,0,1,1,1,1,1,5,multiple
S1-630848594,S3-51176530,S1_S3,0,0,0,0,0,1,1,1,2,multiple
S1-630848594,S3-605733525,S1_S3,0,0,0,1,1,1,1,1,4,multiple
S1-631583172,S2-348675967,S1_S2,0,1,0,1,1,1,1,1,5,multiple
S1-631583172,S3-398744667,S1_S3,0,1,0,1,1,1,1,1,5,multiple
S1-631583172,S3-787840322,S1_S3,0,1,0,1,1,1,1,1,5,multiple
S1-631900768,S2-14379092,S1_S2,0,0,0,1,1,1,1,1,4,multiple
S1-631900768,S3-780068585,S1_S3,0,0,0,1,1,1,1,1,4,multiple
S1-631955469,S3-280716586,S1_S3,0,1,0,1,1,1,1,1,5,multiple
S1-631955469,S3-370638270,S1_S3,0,1,0,1,1,1,1,1,5,multiple
S1-631955469,S3-521648355,S1_S3,0,1,0,1,1,1,1,1,5,multiple
S1-631955469,S3-886433558,S1_S3,0,1,0,1,1,1,1,1,5,multiple
S1-632019653,S2-4321047,S1_S2,0,1,0,1,1,1,1,1,5,multiple
S1-632019653,S2-908748610,S1_S2,0,1,1,1,1,1,1,1,6,multiple
S1-632019653,S3-493601461,S1_S3,1,1,1,1,1,1,1,1,7,multiple
S1-63314347,S2-23630603,S1_S2,0,1,0,1,1,1,1,1,5,multiple
S1-63314347,S2-354333876,S1_S2,0,1,0,1,1,1,1,1,5,multiple
S1-63314347,S2-549637405,S1_S2,1,1,0,1,1,1,1,1,6,multiple
S1-63314347,S2-870099052,S1_S2,0,1,0,1,1,1,1,1,5,multiple
S1-63314347,S3-608799905,S1_S3,1,1,0,1,1,1,1,1,6,multiple
S1-63314347,S3-825162367,S1_S3,0,1,0,1,1,1,1,1,5,multiple
S1-633550944,S2-65009755,S1_S2,0,1,0,1,1,1,1,1,5,multiple
S1-63362552,S2-416575502,S1_S2,0,1,0,1,1,1,1,1,5,multiple
S1-63362552,S2-673977873,S1_S2,0,0,0,0,0,1,1,1,2,multiple
S1-63362552,S2-7714904,S1_S2,0,1,0,1,1,1,1,1,5,multiple
S1-63362552,S3-159534880,S1_S3,0,1,0,1,1,1,1,1,5,multiple
S1-63474874,S2-437141550,S1_S2,0,1,0,1,1,1,1,1,5,multiple
S1-63474874,S3-518121469,S1_S3,1,1,0,1,1,1,1,1,6,multiple
S1-636394962,S2-24396872,S1_S2,0,1,0,1,1,1,1,1,5,multiple
S1-636394962,S2-552054843,S1_S2,0,1,0,1,1,1,1,1,5,multiple
S1-636394962,S3-110413560,S1_S3,0,1,0,1,1,1,1,1,5,multiple
S1-636575540,S2-372957205,S1_S2,0,0,0,0,0,1,1,1,2,multiple
S1-636575540,S2-65274440,S1_S2,0,0,0,1,1,1,1,1,4,multiple
S1-636575540,S3-546794556,S1_S3,0,0,0,0,0,1,1,1,2,multiple
S1-638407882,S2-346409639,S1_S2,1,1,0,1,1,1,1,1,6,multiple
S1-638407882,S3-510320660,S1_S3,1,1,0,1,1,1,1,1,6,multiple
S1-638407882,S3-539110867,S1_S3,1,1,0,1,1,1,1,1,6,multiple
S1-638835687,S2-244458558,S1_S2,1,1,0,1,1,1,1,1,6,multiple
S1-638835687,S2-413359815,S1_S2,0,1,0,1,1,1,1,1,5,multiple
S1-638835687,S2-484716644,S1_S2,1,1,0,1,1,1,1,1,6,multiple
S1-638835687,S3-341664198,S1_S3,0,1,0,1,1,1,1,1,5,multiple
S1-638835687,S3-592054454,S1_S3,1,1,0,1,1,1,1,1,6,multiple
S1-638835687,S3-956267170,S1_S3,0,1,0,1,1,1,1,1,5,multiple
S1-639754795,S2-269554994,S1_S2,0,0,0,0,0,1,1,1,2,multiple
S1-639754795,S3-111225012,S1_S3,0,0,0,1,1,1,1,1,4,multiple
S1-639754795,S3-464339761,S1_S3,0,0,0,1,1,1,1,1,4,multiple
S1-640135899,S3-495607647,S1_S3,0,0,0,0,0,0,0,0,0,none
S1-640135899,S3-93297169,S1_S3,0,1,0,1,1,1,1,1,5,multiple
S1-641103022,S2-145136079,S1_S2,1,1,0,1,1,1,1,1,6,multiple
S1-641103022,S2-234985244,S1_S2,0,1,0,1,1,1,1,1,5,multiple
S1-641103022,S2-498734298,S1_S2,1,1,0,1,1,1,1,1,6,multiple
S1-641103022,S3-209307478,S1_S3,0,1,0,1,1,1,1,1,5,multiple
S1-641103022,S3-959028121,S1_S3,0,0,0,0,0,1,1,1,2,multiple
S1-641126829,S2-545157009,S1_S2,0,1,0,1,1,1,1,1,5,multiple
S1-641126829,S2-581334202,S1_S2,1,1,0,1,1,1,1,1,6,multiple
S1-641126829,S3-557449770,S1_S3,1,1,0,1,1,1,1,1,6,multiple
S1-641126829,S3-982082865,S1_S3,1,1,0,1,1,1,1,1,6,multiple
S1-642325407,S2-184138952,S1_S2,0,1,0,1,1,1,1,1,5,multiple
S1-642325407,S2-45948374,S1_S2,0,1,0,1,1,1,1,1,5,multiple
S1-642325407,S3-534080545,S1_S3,0,0,0,1,1,1,1,1,4,multiple
S1-642406498,S2-55497498,S1_S2,1,1,0,1,1,1,1,1,6,multiple
S1-642406498,S2-973770941,S1_S2,0,1,0,1,1,1,1,1,5,multiple
S1-642406498,S3-252306732,S1_S3,0,1,0,1,1,1,1,1,5,multiple
S1-642662588,S2-199541008,S1_S2,0,1,0,1,1,1,1,1,5,multiple
S1-642662588,S2-836726339,S1_S2,0,1,0,1,1,1,1,1,5,multiple
S1-642662588,S3-285538360,S1_S3,0,1,0,1,1,1,1,1,5,multiple
S1-642860662,S2-867523273,S1_S2,0,0,0,0,0,1,1,1,2,multiple
S1-642860662,S3-265545477,S1_S3,1,0,0,1,1,1,1,1,5,multiple
S1-643131365,S2-687904325,S1_S2,0,0,0,1,1,1,1,1,4,multiple
S1-643131365,S3-441271117,S1_S3,1,0,0,1,1,1,1,1,5,multiple
S1-643131365,S3-480899495,S1_S3,0,0,0,1,1,1,1,1,4,multiple
S1-643838792,S2-499353036,S1_S2,1,0,0,1,1,1,1,1,5,multiple
S1-643838792,S2-815149384,S1_S2,0,0,0,1,1,1,1,1,4,multiple
S1-643838792,S2-894288784,S1_S2,0,0,0,1,1,1,1,1,4,multiple
S1-643838792,S3-250779789,S1_S3,1,0,0,1,1,1,1,1,5,multiple
S1-643838792,S3-557338003,S1_S3,0,0,0,1,1,1,1,1,4,multiple
S1-643838792,S3-87730178,S1_S3,0,0,0,0,0,1,1,1,2,multiple
S1-645044390,S2-244562025,S1_S2,0,0,0,1,1,1,1,1,4,multiple
S1-645044390,S2-321914649,S1_S2,0,0,0,0,0,1,1,1,2,multiple
S1-645044390,S2-375593636,S1_S2,0,0,0,0,0,1,1,1,2,multiple
S1-645044390,S3-195706061,S1_S3,0,0,0,1,1,1,1,1,4,multiple
S1-645044390,S3-486592423,S1_S3,0,0,0,0,0,1,1,1,2,multiple
S1-645044390,S3-958818128,S1_S3,0,0,0,1,1,1,1,1,4,multiple
S1-645267166,S2-777678147,S1_S2,0,1,0,1,1,1,1,1,5,multiple
S1-645267166,S2-998982694,S1_S2,0,0,0,0,0,1,1,1,2,multiple
S1-645267166,S3-200934566,S1_S3,0,1,0,1,1,1,1,1,5,multiple
S1-645267166,S3-746972473,S1_S3,0,0,0,0,0,1,1,1,2,multiple
S1-645519572,S2-872019857,S1_S2,0,1,1,1,1,1,1,1,6,multiple
S1-645519572,S3-180177464,S1_S3,0,1,0,1,1,1,1,1,5,multiple
S1-645519572,S3-604419997,S1_S3,0,1,0,1,1,1,1,1,5,multiple
S1-645904570,S2-595726596,S1_S2,0,0,0,1,1,1,1,1,4,multiple
S1-645904570,S3-528575885,S1_S3,1,0,0,1,1,1,1,1,5,multiple
S1-645904570,S3-798264372,S1_S3,1,0,0,1,1,1,1,1,5,multiple
S1-646572274,S2-485230320,S1_S2,0,0,0,0,0,1,1,1,2,multiple
S1-646572274,S2-488792665,S1_S2,0,0,0,0,0,1,1,1,2,multiple
S1-646572274,S3-276582119,S1_S3,0,0,0,1,1,1,1,1,4,multiple
S1-646572274,S3-495334424,S1_S3,0,0,0,1,1,1,1,1,4,multiple
S1-646572274,S3-780507973,S1_S3,0,0,0,1,1,1,1,1,4,multiple
S1-647278512,S2-475843917,S1_S2,0,0,0,1,1,1,1,1,4,multiple
S1-647278512,S3-327224962,S1_S3,0,0,0,1,1,0,0,1,2,multiple
S1-647278512,S3-487571064,S1_S3,1,0,0,1,1,1,1,1,5,multiple
S1-648757810,S2-735223178,S1_S2,1,0,0,1,1,1,1,1,5,multiple
S1-648757810,S2-810870226,S1_S2,0,0,0,1,1,1,1,1,4,multiple
S1-648757810,S3-516629334,S1_S3,0,0,0,0,1,1,1,1,3,multiple
S1-649093127,S2-284939804,S1_S2,0,0,0,0,0,1,1,1,2,multiple
S1-649093127,S2-288552046,S1_S2,0,0,0,0,0,1,1,1,2,multiple
S1-649093127,S2-446610454,S1_S2,0,0,0,0,0,1,1,1,2,multiple
S1-649093127,S2-557412248,S1_S2,0,0,0,0,0,1,1,1,2,multiple
S1-649093127,S3-551416727,S1_S3,1,0,0,1,1,1,1,1,5,multiple
S1-649127656,S3-999725743,S1_S3,1,1,0,1,1,1,1,1,6,multiple
S1-64931202,S2-405693112,S1_S2,1,0,0,1,1,1,1,1,5,multiple
S1-64931202,S2-425621280,S1_S2,0,0,0,1,1,1,1,1,4,multiple
S1-64931202,S2-644619796,S1_S2,0,0,0,1,1,1,1,1,4,multiple
S1-64931202,S3-351634195,S1_S3,0,0,0,1,1,1,1,1,4,multiple
S1-649924095,S2-383280969,S1_S2,1,0,0,1,1,1,1,1,5,multiple
S1-649924095,S2-626241088,S1_S2,0,0,0,1,1,1,1,1,4,multiple
S1-649924095,S2-860915082,S1_S2,1,0,0,1,1,1,1,1,5,multiple
S1-649924095,S2-972831317,S1_S2,1,0,0,1,1,1,1,1,5,multiple
S1-652619397,S2-161461868,S1_S2,0,1,0,1,1,1,1,1,5,multiple
S1-652619397,S2-5064506,S1_S2,0,1,0,1,1,1,1,1,5,multiple
S1-652619397,S2-507435393,S1_S2,0,1,0,1,1,1,1,1,5,multiple
S1-652619397,S2-666811394,S1_S2,1,1,0,1,1,1,1,1,6,multiple
S1-652619397,S2-783171202,S1_S2,1,1,0,1,1,1,1,1,6,multiple
S1-652619397,S3-561560814,S1_S3,0,1,0,1,1,1,1,1,5,multiple
S1-65338041,S2-15238082,S1_S2,0,1,0,1,1,1,1,1,5,multiple
S1-65338041,S2-434657282,S1_S2,0,1,0,1,1,1,1,1,5,multiple
S1-65338041,S2-465151573,S1_S2,0,1,0,1,1,0,0,1,3,multiple
S1-65338041,S2-767152814,S1_S2,0,0,0,1,1,1,1,1,4,multiple
S1-65338041,S2-907433013,S1_S2,0,1,0,1,1,1,1,1,5,multiple
S1-65338041,S3-51782442,S1_S3,1,1,0,1,1,1,1,1,6,multiple
S1-65338041,S3-670786502,S1_S3,1,1,0,1,1,1,1,1,6,multiple
S1-65338041,S3-761583230,S1_S3,0,1,0,1,1,1,1,1,5,multiple
S1-654196421,S2-104793909,S1_S2,1,1,0,1,1,1,1,1,6,multiple
S1-654196421,S2-125105329,S1_S2,0,1,0,1,1,1,1,1,5,multiple
S1-654196421,S2-88129150,S1_S2,0,1,0,1,1,1,1,1,5,multiple
S1-654196421,S2-901133932,S1_S2,0,1,0,1,1,1,1,1,5,multiple
S1-654196421,S3-505378659,S1_S3,0,1,0,0,1,1,1,1,4,multiple
S1-654196421,S3-904567553,S1_S3,1,1,0,1,1,1,1,1,6,multiple
S1-654931055,S2-460362510,S1_S2,0,1,0,1,1,1,1,1,5,multiple
S1-654931055,S2-692368761,S1_S2,0,1,0,1,1,0,0,1,3,multiple
S1-654931055,S3-821134260,S1_S3,0,1,0,1,1,0,0,1,3,multiple
S1-654933007,S2-100768706,S1_S2,0,0,0,1,1,1,1,1,4,multiple
S1-654933007,S3-331543490,S1_S3,0,1,0,1,1,1,1,1,5,multiple
S1-654933007,S3-5486237,S1_S3,1,1,0,1,1,1,1,1,6,multiple
S1-654934033,S2-385517685,S1_S2,0,0,0,0,1,1,1,1,3,multiple
S1-654934033,S3-662236041,S1_S3,0,0,0,1,1,1,1,1,4,multiple
S1-656181435,S2-154531369,S1_S2,0,1,0,1,1,1,1,1,5,multiple
S1-656181435,S2-638480029,S1_S2,0,1,0,1,1,1,1,1,5,multiple
S1-656181435,S3-192320739,S1_S3,0,1,0,1,1,1,1,1,5,multiple
S1-656181435,S3-934045187,S1_S3,0,1,0,1,1,1,1,1,5,multiple
S1-656181435,S3-942558548,S1_S3,0,1,0,1,1,1,1,1,5,multiple
S1-656560549,S2-520879166,S1_S2,0,0,0,0,0,1,1,1,2,multiple
S1-656560549,S2-686886810,S1_S2,1,0,0,1,1,1,1,1,5,multiple
S1-656560549,S2-769897874,S1_S2,0,0,0,1,1,0,0,1,2,multiple
S1-656560549,S3-681169852,S1_S3,0,0,0,1,1,1,1,1,4,multiple
S1-656560549,S3-79224156,S1_S3,1,0,0,1,1,1,1,1,5,multiple
S1-657378337,S2-35347746,S1_S2,0,0,0,1,1,1,1,1,4,multiple
S1-657378337,S2-431900160,S1_S2,0,0,0,1,1,1,1,1,4,multiple
S1-657378337,S2-48621185,S1_S2,0,0,0,0,1,1,1,1,3,multiple
S1-657378337,S2-653435397,S1_S2,0,0,0,1,1,1,1,1,4,multiple
S1-657378337,S2-952305102,S1_S2,0,0,0,1,1,1,1,1,4,multiple
S1-657378337,S3-178525487,S1_S3,0,0,0,1,1,1,1,1,4,multiple
S1-657378337,S3-190628900,S1_S3,0,0,0,1,1,1,1,1,4,multiple
S1-657378337,S3-654698079,S1_S3,0,0,0,1,1,1,1,1,4,multiple
S1-657731512,S2-285947446,S1_S2,0,1,0,1,1,1,1,1,5,multiple
S1-657731512,S3-473594690,S1_S3,0,1,0,1,1,1,1,1,5,multiple
S1-658974777,S3-271670630,S1_S3,0,0,0,1,1,1,1,1,4,multiple
S1-65927488,S2-647481573,S1_S2,0,0,0,1,1,1,1,1,4,multiple
S1-65927488,S3-177431790,S1_S3,0,0,0,1,1,1,1,1,4,multiple
S1-659589615,S2-830995676,S1_S2,0,0,0,1,1,1,1,1,4,multiple
S1-659589615,S3-763739645,S1_S3,0,0,0,1,1,1,1,1,4,multiple
S1-659589615,S3-783835887,S1_S3,1,0,0,1,1,1,1,1,5,multiple
S1-659791971,S2-876597956,S1_S2,0,1,0,1,1,0,1,1,4,multiple
S1-659791971,S3-407757297,S1_S3,1,1,0,1,1,0,0,1,4,multiple
S1-659791971,S3-828102518,S1_S3,0,1,0,1,1,0,0,1,3,multiple
S1-659925430,S2-178555819,S1_S2,0,1,0,1,1,1,1,1,5,multiple
S1-659925430,S2-584079016,S1_S2,0,1,0,1,1,1,1,1,5,multiple
S1-659925430,S3-174395140,S1_S3,0,1,0,1,1,1,1,1,5,multiple
S1-659925430,S3-224046264,S1_S3,0,1,0,1,1,1,1,1,5,multiple
S1-660084853,S2-182152981,S1_S2,0,1,0,1,1,1,1,1,5,multiple
S1-660084853,S2-932831909,S1_S2,0,1,0,1,1,1,1,1,5,multiple
S1-660635570,S3-848681521,S1_S3,0,1,0,1,1,1,1,1,5,multiple
S1-660635570,S3-857902736,S1_S3,0,1,0,1,1,1,1,1,5,multiple
S1-661148246,S2-134653146,S1_S2,0,1,0,1,1,1,1,1,5,multiple
S1-661148246,S2-678423748,S1_S2,0,0,0,1,1,1,1,1,4,multiple
S1-661148246,S3-842196501,S1_S3,0,1,0,1,1,0,0,1,3,multiple
S1-661148246,S3-97377035,S1_S3,0,0,0,1,1,0,1,1,3,multiple
S1-662174747,S2-29332488,S1_S2,0,0,0,1,1,1,1,1,4,multiple
S1-662174747,S2-780296611,S1_S2,0,1,0,1,1,1,1,1,5,multiple
S1-662174747,S3-292704646,S1_S3,1,1,0,1,1,0,0,1,4,multiple
S1-662174747,S3-555092135,S1_S3,1,1,0,1,1,1,1,1,6,multiple
S1-662174747,S3-756670003,S1_S3,1,1,0,1,1,1,1,1,6,multiple
S1-662174747,S3-942317914,S1_S3,0,1,0,1,1,1,1,1,5,multiple
S1-662340005,S2-392658584,S1_S2,1,1,0,1,1,0,0,1,4,multiple
S1-662340005,S3-182389157,S1_S3,1,1,0,1,1,1,1,1,6,multiple
S1-662340005,S3-728984604,S1_S3,0,1,0,1,1,1,1,1,5,multiple
S1-662696293,S2-145505483,S1_S2,0,1,0,1,1,1,1,1,5,multiple
S1-662696293,S3-174161612,S1_S3,0,1,0,1,1,1,1,1,5,multiple
S1-662696293,S3-550833165,S1_S3,0,0,0,1,1,1,1,1,4,multiple
S1-662713468,S2-565525646,S1_S2,0,0,0,1,1,1,1,1,4,multiple
S1-662713468,S3-862563263,S1_S3,0,1,0,0,0,0,0,1,1,exact_rare_name_token
S1-662713468,S3-976979632,S1_S3,0,1,0,1,1,1,1,1,5,multiple
S1-662713468,S3-996822349,S1_S3,0,1,0,1,1,1,1,1,5,multiple
S1-663462995,S2-467044220,S1_S2,0,0,0,0,1,1,1,1,3,multiple
S1-663462995,S2-604399844,S1_S2,0,0,0,1,1,1,1,1,4,multiple
S1-663462995,S3-731531415,S1_S3,0,0,0,1,1,1,1,1,4,multiple
S1-663462995,S3-776636660,S1_S3,0,0,0,1,1,1,1,1,4,multiple
S1-663462995,S3-814255078,S1_S3,0,0,0,1,1,1,1,1,4,multiple
S1-664117498,S2-220851869,S1_S2,0,0,0,1,1,1,1,1,4,multiple
S1-664117498,S2-327059834,S1_S2,0,0,0,1,1,1,1,1,4,multiple
S1-664117498,S2-338469811,S1_S2,0,0,0,1,1,1,1,1,4,multiple
S1-664117498,S2-673203423,S1_S2,0,0,0,1,1,1,1,1,4,multiple
S1-664484680,S2-34670131,S1_S2,0,1,0,1,1,1,1,1,5,multiple
S1-664484680,S3-185791511,S1_S3,0,1,0,1,1,1,1,1,5,multiple
S1-664484680,S3-717511450,S1_S3,0,0,0,1,1,1,1,1,4,multiple
S1-664507975,S2-343328752,S1_S2,0,0,0,1,1,0,0,1,2,multiple
S1-664507975,S2-764803222,S1_S2,0,0,0,1,1,1,1,1,4,multiple
S1-664643682,S2-498098733,S1_S2,0,0,0,0,0,1,1,1,2,multiple
S1-664643682,S2-923315032,S1_S2,0,0,0,0,0,1,1,1,2,multiple
S1-664643682,S3-459099275,S1_S3,0,0,0,0,0,1,1,1,2,multiple
S1-664643682,S3-902758548,S1_S3,0,0,0,1,1,1,1,1,4,multiple
S1-665572637,S2-324255894,S1_S2,1,0,0,1,1,1,1,1,5,multiple
S1-665572637,S3-231492987,S1_S3,0,0,0,1,1,0,1,1,3,multiple
S1-665572637,S3-370453266,S1_S3,0,0,0,1,1,0,1,1,3,multiple
S1-665572637,S3-702071637,S1_S3,1,0,0,1,1,0,1,1,4,multiple
S1-665572637,S3-785213976,S1_S3,0,0,0,0,0,0,1,1,1,address_tfidf_top50
S1-666703155,S2-525099126,S1_S2,0,1,0,1,1,1,1,1,5,multiple
S1-666703155,S2-604261221,S1_S2,0,0,0,1,1,1,1,1,4,multiple
S1-666703155,S3-759295214,S1_S3,1,1,0,1,1,1,1,1,6,multiple
S1-666703155,S3-969098257,S1_S3,0,1,0,1,1,1,1,1,5,multiple
S1-6674622,S2-439117047,S1_S2,0,0,0,1,1,1,1,1,4,multiple
S1-6674622,S2-650357113,S1_S2,1,0,0,1,1,1,1,1,5,multiple
S1-6674622,S3-207704534,S1_S3,0,0,0,0,0,1,1,1,2,multiple
S1-6674622,S3-378239228,S1_S3,1,0,0,1,1,1,1,1,5,multiple
S1-6674622,S3-77202613,S1_S3,1,0,0,1,1,1,1,1,5,multiple
S1-66935525,S2-968817591,S1_S2,1,0,0,1,1,1,1,1,5,multiple
S1-66935525,S3-573524671,S1_S3,0,0,0,1,1,0,0,1,2,multiple
S1-66935525,S3-75345162,S1_S3,0,0,0,1,1,0,0,1,2,multiple
S1-669983965,S2-409412757,S1_S2,1,0,0,1,1,1,1,1,5,multiple
S1-669983965,S3-186813069,S1_S3,0,0,0,1,1,1,1,1,4,multiple
S1-669983965,S3-964727502,S1_S3,0,0,0,0,0,1,1,1,2,multiple
S1-670704338,S2-396376854,S1_S2,1,1,0,1,1,1,1,1,6,multiple
S1-670704338,S2-517757005,S1_S2,0,0,0,0,1,1,1,1,3,multiple
S1-670704338,S3-511343641,S1_S3,0,0,0,1,1,1,1,1,4,multiple
S1-670704338,S3-559701725,S1_S3,0,1,0,1,1,1,1,1,5,multiple
S1-670815579,S2-428676953,S1_S2,0,1,1,1,1,1,1,1,6,multiple
S1-670815579,S3-618532700,S1_S3,0,1,0,1,1,1,1,1,5,multiple
S1-670983904,S2-516956785,S1_S2,1,1,0,1,1,1,1,1,6,multiple
S1-670983904,S3-526917917,S1_S3,0,1,0,1,1,1,1,1,5,multiple
S1-670983904,S3-903288347,S1_S3,0,0,0,1,1,1,1,1,4,multiple
S1-670983904,S3-903811700,S1_S3,0,1,0,1,1,1,1,1,5,multiple
S1-672506030,S2-50678074,S1_S2,0,1,0,1,1,1,1,1,5,multiple
S1-672506030,S2-547504083,S1_S2,0,1,0,1,1,1,1,1,5,multiple
S1-672506030,S2-87691074,S1_S2,1,1,0,1,1,1,1,1,6,multiple
S1-672506030,S2-997938977,S1_S2,0,1,0,1,1,1,1,1,5,multiple
S1-672506030,S3-13482209,S1_S3,0,1,0,1,1,1,1,1,5,multiple
S1-672506030,S3-461568657,S1_S3,0,0,0,0,0,1,1,1,2,multiple
S1-672506030,S3-657319860,S1_S3,0,1,0,1,1,1,1,1,5,multiple
S1-673293633,S2-729185385,S1_S2,0,1,0,1,1,0,0,1,3,multiple
S1-673293633,S3-456487938,S1_S3,0,0,0,0,0,1,1,1,2,multiple
S1-673293633,S3-852849151,S1_S3,0,0,0,0,0,1,1,1,2,multiple
S1-674375172,S2-332267766,S1_S2,1,1,0,1,1,1,1,1,6,multiple
S1-674375172,S2-68615046,S1_S2,0,0,0,0,1,0,0,1,1,name_tfidf_top50
S1-674375172,S2-89622732,S1_S2,0,0,0,0,1,1,1,1,3,multiple
S1-674375172,S3-430394096,S1_S3,0,0,0,1,1,1,1,1,4,multiple
S1-674375172,S3-827396710,S1_S3,0,0,0,1,1,1,1,1,4,multiple
S1-674615300,S2-377878144,S1_S2,0,0,0,1,1,1,1,1,4,multiple
S1-674615300,S3-117914700,S1_S3,0,0,0,1,1,0,0,1,2,multiple
S1-674645631,S2-125369871,S1_S2,1,1,0,1,1,1,1,1,6,multiple
S1-674645631,S2-430937497,S1_S2,1,1,0,1,1,1,1,1,6,multiple
S1-674645631,S3-307440279,S1_S3,0,0,0,1,1,1,1,1,4,multiple
S1-674645631,S3-482115640,S1_S3,1,1,0,1,1,1,1,1,6,multiple
S1-674645631,S3-956754780,S1_S3,0,1,0,1,1,0,0,1,3,multiple
S1-674859278,S2-4788580,S1_S2,1,1,0,1,1,1,1,1,6,multiple
S1-674859278,S2-565770634,S1_S2,0,1,0,1,1,1,1,1,5,multiple
S1-674859278,S3-412528975,S1_S3,0,0,0,0,0,1,1,1,2,multiple
S1-674859278,S3-947129459,S1_S3,0,1,0,1,1,1,1,1,5,multiple
S1-676779132,S2-355034758,S1_S2,0,0,0,0,0,1,1,1,2,multiple
S1-676779132,S2-357469937,S1_S2,0,0,0,0,0,1,1,1,2,multiple
S1-676779132,S2-569768494,S1_S2,0,0,0,1,1,1,1,1,4,multiple
S1-676779132,S3-368203629,S1_S3,0,0,0,1,1,0,0,1,2,multiple
S1-676779132,S3-401629241,S1_S3,0,0,0,0,0,1,1,1,2,multiple
S1-676779132,S3-991973212,S1_S3,0,0,0,0,0,1,1,1,2,multiple
S1-677200978,S2-209037188,S1_S2,0,1,1,1,1,1,1,1,6,multiple
S1-677200978,S2-318756692,S1_S2,0,1,1,1,1,1,1,1,6,multiple
S1-677200978,S3-325987655,S1_S3,1,1,0,1,1,1,1,1,6,multiple
S1-677200978,S3-381934981,S1_S3,0,1,0,1,1,1,1,1,5,multiple
S1-677200978,S3-618899018,S1_S3,0,0,0,1,1,1,1,1,4,multiple
S1-677200978,S3-626608112,S1_S3,0,1,0,1,1,1,1,1,5,multiple
S1-677200978,S3-717139120,S1_S3,0,0,0,1,1,1,1,1,4,multiple
S1-67722242,S2-517951095,S1_S2,0,0,0,0,0,1,1,1,2,multiple
S1-67722242,S2-763387831,S1_S2,0,0,0,0,0,1,1,1,2,multiple
S1-67722242,S2-957678726,S1_S2,0,0,0,1,1,1,1,1,4,multiple
S1-678278352,S2-626643317,S1_S2,0,0,0,0,0,1,1,1,2,multiple
S1-678278352,S3-153418552,S1_S3,0,0,0,1,1,0,1,1,3,multiple
S1-678278352,S3-331007802,S1_S3,0,0,0,0,0,0,1,1,1,address_tfidf_top50
S1-678278352,S3-53040464,S1_S3,0,0,0,1,1,0,1,1,3,multiple
S1-678278352,S3-86371796,S1_S3,0,0,0,1,1,1,1,1,4,multiple
S1-678278352,S3-910604223,S1_S3,0,0,0,1,1,0,1,1,3,multiple
S1-678691044,S2-648618470,S1_S2,0,1,0,1,1,1,1,1,5,multiple
S1-678691044,S2-938036434,S1_S2,0,1,0,1,1,1,1,1,5,multiple
S1-678691044,S3-214675396,S1_S3,0,0,0,0,0,1,1,1,2,multiple
S1-678691044,S3-248133468,S1_S3,0,1,0,1,1,1,1,1,5,multiple
S1-678855441,S2-720284249,S1_S2,0,1,0,1,1,1,1,1,5,multiple
S1-678855441,S3-34907515,S1_S3,0,1,0,1,1,1,1,1,5,multiple
S1-678855441,S3-391228637,S1_S3,1,1,0,1,1,1,1,1,6,multiple
S1-679930810,S2-439515482,S1_S2,0,0,0,0,0,1,1,1,2,multiple
S1-679930810,S3-226059105,S1_S3,0,0,0,0,0,1,1,1,2,multiple
S1-679930810,S3-529260469,S1_S3,0,0,0,1,1,1,1,1,4,multiple
S1-679930810,S3-534371091,S1_S3,1,0,0,1,1,1,1,1,5,multiple
S1-680626866,S2-724329875,S1_S2,0,0,0,1,1,1,1,1,4,multiple
S1-680626866,S3-755314191,S1_S3,1,0,0,1,1,0,0,1,3,multiple
S1-68227024,S2-214561448,S1_S2,0,0,0,1,1,1,1,1,4,multiple
S1-68227024,S3-264994557,S1_S3,0,0,0,1,1,1,1,1,4,multiple
S1-68227024,S3-533930320,S1_S3,0,0,0,1,1,1,1,1,4,multiple
S1-682598479,S2-190701976,S1_S2,0,0,0,1,1,1,1,1,4,multiple
S1-682598479,S2-616036116,S1_S2,0,0,0,1,1,1,1,1,4,multiple
S1-682598479,S3-25123077,S1_S3,0,0,0,1,1,1,1,1,4,multiple
S1-68290437,S2-878902779,S1_S2,0,0,0,1,1,1,1,1,4,multiple
S1-68290437,S2-921801121,S1_S2,0,0,0,1,1,1,1,1,4,multiple
S1-68290437,S3-335189795,S1_S3,0,0,0,1,1,1,1,1,4,multiple
S1-68290437,S3-663734459,S1_S3,1,0,0,1,1,1,1,1,5,multiple
S1-68332439,S2-285969741,S1_S2,0,0,0,0,0,1,1,1,2,multiple
S1-68332439,S3-1756681,S1_S3,0,0,0,1,1,1,1,1,4,multiple
S1-683382786,S2-744125217,S1_S2,0,0,0,1,1,1,1,1,4,multiple
S1-683382786,S3-366061559,S1_S3,0,0,0,1,1,1,1,1,4,multiple
S1-683739429,S2-482971732,S1_S2,0,0,0,0,1,1,1,1,3,multiple
S1-683739429,S2-576168027,S1_S2,0,0,0,0,0,1,1,1,2,multiple
S1-683739429,S2-667490703,S1_S2,0,0,0,1,1,1,1,1,4,multiple
S1-683739429,S2-974643723,S1_S2,0,0,0,1,1,1,1,1,4,multiple
S1-683739429,S3-381688797,S1_S3,0,0,0,1,1,1,1,1,4,multiple
S1-684017811,S2-298143685,S1_S2,0,1,0,1,1,1,1,1,5,multiple
S1-684017811,S2-804291533,S1_S2,0,1,0,1,1,1,1,1,5,multiple
S1-684017811,S3-384609008,S1_S3,0,1,0,1,1,1,1,1,5,multiple
S1-684017811,S3-62424455,S1_S3,0,1,0,1,1,1,1,1,5,multiple
S1-684017811,S3-970275625,S1_S3,0,1,0,1,1,1,1,1,5,multiple
S1-684361122,S3-857852265,S1_S3,0,1,0,1,1,1,1,1,5,multiple
S1-684590378,S2-198472724,S1_S2,0,1,0,1,1,1,1,1,5,multiple
S1-684590378,S2-432531871,S1_S2,0,0,0,1,1,1,1,1,4,multiple
S1-684912848,S2-430368964,S1_S2,0,0,0,1,1,1,1,1,4,multiple
S1-684912848,S2-434931382,S1_S2,1,0,0,1,1,1,1,1,5,multiple
S1-684912848,S3-348515307,S1_S3,0,0,0,1,1,1,1,1,4,multiple
S1-684912848,S3-807873720,S1_S3,0,0,0,1,1,1,1,1,4,multiple
S1-684912848,S3-88105776,S1_S3,0,0,0,0,1,1,1,1,3,multiple
S1-685391355,S2-101629998,S1_S2,1,1,0,1,1,1,1,1,6,multiple
S1-685391355,S2-511698688,S1_S2,0,1,0,1,1,1,1,1,5,multiple
S1-685391355,S3-291746341,S1_S3,0,1,0,1,1,1,1,1,5,multiple
S1-685391355,S3-442404653,S1_S3,1,1,0,1,1,1,1,1,6,multiple
S1-685391355,S3-527103829,S1_S3,0,1,0,1,1,0,0,1,3,multiple
S1-685761410,S2-435382508,S1_S2,1,1,0,1,1,1,1,1,6,multiple
S1-685761410,S3-281878662,S1_S3,0,0,0,0,0,1,1,1,2,multiple
S1-685761410,S3-684786813,S1_S3,1,1,0,1,1,1,1,1,6,multiple
S1-685882674,S2-161450429,S1_S2,1,0,0,1,1,1,1,1,5,multiple
S1-685882674,S2-400641406,S1_S2,0,0,0,1,1,1,1,1,4,multiple
S1-685882674,S3-764868025,S1_S3,0,0,0,1,1,1,1,1,4,multiple
S1-686445636,S2-100259952,S1_S2,1,1,1,1,1,1,1,1,7,multiple
S1-686445636,S2-330772941,S1_S2,0,0,1,1,1,1,1,1,5,multiple
S1-686445636,S2-622226318,S1_S2,1,1,1,1,1,1,1,1,7,multiple
S1-686445636,S3-421434479,S1_S3,0,1,1,1,1,1,1,1,6,multiple
S1-686445636,S3-763120486,S1_S3,1,1,1,1,1,1,1,1,7,multiple
S1-686450881,S2-117513791,S1_S2,0,0,0,1,1,1,1,1,4,multiple
S1-686450881,S2-174223440,S1_S2,0,0,0,1,1,1,1,1,4,multiple
S1-686450881,S2-583425878,S1_S2,0,1,0,1,1,1,1,1,5,multiple
S1-686450881,S3-270788054,S1_S3,0,0,0,1,1,1,1,1,4,multiple
S1-686450881,S3-71462752,S1_S3,0,1,0,1,1,1,1,1,5,multiple
S1-686450881,S3-860474736,S1_S3,0,0,0,1,1,1,1,1,4,multiple
S1-686450881,S3-893164214,S1_S3,0,0,0,1,1,1,1,1,4,multiple
S1-686739790,S2-134034763,S1_S2,0,0,0,0,0,0,1,1,1,address_tfidf_top50
S1-686739790,S3-249164868,S1_S3,0,0,0,1,1,1,1,1,4,multiple
S1-686739790,S3-363089165,S1_S3,0,0,0,0,0,1,1,1,2,multiple
S1-686739790,S3-489781994,S1_S3,0,0,0,0,0,1,1,1,2,multiple
S1-686739790,S3-668007859,S1_S3,0,0,0,1,1,1,1,1,4,multiple
S1-687847578,S2-50283496,S1_S2,1,0,0,1,1,1,1,1,5,multiple
S1-687847578,S2-690538631,S1_S2,0,0,0,1,1,1,1,1,4,multiple
S1-687847578,S2-795361435,S1_S2,0,0,0,1,1,1,1,1,4,multiple
S1-687847578,S3-180796752,S1_S3,1,0,0,1,1,1,1,1,5,multiple
S1-687847578,S3-404534766,S1_S3,0,0,0,1,1,1,1,1,4,multiple
S1-688039876,S2-38871972,S1_S2,0,1,0,1,1,1,1,1,5,multiple
S1-688039876,S2-752348286,S1_S2,0,1,0,1,1,1,1,1,5,multiple
S1-688039876,S3-843800091,S1_S3,1,1,0,1,1,1,1,1,6,multiple
S1-688039876,S3-85153175,S1_S3,1,1,0,1,1,1,1,1,6,multiple
S1-688039876,S3-97325705,S1_S3,1,1,0,1,1,1,1,1,6,multiple
S1-689636486,S2-169444476,S1_S2,0,0,0,0,0,1,1,1,2,multiple
S1-689636486,S2-21760578,S1_S2,0,0,0,0,1,1,1,1,3,multiple
S1-689636486,S3-313655139,S1_S3,0,0,0,0,0,1,1,1,2,multiple
S1-68967518,S3-113617413,S1_S3,0,1,0,0,0,1,1,1,3,multiple
S1-68967518,S3-257614996,S1_S3,0,1,0,0,1,1,1,1,4,multiple
S1-690209547,S2-236998645,S1_S2,1,1,0,1,1,0,0,1,4,multiple
S1-690209547,S3-517292650,S1_S3,0,1,0,1,1,1,1,1,5,multiple
S1-691300889,S2-50667486,S1_S2,1,0,0,1,1,1,1,1,5,multiple
S1-691300889,S3-378060510,S1_S3,1,0,0,1,1,1,1,1,5,multiple
S1-691300889,S3-968153061,S1_S3,0,0,0,0,0,1,1,1,2,multiple
S1-691300889,S3-973381717,S1_S3,0,0,0,1,1,0,0,1,2,multiple
S1-69177326,S2-111564310,S1_S2,0,0,0,1,1,1,1,1,4,multiple
S1-69177326,S3-697092834,S1_S3,0,1,0,1,1,0,1,1,4,multiple
S1-692767773,S2-46349232,S1_S2,0,1,0,1,1,1,1,1,5,multiple
S1-692767773,S2-842948004,S1_S2,0,1,0,1,1,0,0,1,3,multiple
S1-692767773,S3-492086266,S1_S3,0,1,0,1,1,1,1,1,5,multiple
S1-692767773,S3-717505886,S1_S3,0,1,0,1,1,1,1,1,5,multiple
S1-692877753,S2-419194612,S1_S2,0,0,0,1,1,1,1,1,4,multiple
S1-692877753,S2-452979055,S1_S2,0,0,0,1,1,1,1,1,4,multiple
S1-692877753,S3-569797557,S1_S3,0,0,0,1,1,1,1,1,4,multiple
S1-692877753,S3-681208177,S1_S3,0,0,0,1,1,1,1,1,4,multiple
S1-693294963,S2-602183321,S1_S2,0,0,0,1,1,1,1,1,4,multiple
S1-693294963,S2-921964502,S1_S2,1,0,0,1,1,1,1,1,5,multiple
S1-693294963,S3-736132734,S1_S3,1,0,0,1,1,1,1,1,5,multiple
S1-693294963,S3-907991044,S1_S3,0,0,0,1,1,1,1,1,4,multiple
S1-693294963,S3-983758451,S1_S3,1,0,0,1,1,1,1,1,5,multiple
S1-693354470,S2-31000330,S1_S2,0,0,0,0,0,1,1,1,2,multiple
S1-693354470,S2-3442748,S1_S2,0,0,0,0,0,1,1,1,2,multiple
S1-693354470,S3-103483429,S1_S3,0,0,0,0,0,1,1,1,2,multiple
S1-693354470,S3-148518156,S1_S3,0,0,0,1,1,0,0,1,2,multiple
S1-693354470,S3-160037748,S1_S3,0,0,0,1,1,0,0,1,2,multiple
S1-693354470,S3-732460738,S1_S3,1,0,0,1,1,1,1,1,5,multiple
S1-69485701,S2-468261255,S1_S2,0,0,0,1,1,1,1,1,4,multiple
S1-69485701,S3-821958547,S1_S3,0,1,0,1,1,1,1,1,5,multiple
S1-695856387,S2-52927509,S1_S2,1,1,0,1,1,1,1,1,6,multiple
S1-695856387,S3-150837030,S1_S3,0,1,0,1,1,1,1,1,5,multiple
S1-695856387,S3-227924233,S1_S3,1,1,0,1,1,0,0,1,4,multiple
S1-695856387,S3-366254160,S1_S3,1,1,0,1,1,1,1,1,6,multiple
S1-695856387,S3-693450820,S1_S3,0,1,0,1,1,1,1,1,5,multiple
S1-695856387,S3-796162527,S1_S3,1,1,0,1,1,1,1,1,6,multiple
S1-696648604,S2-948376736,S1_S2,0,0,0,0,0,1,1,1,2,multiple
S1-696648604,S3-511002850,S1_S3,0,0,0,1,1,1,1,1,4,multiple
S1-696648604,S3-860760607,S1_S3,1,0,0,1,1,1,1,1,5,multiple
S1-69859685,S2-467349570,S1_S2,0,1,0,1,1,1,1,1,5,multiple
S1-69859685,S2-476582644,S1_S2,1,1,0,1,1,1,1,1,6,multiple
S1-69859685,S2-599493131,S1_S2,0,0,0,1,1,1,1,1,4,multiple
S1-69859685,S3-3026359,S1_S3,0,1,0,1,1,1,1,1,5,multiple
S1-69859685,S3-671558979,S1_S3,0,1,0,1,1,1,1,1,5,multiple
S1-698879224,S2-878341548,S1_S2,0,0,0,1,1,0,0,1,2,multiple
S1-698879224,S3-423460969,S1_S3,1,0,0,1,1,1,1,1,5,multiple
S1-699683743,S2-232200101,S1_S2,0,0,0,0,0,1,1,1,2,multiple
S1-699683743,S2-629983901,S1_S2,0,0,0,0,0,1,1,1,2,multiple
S1-699683743,S2-656044000,S1_S2,0,0,0,0,0,1,1,1,2,multiple
S1-699683743,S3-628943182,S1_S3,0,0,0,0,1,1,1,1,3,multiple
S1-699683743,S3-969432486,S1_S3,0,0,0,0,0,1,1,1,2,multiple
S1-700007857,S2-592871554,S1_S2,0,1,0,1,1,0,1,1,4,multiple
S1-700007857,S2-934685590,S1_S2,0,1,0,1,1,1,1,1,5,multiple
S1-700358563,S2-506132632,S1_S2,0,0,0,0,0,1,1,1,2,multiple
S1-700358563,S2-569175264,S1_S2,0,0,0,1,1,1,1,1,4,multiple
S1-700358563,S3-863159541,S1_S3,0,0,0,0,0,1,1,1,2,multiple
S1-70046722,S2-95153398,S1_S2,0,0,1,1,1,1,1,1,5,multiple
S1-70046722,S3-341662373,S1_S3,0,0,1,0,0,1,1,1,3,multiple
S1-701487593,S2-217620821,S1_S2,0,0,0,1,1,1,1,1,4,multiple
S1-701487593,S2-54077685,S1_S2,0,0,0,1,1,1,1,1,4,multiple
S1-701487593,S3-174037873,S1_S3,0,0,0,0,0,1,1,1,2,multiple
S1-701487593,S3-344686047,S1_S3,0,0,0,1,1,1,1,1,4,multiple
S1-701487593,S3-875232480,S1_S3,0,0,0,1,1,1,1,1,4,multiple
S1-701610099,S2-692290302,S1_S2,1,0,0,1,1,1,1,1,5,multiple
S1-701610099,S2-849397636,S1_S2,0,0,0,1,1,1,1,1,4,multiple
S1-701610099,S3-741796044,S1_S3,1,0,0,1,1,1,1,1,5,multiple
S1-701610099,S3-782218913,S1_S3,0,0,0,0,0,1,1,1,2,multiple
S1-701610099,S3-907796648,S1_S3,0,0,0,0,0,1,1,1,2,multiple
S1-702290852,S2-464163496,S1_S2,0,0,0,0,0,1,1,1,2,multiple
S1-702290852,S2-499785418,S1_S2,0,0,0,0,0,1,1,1,2,multiple
S1-702290852,S3-254686444,S1_S3,0,0,0,0,0,1,1,1,2,multiple
S1-702290852,S3-30693250,S1_S3,0,0,0,0,0,1,1,1,2,multiple
S1-702290852,S3-307139896,S1_S3,0,0,0,0,1,1,1,1,3,multiple
S1-702290852,S3-740533908,S1_S3,0,0,0,1,1,1,1,1,4,multiple
S1-702397558,S2-527409799,S1_S2,0,0,0,0,0,1,1,1,2,multiple
S1-702397558,S3-196169302,S1_S3,0,0,0,1,1,1,1,1,4,multiple
S1-702397558,S3-429020715,S1_S3,0,0,0,1,1,1,1,1,4,multiple
S1-702397558,S3-772245124,S1_S3,0,0,0,0,0,1,1,1,2,multiple
S1-702397558,S3-98896195,S1_S3,0,0,0,0,0,1,1,1,2,multiple
S1-702737483,S2-134672419,S1_S2,0,1,0,1,1,1,1,1,5,multiple
S1-702737483,S2-374208134,S1_S2,0,1,0,1,1,1,1,1,5,multiple
S1-702737483,S2-822757255,S1_S2,1,1,0,1,1,1,1,1,6,multiple
S1-702737483,S3-266413879,S1_S3,0,0,0,1,1,1,1,1,4,multiple
S1-702737483,S3-853635805,S1_S3,0,1,0,1,1,1,1,1,5,multiple
S1-702885470,S2-361657862,S1_S2,0,1,0,1,1,1,1,1,5,multiple
S1-702885470,S2-387708570,S1_S2,0,1,0,1,1,1,1,1,5,multiple
S1-702885470,S2-691274886,S1_S2,0,1,0,1,1,1,1,1,5,multiple
S1-702885470,S2-76647717,S1_S2,0,1,0,1,1,1,1,1,5,multiple
S1-702885470,S3-272453385,S1_S3,0,1,0,1,1,1,1,1,5,multiple
S1-703221934,S2-150372967,S1_S2,0,1,0,1,1,1,1,1,5,multiple
S1-703221934,S2-562166232,S1_S2,1,1,0,1,1,1,1,1,6,multiple
S1-703221934,S2-645886041,S1_S2,0,1,0,1,1,1,1,1,5,multiple
S1-703221934,S2-680484058,S1_S2,0,1,0,1,1,1,1,1,5,multiple
S1-703221934,S3-112662443,S1_S3,0,0,0,1,1,1,1,1,4,multiple
S1-70325875,S2-444696618,S1_S2,0,0,0,0,0,1,1,1,2,multiple
S1-70325875,S2-691839229,S1_S2,0,0,0,1,1,1,1,1,4,multiple
S1-70325875,S2-780238014,S1_S2,0,0,0,1,1,1,1,1,4,multiple
S1-70325875,S3-639537246,S1_S3,0,0,0,0,0,1,1,1,2,multiple
S1-70344213,S2-18953901,S1_S2,0,1,0,1,1,1,1,1,5,multiple
S1-70344213,S3-142314357,S1_S3,1,1,0,1,1,1,1,1,6,multiple
S1-70344213,S3-82252543,S1_S3,1,1,0,1,1,1,1,1,6,multiple
S1-703593713,S2-214007711,S1_S2,0,0,0,1,1,1,1,1,4,multiple
S1-703593713,S2-440923086,S1_S2,0,0,0,1,1,1,1,1,4,multiple
S1-703593713,S3-262065739,S1_S3,0,0,0,1,1,1,1,1,4,multiple
S1-703593713,S3-346837688,S1_S3,0,0,0,1,1,1,1,1,4,multiple
S1-704003035,S2-104948844,S1_S2,0,0,1,1,1,1,1,1,5,multiple
S1-704003035,S2-265808647,S1_S2,0,1,0,1,1,0,0,1,3,multiple
S1-704003035,S3-101621346,S1_S3,0,1,0,1,1,1,1,1,5,multiple
S1-704003035,S3-164046864,S1_S3,0,1,0,1,1,1,1,1,5,multiple
S1-704446959,S2-787581573,S1_S2,0,0,0,0,0,1,1,1,2,multiple
S1-704446959,S3-462777891,S1_S3,0,0,0,1,1,1,1,1,4,multiple
S1-705353903,S2-670962201,S1_S2,1,0,0,1,1,1,1,1,5,multiple
S1-705353903,S3-368639350,S1_S3,0,0,0,1,1,0,0,1,2,multiple
S1-706103081,S2-229096522,S1_S2,0,1,0,1,1,1,1,1,5,multiple
S1-706103081,S2-479832920,S1_S2,1,1,0,1,1,1,1,1,6,multiple
S1-706103081,S3-783479964,S1_S3,0,0,0,1,1,1,1,1,4,multiple
S1-706103081,S3-799937013,S1_S3,0,1,0,1,1,1,1,1,5,multiple
S1-706915396,S2-35927758,S1_S2,0,1,0,1,1,1,1,1,5,multiple
S1-706915396,S3-759158867,S1_S3,0,1,0,1,1,1,1,1,5,multiple
S1-706915396,S3-894412752,S1_S3,0,1,0,1,1,1,1,1,5,multiple
S1-706915396,S3-927522770,S1_S3,1,1,0,1,1,1,1,1,6,multiple
S1-707621436,S2-430443234,S1_S2,0,1,0,1,1,1,1,1,5,multiple
S1-707621436,S3-849744255,S1_S3,0,1,0,1,1,1,1,1,5,multiple
S1-707621436,S3-869748066,S1_S3,0,1,0,1,1,1,1,1,5,multiple
S1-708137738,S2-881707031,S1_S2,0,0,0,1,1,1,1,1,4,multiple
S1-708137738,S3-163467006,S1_S3,0,0,0,1,1,1,1,1,4,multiple
S1-708137738,S3-641922127,S1_S3,0,0,0,1,1,1,1,1,4,multiple
S1-708772479,S2-280279874,S1_S2,0,0,0,1,1,1,1,1,4,multiple
S1-708772479,S2-762585434,S1_S2,0,0,0,1,1,1,1,1,4,multiple
S1-708772479,S2-843568882,S1_S2,1,1,0,1,1,1,1,1,6,multiple
S1-708772479,S3-24536498,S1_S3,0,1,0,1,1,1,1,1,5,multiple
S1-708866260,S2-546812061,S1_S2,1,1,0,1,1,1,1,1,6,multiple
S1-708866260,S2-686769236,S1_S2,0,1,0,1,1,1,1,1,5,multiple
S1-708866260,S3-453576679,S1_S3,0,1,0,1,1,1,1,1,5,multiple
S1-709216056,S3-135641928,S1_S3,0,0,0,1,1,0,0,1,2,multiple
S1-709216056,S3-789934088,S1_S3,1,0,0,1,1,1,1,1,5,multiple
S1-709471237,S2-126853018,S1_S2,0,0,0,0,1,1,1,1,3,multiple
S1-710515124,S2-261478441,S1_S2,0,0,0,1,1,1,1,1,4,multiple
S1-710515124,S3-16685194,S1_S3,0,0,0,1,1,1,1,1,4,multiple
S1-710515124,S3-737154036,S1_S3,0,0,0,1,1,1,1,1,4,multiple
S1-711166035,S3-539800535,S1_S3,0,1,0,1,1,1,1,1,5,multiple
S1-711166035,S3-646684659,S1_S3,0,1,0,1,1,1,1,1,5,multiple
S1-711166035,S3-921850105,S1_S3,0,1,0,1,1,1,1,1,5,multiple
S1-711265256,S3-121170887,S1_S3,0,0,0,0,0,1,1,1,2,multiple
S1-711265256,S3-27704161,S1_S3,0,0,0,1,1,1,1,1,4,multiple
S1-711460172,S2-161020718,S1_S2,1,1,0,1,1,1,1,1,6,multiple
S1-711460172,S3-220666495,S1_S3,0,0,0,1,1,1,1,1,4,multiple
S1-711460172,S3-477353633,S1_S3,0,1,0,1,1,1,1,1,5,multiple
S1-711511522,S2-721933387,S1_S2,0,1,0,1,1,1,1,1,5,multiple
S1-711511522,S3-144096269,S1_S3,0,1,0,1,1,0,0,1,3,multiple
S1-711511522,S3-28617829,S1_S3,0,0,0,0,0,1,1,1,2,multiple
S1-711511522,S3-559406715,S1_S3,1,1,0,1,1,1,1,1,6,multiple
S1-711511522,S3-828219513,S1_S3,0,1,0,1,1,1,1,1,5,multiple
S1-711511522,S3-940511440,S1_S3,0,1,0,1,1,1,1,1,5,multiple
S1-711536486,S2-54618101,S1_S2,0,1,0,1,1,1,1,1,5,multiple
S1-711536486,S2-646112995,S1_S2,0,1,0,1,1,1,1,1,5,multiple
S1-711536486,S2-992533507,S1_S2,1,1,0,1,1,1,1,1,6,multiple
S1-714198951,S2-900953263,S1_S2,0,1,0,0,1,1,1,1,4,multiple
S1-714198951,S3-621799395,S1_S3,0,1,0,1,1,1,1,1,5,multiple
S1-714198951,S3-647284527,S1_S3,1,1,0,1,1,1,1,1,6,multiple
S1-714350214,S2-12400341,S1_S2,0,0,0,1,1,1,1,1,4,multiple
S1-714350214,S2-289765671,S1_S2,0,0,0,0,1,1,1,1,3,multiple
S1-714350214,S2-472804889,S1_S2,0,0,0,1,1,1,1,1,4,multiple
S1-714350214,S3-388496129,S1_S3,0,0,0,1,1,1,1,1,4,multiple
S1-714834446,S3-252741544,S1_S3,1,1,0,1,1,1,1,1,6,multiple
S1-715513228,S2-613260946,S1_S2,0,0,0,0,0,0,0,0,0,none
S1-715513228,S3-116651843,S1_S3,0,0,0,1,1,1,1,1,4,multiple
S1-715513228,S3-768063483,S1_S3,0,0,0,0,0,1,1,1,2,multiple
S1-716036704,S2-394281113,S1_S2,0,1,0,1,1,1,1,1,5,multiple
S1-716036704,S2-757484175,S1_S2,1,1,0,1,1,1,1,1,6,multiple
S1-716036704,S3-69978054,S1_S3,0,1,0,1,1,1,1,1,5,multiple
S1-716134180,S2-313644482,S1_S2,0,0,0,0,0,1,1,1,2,multiple
S1-716134180,S2-780209127,S1_S2,0,0,0,1,1,1,1,1,4,multiple
S1-716134180,S3-140013119,S1_S3,0,0,0,1,1,1,1,1,4,multiple
S1-716162693,S2-718261960,S1_S2,1,1,0,1,1,1,1,1,6,multiple
S1-716162693,S3-281001879,S1_S3,1,1,0,1,1,1,1,1,6,multiple
S1-717320890,S3-187584291,S1_S3,1,1,0,1,1,1,1,1,6,multiple
S1-717320890,S3-281363029,S1_S3,0,1,0,1,1,1,1,1,5,multiple
S1-717320890,S3-389151155,S1_S3,0,1,0,1,1,1,1,1,5,multiple
S1-717320890,S3-503841460,S1_S3,1,1,0,1,1,1,1,1,6,multiple
S1-717458242,S2-475470806,S1_S2,0,0,0,1,1,1,1,1,4,multiple
S1-717458242,S2-852089085,S1_S2,0,0,0,0,1,1,1,1,3,multiple
S1-717458242,S2-903147862,S1_S2,0,0,0,0,0,1,1,1,2,multiple
S1-717458242,S3-329197172,S1_S3,0,0,0,1,1,0,0,1,2,multiple
S1-717458242,S3-728126054,S1_S3,0,0,0,1,1,0,0,1,2,multiple
S1-71969588,S2-704891845,S1_S2,0,0,0,0,0,1,1,1,2,multiple
S1-71969588,S3-679249387,S1_S3,0,0,0,1,1,1,1,1,4,multiple
S1-71969588,S3-842440193,S1_S3,0,0,0,0,0,1,1,1,2,multiple
S1-721099420,S2-403676003,S1_S2,0,0,0,0,0,1,1,1,2,multiple
S1-721099420,S2-414843308,S1_S2,0,0,0,0,0,1,1,1,2,multiple
S1-721099420,S2-570102683,S1_S2,0,0,0,0,0,1,1,1,2,multiple
S1-721099420,S3-11557179,S1_S3,0,0,0,1,1,1,1,1,4,multiple
S1-721099420,S3-116496390,S1_S3,0,0,0,0,0,1,1,1,2,multiple
S1-721099420,S3-503452900,S1_S3,0,0,0,1,1,1,1,1,4,multiple
S1-721131494,S2-15382064,S1_S2,0,1,0,1,1,1,1,1,5,multiple
S1-721131494,S2-923724564,S1_S2,1,1,0,1,1,1,1,1,6,multiple
S1-721131494,S2-925167656,S1_S2,0,1,0,1,1,1,1,1,5,multiple
S1-721131494,S3-632050707,S1_S3,0,1,0,1,1,1,1,1,5,multiple
S1-721562336,S2-141025518,S1_S2,0,1,0,1,1,1,1,1,5,multiple
S1-721562336,S2-380601504,S1_S2,0,1,0,1,1,1,1,1,5,multiple
S1-721562336,S2-808594637,S1_S2,0,1,0,1,1,1,1,1,5,multiple
S1-721562336,S2-811360669,S1_S2,0,1,0,1,1,1,1,1,5,multiple
S1-721562336,S3-716404552,S1_S3,0,0,0,1,1,1,1,1,4,multiple
S1-721563202,S2-425282226,S1_S2,0,0,0,0,0,1,1,1,2,multiple
S1-721563202,S3-644325621,S1_S3,0,0,0,0,0,1,1,1,2,multiple
S1-721563202,S3-941647525,S1_S3,0,0,0,0,0,1,1,1,2,multiple
S1-722842632,S3-300514953,S1_S3,1,0,0,1,1,1,1,1,5,multiple
S1-722842632,S3-822211645,S1_S3,1,0,0,1,1,1,1,1,5,multiple
S1-723475022,S2-735347039,S1_S2,0,0,0,1,1,1,1,1,4,multiple
S1-723475022,S3-113806379,S1_S3,0,1,0,1,1,1,1,1,5,multiple
S1-723475022,S3-851037674,S1_S3,0,1,0,1,1,1,1,1,5,multiple
S1-723515864,S2-720323013,S1_S2,0,0,0,1,1,1,1,1,4,multiple
S1-723515864,S3-735113176,S1_S3,0,0,0,0,0,1,1,1,2,multiple
S1-723611113,S2-301707997,S1_S2,0,1,1,1,1,1,1,1,6,multiple
S1-723611113,S2-442469315,S1_S2,0,1,1,1,1,1,1,1,6,multiple
S1-724007302,S2-587933674,S1_S2,1,1,0,1,1,1,1,1,6,multiple
S1-724635109,S2-464309104,S1_S2,1,1,1,1,1,1,1,1,7,multiple
S1-724635109,S3-148054865,S1_S3,0,1,0,1,1,1,1,1,5,multiple
S1-724635109,S3-790841190,S1_S3,1,1,1,1,1,1,1,1,7,multiple
S1-725090270,S2-748434461,S1_S2,0,1,0,1,1,1,1,1,5,multiple
S1-725090270,S3-125479350,S1_S3,0,1,0,1,1,1,1,1,5,multiple
S1-725090270,S3-16426353,S1_S3,0,1,0,1,1,1,1,1,5,multiple
S1-725243580,S2-206148056,S1_S2,0,1,0,1,1,1,1,1,5,multiple
S1-725243580,S2-687162640,S1_S2,1,1,0,1,1,0,0,1,4,multiple
S1-725243580,S2-861450153,S1_S2,0,1,0,1,1,1,1,1,5,multiple
S1-725243580,S2-876382210,S1_S2,1,1,0,1,1,1,1,1,6,multiple
S1-725243580,S3-21345844,S1_S3,0,1,0,1,1,0,1,1,4,multiple
S1-725243580,S3-772102405,S1_S3,1,1,0,1,1,1,1,1,6,multiple
S1-725602045,S2-340674164,S1_S2,0,0,0,1,1,1,1,1,4,multiple
S1-725602045,S2-387305072,S1_S2,1,0,0,1,1,1,1,1,5,multiple
S1-725602045,S2-460658423,S1_S2,0,0,0,0,0,1,1,1,2,multiple
S1-725602045,S2-556414908,S1_S2,0,0,0,0,1,1,1,1,3,multiple
S1-725602045,S2-797827012,S1_S2,0,0,0,0,0,1,1,1,2,multiple
S1-725853942,S2-225014109,S1_S2,0,1,0,1,1,0,0,1,3,multiple
S1-725853942,S2-83301681,S1_S2,0,0,0,1,1,1,1,1,4,multiple
S1-725853942,S3-512709062,S1_S3,1,1,0,1,1,1,1,1,6,multiple
S1-725853942,S3-572491947,S1_S3,0,1,0,1,1,1,1,1,5,multiple
S1-72598884,S2-724784775,S1_S2,0,0,0,1,1,1,1,1,4,multiple
S1-72598884,S3-765759052,S1_S3,1,0,0,1,1,1,1,1,5,multiple
S1-727168231,S2-223530833,S1_S2,0,1,0,1,1,1,1,1,5,multiple
S1-727168231,S2-540936918,S1_S2,0,1,0,1,1,1,1,1,5,multiple
S1-727168231,S2-823849021,S1_S2,0,1,0,1,1,1,1,1,5,multiple
S1-727284358,S2-391667154,S1_S2,0,1,0,1,1,1,1,1,5,multiple
S1-727284358,S2-538511448,S1_S2,0,1,0,1,1,1,1,1,5,multiple
S1-727284358,S3-318808989,S1_S3,0,1,0,1,1,0,1,1,4,multiple
S1-727284358,S3-404215280,S1_S3,0,1,0,1,1,1,1,1,5,multiple
S1-727284358,S3-801884872,S1_S3,0,1,0,1,1,1,1,1,5,multiple
S1-728299735,S2-55737029,S1_S2,1,0,0,1,1,0,0,1,3,multiple
S1-728299735,S3-303756534,S1_S3,1,0,0,1,1,1,1,1,5,multiple
S1-728492011,S2-595442466,S1_S2,1,1,0,1,1,1,1,1,6,multiple
S1-728492011,S3-118302722,S1_S3,0,0,0,1,1,1,1,1,4,multiple
S1-728492011,S3-783967687,S1_S3,1,1,0,1,1,1,1,1,6,multiple
S1-728492011,S3-827334536,S1_S3,0,1,0,1,1,1,1,1,5,multiple
S1-728546270,S2-675616365,S1_S2,1,1,0,1,1,0,0,1,4,multiple
S1-728546270,S2-974279740,S1_S2,0,1,0,1,1,1,1,1,5,multiple
S1-728546270,S3-748562985,S1_S3,0,1,0,1,1,1,1,1,5,multiple
S1-728546270,S3-842203563,S1_S3,0,1,0,1,1,1,1,1,5,multiple
S1-728554136,S2-987566498,S1_S2,0,0,0,0,0,1,1,1,2,multiple
S1-728554136,S3-17979740,S1_S3,1,0,0,1,1,1,1,1,5,multiple
S1-728554136,S3-937806966,S1_S3,0,0,0,1,1,1,1,1,4,multiple
S1-728824182,S3-474803801,S1_S3,0,0,0,0,0,1,1,1,2,multiple
S1-728824182,S3-97966108,S1_S3,0,0,0,0,0,1,1,1,2,multiple
S1-728947925,S2-451594496,S1_S2,0,1,0,1,1,1,1,1,5,multiple
S1-728947925,S2-64697893,S1_S2,0,1,0,1,1,1,1,1,5,multiple
S1-728947925,S3-4400349,S1_S3,0,0,0,0,0,1,1,1,2,multiple
S1-728947925,S3-814775069,S1_S3,0,1,0,1,1,1,1,1,5,multiple
S1-729800328,S2-127408432,S1_S2,0,0,0,0,0,1,1,1,2,multiple
S1-729800328,S2-731034890,S1_S2,0,0,0,1,1,1,1,1,4,multiple
S1-729800328,S3-80486376,S1_S3,0,0,0,1,1,1,1,1,4,multiple
S1-730905661,S2-356312303,S1_S2,1,1,0,1,1,1,1,1,6,multiple
S1-730905661,S2-904574049,S1_S2,1,1,0,1,1,1,1,1,6,multiple
S1-730905661,S3-137697307,S1_S3,0,1,0,1,1,1,1,1,5,multiple
S1-730905661,S3-783173762,S1_S3,0,1,0,1,1,1,1,1,5,multiple
S1-730905661,S3-819829712,S1_S3,0,1,0,1,1,1,1,1,5,multiple
S1-730933499,S2-948415014,S1_S2,0,0,0,1,1,1,1,1,4,multiple
S1-730933499,S3-453236413,S1_S3,1,0,0,1,1,1,1,1,5,multiple
S1-731176565,S2-616629216,S1_S2,0,1,0,1,1,1,1,1,5,multiple
S1-731176565,S3-34920375,S1_S3,0,0,0,1,1,1,1,1,4,multiple
S1-731176565,S3-89221354,S1_S3,0,1,0,1,1,1,1,1,5,multiple
S1-731176565,S3-985612119,S1_S3,1,1,0,1,1,1,1,1,6,multiple
S1-732172368,S2-408253778,S1_S2,0,1,0,1,1,1,1,1,5,multiple
S1-732172368,S2-995925699,S1_S2,0,1,0,1,1,1,1,1,5,multiple
S1-732172368,S3-502901004,S1_S3,1,1,0,1,1,1,1,1,6,multiple
S1-732172368,S3-690742438,S1_S3,0,1,0,1,1,1,1,1,5,multiple
S1-732172368,S3-827897645,S1_S3,0,1,0,1,1,1,1,1,5,multiple
S1-734039488,S2-152188268,S1_S2,0,0,0,1,1,1,1,1,4,multiple
S1-734039488,S2-235434650,S1_S2,0,0,0,1,1,1,1,1,4,multiple
S1-734039488,S3-623044103,S1_S3,1,0,0,1,1,1,1,1,5,multiple
S1-734039488,S3-708196564,S1_S3,0,0,0,1,1,1,1,1,4,multiple
S1-734039488,S3-868376517,S1_S3,0,0,0,1,1,1,1,1,4,multiple
S1-735708777,S2-232779599,S1_S2,0,0,0,0,0,1,1,1,2,multiple
S1-735708777,S2-820588060,S1_S2,0,0,0,0,0,1,1,1,2,multiple
S1-735708777,S3-511565663,S1_S3,0,0,0,0,1,1,1,1,3,multiple
S1-735708777,S3-687253569,S1_S3,0,0,0,1,1,1,1,1,4,multiple
S1-736586470,S2-533536885,S1_S2,0,0,0,1,1,1,1,1,4,multiple
S1-736586470,S3-595026690,S1_S3,0,0,0,1,1,1,1,1,4,multiple
S1-737179456,S2-767628334,S1_S2,1,1,0,1,1,1,1,1,6,multiple
S1-737179456,S3-348397243,S1_S3,0,1,0,1,1,1,1,1,5,multiple
S1-737179456,S3-478264753,S1_S3,0,1,0,1,1,1,1,1,5,multiple
S1-737179456,S3-547579426,S1_S3,0,1,0,1,1,1,1,1,5,multiple
S1-737179456,S3-95849931,S1_S3,0,1,0,1,1,0,0,1,3,multiple
S1-738142407,S2-146829378,S1_S2,0,0,0,0,0,1,1,1,2,multiple
S1-738142407,S2-667825852,S1_S2,0,0,0,0,0,1,1,1,2,multiple
S1-738142407,S2-903890128,S1_S2,0,0,0,1,1,1,1,1,4,multiple
S1-738142407,S2-928333691,S1_S2,0,0,0,0,0,1,1,1,2,multiple
S1-738142407,S3-349378248,S1_S3,1,0,0,1,1,1,1,1,5,multiple
S1-739328322,S2-115561079,S1_S2,1,0,0,1,1,1,1,1,5,multiple
S1-739328322,S2-366140982,S1_S2,0,0,0,1,1,1,1,1,4,multiple
S1-739328322,S3-268216755,S1_S3,1,0,0,1,1,1,1,1,5,multiple
S1-739430433,S2-441636264,S1_S2,0,0,0,0,0,1,1,1,2,multiple
S1-739430433,S3-154312558,S1_S3,0,0,0,0,0,1,1,1,2,multiple
S1-739979164,S2-823060032,S1_S2,1,1,0,1,1,1,1,1,6,multiple
S1-739979164,S3-214585247,S1_S3,1,1,0,1,1,1,1,1,6,multiple
S1-740219090,S2-314083003,S1_S2,0,0,0,0,0,1,1,1,2,multiple
S1-740219090,S2-694096765,S1_S2,0,0,0,0,0,1,1,1,2,multiple
S1-740219090,S2-952947547,S1_S2,1,0,0,1,1,1,1,1,5,multiple
S1-740219090,S3-109046293,S1_S3,0,0,0,0,0,1,1,1,2,multiple
S1-740219090,S3-350404091,S1_S3,0,0,0,0,0,1,1,1,2,multiple
S1-741032460,S2-842704952,S1_S2,0,1,0,1,1,1,1,1,5,multiple
S1-741032460,S2-909546397,S1_S2,0,1,0,1,1,1,1,1,5,multiple
S1-741032460,S3-32688244,S1_S3,1,1,0,1,1,1,1,1,6,multiple
S1-741032460,S3-838880260,S1_S3,1,1,0,1,1,1,1,1,6,multiple
S1-7418791,S2-443848073,S1_S2,0,0,0,1,1,1,1,1,4,multiple
S1-7418791,S2-670230147,S1_S2,0,0,0,1,1,1,1,1,4,multiple
S1-7418791,S2-886755631,S1_S2,1,0,0,1,1,1,1,1,5,multiple
S1-7418791,S2-971234388,S1_S2,1,0,0,1,1,1,1,1,5,multiple
S1-7418791,S3-194711499,S1_S3,0,0,0,1,1,1,1,1,4,multiple
S1-741903634,S2-872287424,S1_S2,0,1,0,1,1,1,1,1,5,multiple
S1-741903634,S3-255236543,S1_S3,0,1,0,1,1,1,1,1,5,multiple
S1-741903634,S3-44473796,S1_S3,0,1,0,1,1,0,0,1,3,multiple
S1-742224258,S2-465922849,S1_S2,0,1,0,1,1,1,1,1,5,multiple
S1-742224258,S2-679920523,S1_S2,0,0,0,1,1,1,1,1,4,multiple
S1-742224258,S2-965968538,S1_S2,0,1,0,1,1,1,1,1,5,multiple
S1-742224258,S3-164532216,S1_S3,0,1,0,1,1,1,1,1,5,multiple
S1-742224258,S3-452192067,S1_S3,0,1,0,1,1,1,1,1,5,multiple
S1-742308673,S2-689025680,S1_S2,0,1,1,1,1,1,1,1,6,multiple
S1-742308673,S3-152511258,S1_S3,1,1,1,1,1,1,1,1,7,multiple
S1-742308673,S3-589898354,S1_S3,0,1,1,1,1,1,1,1,6,multiple
S1-742308673,S3-87671007,S1_S3,1,1,1,1,1,1,1,1,7,multiple
S1-742807313,S2-651796099,S1_S2,0,1,0,1,1,1,1,1,5,multiple
S1-742807313,S2-67158350,S1_S2,0,1,0,1,1,0,0,1,3,multiple
S1-742807313,S3-405166971,S1_S3,0,0,0,0,0,1,1,1,2,multiple
S1-742807313,S3-481887718,S1_S3,1,1,0,1,1,1,1,1,6,multiple
S1-742807313,S3-601305824,S1_S3,0,1,0,1,1,1,1,1,5,multiple
S1-742912598,S2-328664716,S1_S2,1,1,0,1,1,1,1,1,6,multiple
S1-742912598,S2-589370572,S1_S2,0,1,0,1,1,1,1,1,5,multiple
S1-742912598,S3-265158338,S1_S3,0,1,0,1,1,1,1,1,5,multiple
S1-743000259,S2-678074667,S1_S2,0,1,0,1,1,1,1,1,5,multiple
S1-743000259,S3-678242326,S1_S3,0,1,0,1,1,1,1,1,5,multiple
S1-743000259,S3-878317250,S1_S3,0,0,0,0,0,1,1,1,2,multiple
S1-743148794,S2-305102851,S1_S2,0,0,0,0,0,1,1,1,2,multiple
S1-743148794,S2-463482113,S1_S2,0,0,0,0,0,1,1,1,2,multiple
S1-743148794,S2-505636120,S1_S2,0,0,0,0,0,1,1,1,2,multiple
S1-743148794,S3-408249446,S1_S3,0,0,0,0,0,1,1,1,2,multiple
S1-74354301,S2-153145842,S1_S2,1,0,0,1,1,1,1,1,5,multiple
S1-74354301,S3-372063745,S1_S3,0,0,0,0,0,1,1,1,2,multiple
S1-74371811,S2-768157217,S1_S2,0,1,0,1,1,1,1,1,5,multiple
S1-74371811,S3-866915429,S1_S3,0,1,0,1,1,1,1,1,5,multiple
S1-744803045,S3-758028123,S1_S3,1,0,0,1,1,1,1,1,5,multiple
S1-744803045,S3-963696362,S1_S3,0,0,0,1,1,1,1,1,4,multiple
S1-746152389,S2-283911669,S1_S2,1,0,0,1,1,1,1,1,5,multiple
S1-746152389,S2-366251779,S1_S2,0,0,0,1,1,1,1,1,4,multiple
S1-746152389,S3-708554993,S1_S3,1,0,0,1,1,0,0,1,3,multiple
S1-746825655,S2-115001409,S1_S2,0,1,0,1,1,1,1,1,5,multiple
S1-746825655,S2-559721498,S1_S2,0,1,0,1,1,1,1,1,5,multiple
S1-746825655,S2-931503321,S1_S2,0,0,0,0,1,1,1,1,3,multiple
S1-746825655,S3-842383799,S1_S3,0,1,0,1,1,1,1,1,5,multiple
S1-747701086,S2-320020773,S1_S2,0,0,0,0,0,1,1,1,2,multiple
S1-747701086,S2-860146658,S1_S2,0,0,0,1,1,1,1,1,4,multiple
S1-747701086,S3-581751502,S1_S3,0,0,0,0,0,1,1,1,2,multiple
S1-747701086,S3-585042079,S1_S3,0,0,0,0,0,1,1,1,2,multiple
S1-747701086,S3-737286944,S1_S3,1,0,0,1,1,1,1,1,5,multiple
S1-748618101,S2-62308021,S1_S2,1,0,0,1,1,1,1,1,5,multiple
S1-748618101,S3-176287889,S1_S3,0,0,0,1,1,1,1,1,4,multiple
S1-748618101,S3-264686483,S1_S3,1,0,0,1,1,1,1,1,5,multiple
S1-748618101,S3-414712149,S1_S3,0,0,0,1,1,1,1,1,4,multiple
S1-751165390,S2-447044898,S1_S2,1,1,0,1,1,0,0,1,4,multiple
S1-751165390,S2-615039509,S1_S2,0,1,0,1,1,0,1,1,4,multiple
S1-751165390,S3-92742958,S1_S3,0,1,0,1,1,0,1,1,4,multiple
S1-751291728,S2-905289077,S1_S2,0,0,0,0,0,1,1,1,2,multiple
S1-751291728,S3-45100106,S1_S3,0,0,0,0,0,1,1,1,2,multiple
S1-751291728,S3-54219889,S1_S3,0,0,0,1,1,0,0,1,2,multiple
S1-752135321,S2-755827396,S1_S2,0,1,0,1,1,1,1,1,5,multiple
S1-752135321,S3-812515526,S1_S3,0,1,0,1,1,1,1,1,5,multiple
S1-752212012,S2-616841412,S1_S2,0,0,0,1,1,0,0,1,2,multiple
S1-752212012,S2-965507173,S1_S2,0,0,0,1,1,1,1,1,4,multiple
S1-752212012,S3-552562955,S1_S3,0,0,0,1,1,1,1,1,4,multiple
S1-754317885,S2-171392020,S1_S2,0,0,0,1,1,1,1,1,4,multiple
S1-754317885,S2-46177306,S1_S2,1,0,0,1,1,1,1,1,5,multiple
S1-754317885,S3-530572573,S1_S3,0,0,0,1,1,1,1,1,4,multiple
S1-754374471,S2-500040427,S1_S2,1,1,0,1,1,1,1,1,6,multiple
S1-754374471,S2-792658938,S1_S2,0,1,0,1,1,1,1,1,5,multiple
S1-754374471,S2-931801840,S1_S2,0,1,0,1,1,1,1,1,5,multiple
S1-754374471,S3-218225469,S1_S3,1,1,0,1,1,1,1,1,6,multiple
S1-754374471,S3-781924260,S1_S3,1,1,0,1,1,1,1,1,6,multiple
S1-755090967,S3-112730816,S1_S3,0,0,0,0,0,1,1,1,2,multiple
S1-755090967,S3-287979198,S1_S3,0,1,0,1,1,1,1,1,5,multiple
S1-755090967,S3-996841533,S1_S3,0,1,0,1,1,1,1,1,5,multiple
S1-755363791,S2-767079874,S1_S2,0,0,0,1,1,1,1,1,4,multiple
S1-755363791,S3-631208123,S1_S3,0,0,0,1,1,1,1,1,4,multiple
S1-755363791,S3-707991376,S1_S3,1,1,0,1,1,1,1,1,6,multiple
S1-755377764,S2-902535893,S1_S2,0,0,0,0,0,1,1,1,2,multiple
S1-755377764,S2-960874336,S1_S2,0,1,0,1,1,1,1,1,5,multiple
S1-755377764,S3-363283186,S1_S3,0,1,0,1,1,1,1,1,5,multiple
S1-755707356,S2-527230105,S1_S2,0,1,0,1,1,1,1,1,5,multiple
S1-755707356,S3-160577885,S1_S3,0,1,0,1,1,1,1,1,5,multiple
S1-755707356,S3-781968495,S1_S3,0,0,0,1,1,1,1,1,4,multiple
S1-755707356,S3-95625335,S1_S3,0,1,0,1,1,1,1,1,5,multiple
S1-755940017,S2-550624968,S1_S2,1,0,0,1,1,1,1,1,5,multiple
S1-755940017,S3-660866231,S1_S3,1,0,0,1,1,1,1,1,5,multiple
S1-755940017,S3-964375942,S1_S3,0,0,0,1,1,1,1,1,4,multiple
S1-756871142,S2-592641805,S1_S2,0,0,0,1,1,1,1,1,4,multiple
S1-756871142,S3-257911296,S1_S3,0,0,0,1,1,1,1,1,4,multiple
S1-756871142,S3-263817270,S1_S3,1,0,0,1,1,1,1,1,5,multiple
S1-756871142,S3-525724807,S1_S3,0,0,0,0,1,1,1,1,3,multiple
S1-757037194,S2-190781232,S1_S2,0,0,0,0,0,1,1,1,2,multiple
S1-757037194,S2-499812430,S1_S2,0,0,0,0,0,1,1,1,2,multiple
S1-757037194,S3-136283872,S1_S3,0,0,0,1,1,1,1,1,4,multiple
S1-757037194,S3-468984669,S1_S3,1,0,0,1,1,1,1,1,5,multiple
S1-757037194,S3-478774661,S1_S3,0,0,0,0,0,1,1,1,2,multiple
S1-757037194,S3-809983518,S1_S3,0,0,0,0,0,1,1,1,2,multiple
S1-757485266,S2-270141400,S1_S2,0,0,0,0,0,1,1,1,2,multiple
S1-757485266,S2-416676375,S1_S2,1,1,0,1,1,1,1,1,6,multiple
S1-757485266,S2-511130876,S1_S2,1,1,0,1,1,1,1,1,6,multiple
S1-757485266,S3-258065586,S1_S3,1,1,0,1,1,1,1,1,6,multiple
S1-757485266,S3-515727051,S1_S3,0,0,0,0,1,1,1,1,3,multiple
S1-757485266,S3-697705126,S1_S3,0,0,0,1,1,1,1,1,4,multiple
S1-75930385,S2-200067595,S1_S2,0,1,0,1,1,1,1,1,5,multiple
S1-75930385,S2-763912818,S1_S2,1,1,0,1,1,1,1,1,6,multiple
S1-75930385,S3-237348214,S1_S3,1,1,0,1,1,1,1,1,6,multiple
S1-75930385,S3-248007578,S1_S3,1,1,0,1,1,1,1,1,6,multiple
S1-759794006,S2-983298188,S1_S2,1,0,0,1,1,1,1,1,5,multiple
S1-759794006,S2-98435381,S1_S2,0,0,0,1,1,1,1,1,4,multiple
S1-759794006,S3-577670519,S1_S3,0,0,0,1,1,1,1,1,4,multiple
S1-759794006,S3-599327593,S1_S3,1,0,0,1,1,1,1,1,5,multiple
S1-760166234,S2-168517813,S1_S2,0,1,0,1,1,1,1,1,5,multiple
S1-760166234,S2-46152833,S1_S2,0,1,0,1,1,1,1,1,5,multiple
S1-760166234,S2-726084031,S1_S2,0,1,0,1,1,1,1,1,5,multiple
S1-760166234,S2-874857832,S1_S2,1,1,0,1,1,1,1,1,6,multiple
S1-760166234,S3-917159661,S1_S3,1,1,0,1,1,0,1,1,5,multiple
S1-76073272,S2-102866256,S1_S2,0,1,0,1,1,1,1,1,5,multiple
S1-76073272,S2-895156366,S1_S2,0,1,0,1,1,1,1,1,5,multiple
S1-76073272,S3-3625358,S1_S3,0,1,0,1,1,1,1,1,5,multiple
S1-76073272,S3-4565125,S1_S3,1,1,0,1,1,1,1,1,6,multiple
S1-76073272,S3-610049015,S1_S3,0,0,0,1,1,1,1,1,4,multiple
S1-761635591,S2-533705143,S1_S2,0,1,0,1,1,1,1,1,5,multiple
S1-761635591,S2-991420074,S1_S2,0,1,0,1,1,1,1,1,5,multiple
S1-761635591,S3-178152078,S1_S3,0,0,0,1,1,1,1,1,4,multiple
S1-761635591,S3-751105401,S1_S3,0,1,0,1,1,1,1,1,5,multiple
S1-761761124,S2-557195519,S1_S2,1,1,0,1,1,1,1,1,6,multiple
S1-761761124,S2-682563713,S1_S2,0,0,0,1,1,1,1,1,4,multiple
S1-761761124,S2-730281590,S1_S2,0,1,0,1,1,1,1,1,5,multiple
S1-761761124,S3-600250700,S1_S3,0,0,0,1,1,1,1,1,4,multiple
S1-762387088,S2-565086712,S1_S2,1,0,0,1,1,1,1,1,5,multiple
S1-762387088,S2-850896078,S1_S2,0,0,0,1,1,1,1,1,4,multiple
S1-762387088,S3-515411929,S1_S3,0,0,0,1,1,1,1,1,4,multiple
S1-762589197,S2-775989676,S1_S2,1,1,1,1,1,1,1,1,7,multiple
S1-762589197,S3-227000087,S1_S3,0,1,0,1,1,1,1,1,5,multiple
S1-762589197,S3-373058810,S1_S3,0,1,1,1,1,1,1,1,6,multiple
S1-762589197,S3-951764253,S1_S3,0,0,0,1,1,1,1,1,4,multiple
S1-762664259,S2-706242307,S1_S2,1,1,0,1,1,1,1,1,6,multiple
S1-762664259,S2-879251555,S1_S2,0,1,0,1,1,1,1,1,5,multiple
S1-762664259,S3-243298039,S1_S3,0,1,0,1,1,1,1,1,5,multiple
S1-762664259,S3-771404494,S1_S3,0,1,0,1,1,1,1,1,5,multiple
S1-764694378,S2-930439615,S1_S2,0,1,1,1,1,1,1,1,6,multiple
S1-764694378,S3-274204859,S1_S3,0,1,1,1,1,0,1,1,5,multiple
S1-764694378,S3-705848358,S1_S3,1,1,1,1,1,0,1,1,6,multiple
S1-765705373,S2-211236982,S1_S2,1,0,0,1,1,1,1,1,5,multiple
S1-765705373,S2-432389999,S1_S2,0,0,0,1,1,1,1,1,4,multiple
S1-765705373,S2-438803481,S1_S2,0,0,0,1,1,1,1,1,4,multiple
S1-765838654,S2-299147248,S1_S2,1,1,0,1,1,1,1,1,6,multiple
S1-765838654,S3-294485630,S1_S3,0,1,0,1,1,1,1,1,5,multiple
S1-766760263,S2-505430892,S1_S2,0,1,0,1,1,1,1,1,5,multiple
S1-766760263,S2-730100187,S1_S2,0,1,0,1,1,1,1,1,5,multiple
S1-766760263,S3-206852066,S1_S3,0,1,0,1,1,1,1,1,5,multiple
S1-766760263,S3-891047785,S1_S3,0,1,0,1,1,1,1,1,5,multiple
S1-767039804,S2-411230563,S1_S2,0,0,0,1,1,0,0,1,2,multiple
S1-767039804,S2-688025558,S1_S2,0,0,0,0,0,1,1,1,2,multiple
S1-767039804,S2-743939165,S1_S2,0,0,0,0,0,1,1,1,2,multiple
S1-767039804,S3-729152755,S1_S3,0,0,0,1,1,1,1,1,4,multiple
S1-767039804,S3-964913991,S1_S3,1,0,0,1,1,1,1,1,5,multiple
S1-768077954,S2-689500948,S1_S2,0,0,0,1,1,1,1,1,4,multiple
S1-768077954,S3-167069960,S1_S3,1,0,0,1,1,1,1,1,5,multiple
S1-768077954,S3-746078631,S1_S3,0,0,0,1,1,1,1,1,4,multiple
S1-769322601,S2-214429534,S1_S2,0,0,0,1,1,1,1,1,4,multiple
S1-769322601,S3-728597171,S1_S3,0,0,0,1,1,1,1,1,4,multiple
S1-770351635,S3-128475238,S1_S3,1,1,0,1,1,1,1,1,6,multiple
S1-770351635,S3-317283164,S1_S3,0,1,0,1,1,1,1,1,5,multiple
S1-770941393,S2-177861668,S1_S2,0,1,0,1,1,1,1,1,5,multiple
S1-770941393,S2-443536879,S1_S2,1,1,0,1,1,1,1,1,6,multiple
S1-770941393,S3-716995603,S1_S3,0,1,0,1,1,1,1,1,5,multiple
S1-770941393,S3-812834471,S1_S3,0,1,0,1,1,1,1,1,5,multiple
S1-771737924,S2-716679534,S1_S2,1,1,0,1,1,1,1,1,6,multiple
S1-771737924,S3-5950789,S1_S3,1,1,0,1,1,1,1,1,6,multiple
S1-771737924,S3-72832651,S1_S3,1,1,0,1,1,1,1,1,6,multiple
S1-772014870,S2-30670791,S1_S2,0,0,0,0,0,1,1,1,2,multiple
S1-772014870,S3-43578603,S1_S3,1,1,0,1,1,1,1,1,6,multiple
S1-772014870,S3-46249564,S1_S3,0,1,0,0,0,1,1,1,3,multiple
S1-773145117,S2-276371146,S1_S2,1,1,0,1,1,1,1,1,6,multiple
S1-773145117,S2-384800808,S1_S2,0,1,0,1,1,1,1,1,5,multiple
S1-773145117,S3-277985883,S1_S3,1,1,0,1,1,1,1,1,6,multiple
S1-773145117,S3-392045912,S1_S3,0,1,0,1,1,1,1,1,5,multiple
S1-77336389,S2-140448658,S1_S2,0,1,0,1,1,1,1,1,5,multiple
S1-77336389,S2-346561259,S1_S2,0,0,0,1,1,1,1,1,4,multiple
S1-77336389,S2-781892133,S1_S2,0,1,0,1,1,1,1,1,5,multiple
S1-77336389,S2-856210366,S1_S2,0,1,0,1,1,1,1,1,5,multiple
S1-77336389,S3-351944264,S1_S3,0,1,0,1,1,1,1,1,5,multiple
S1-77336389,S3-674551536,S1_S3,0,1,0,1,1,1,1,1,5,multiple
S1-775696453,S2-600945904,S1_S2,0,1,0,1,1,1,1,1,5,multiple
S1-775696453,S3-183127143,S1_S3,0,1,0,1,1,1,1,1,5,multiple
S1-775823318,S2-905625246,S1_S2,0,1,0,1,1,1,1,1,5,multiple
S1-776433673,S2-67628738,S1_S2,0,0,0,0,0,1,1,1,2,multiple
S1-776433673,S2-687551436,S1_S2,0,0,0,0,0,1,1,1,2,multiple
S1-776433673,S2-759591803,S1_S2,0,0,0,0,0,1,1,1,2,multiple
S1-776433673,S3-11226031,S1_S3,0,0,0,1,1,1,1,1,4,multiple
S1-77689538,S3-139484239,S1_S3,0,0,0,0,0,1,1,1,2,multiple
S1-77689538,S3-464906935,S1_S3,0,0,0,0,0,1,1,1,2,multiple
S1-778524056,S2-36011814,S1_S2,0,0,0,0,0,1,1,1,2,multiple
S1-778524056,S2-769111706,S1_S2,0,0,0,0,0,1,1,1,2,multiple
S1-778524056,S2-976381002,S1_S2,1,0,0,1,1,1,1,1,5,multiple
S1-778524056,S3-105960447,S1_S3,0,0,0,0,0,1,1,1,2,multiple
S1-778524056,S3-455199008,S1_S3,0,0,0,0,0,1,1,1,2,multiple
S1-778786801,S2-326050647,S1_S2,0,1,0,1,1,1,1,1,5,multiple
S1-778786801,S3-352678065,S1_S3,0,1,0,1,1,1,1,1,5,multiple
S1-778786801,S3-919788808,S1_S3,0,1,0,1,1,1,1,1,5,multiple
S1-779565984,S2-732045865,S1_S2,0,0,0,1,1,1,1,1,4,multiple
S1-779565984,S3-709173054,S1_S3,1,0,1,1,1,1,1,1,6,multiple
S1-780088922,S2-500142383,S1_S2,0,1,0,1,1,1,1,1,5,multiple
S1-780088922,S3-560453027,S1_S3,0,1,0,1,1,1,1,1,5,multiple
S1-780088922,S3-660963071,S1_S3,0,0,0,1,1,1,1,1,4,multiple
S1-78029415,S2-490487241,S1_S2,0,1,0,1,1,1,1,1,5,multiple
S1-78029415,S2-66818787,S1_S2,0,0,0,1,1,1,1,1,4,multiple
S1-78029415,S2-791825382,S1_S2,1,1,0,1,1,0,0,1,4,multiple
S1-78037292,S2-332050814,S1_S2,0,0,0,0,0,1,1,1,2,multiple
S1-78037292,S2-636778622,S1_S2,0,0,0,1,1,1,1,1,4,multiple
S1-78037292,S3-5328361,S1_S3,0,0,0,1,1,0,1,1,3,multiple
S1-780476943,S2-272854043,S1_S2,0,1,1,1,1,1,1,1,6,multiple
S1-780476943,S2-315986418,S1_S2,0,1,1,1,1,1,1,1,6,multiple
S1-780476943,S2-415609531,S1_S2,0,0,1,1,1,1,1,1,5,multiple
S1-780476943,S2-912436898,S1_S2,0,1,1,1,1,1,1,1,6,multiple
S1-781251511,S2-295428883,S1_S2,0,1,0,1,1,1,1,1,5,multiple
S1-781251511,S2-372599496,S1_S2,0,0,0,1,1,1,1,1,4,multiple
S1-781251511,S3-159674941,S1_S3,0,1,0,1,1,1,1,1,5,multiple
S1-781952195,S2-44202697,S1_S2,1,0,0,1,1,1,1,1,5,multiple
S1-781952195,S2-458357948,S1_S2,1,0,0,1,1,1,1,1,5,multiple
S1-781952195,S2-732305088,S1_S2,1,0,0,1,1,1,1,1,5,multiple
S1-781952195,S3-127484656,S1_S3,1,0,0,1,1,1,1,1,5,multiple
S1-781952195,S3-227023885,S1_S3,0,0,0,1,1,1,1,1,4,multiple
S1-782333356,S2-706928075,S1_S2,0,1,0,0,1,1,1,1,4,multiple
S1-782333356,S3-256628760,S1_S3,0,1,0,1,1,1,1,1,5,multiple
S1-782333356,S3-955254990,S1_S3,0,1,0,1,1,1,1,1,5,multiple
S1-783253732,S2-615754683,S1_S2,0,0,0,1,1,1,1,1,4,multiple
S1-783253732,S3-396278231,S1_S3,0,0,0,1,1,1,1,1,4,multiple
S1-783253732,S3-500546782,S1_S3,0,1,0,1,1,1,1,1,5,multiple
S1-783253732,S3-604672888,S1_S3,1,1,0,1,1,1,1,1,6,multiple
S1-783253732,S3-748377874,S1_S3,0,1,0,1,1,1,1,1,5,multiple
S1-7840876,S2-28503158,S1_S2,0,0,0,1,1,1,1,1,4,multiple
S1-7840876,S3-623306226,S1_S3,1,1,0,1,1,1,1,1,6,multiple
S1-784791405,S2-418260447,S1_S2,0,1,0,1,1,1,1,1,5,multiple
S1-784791405,S2-594948371,S1_S2,0,1,0,1,1,1,1,1,5,multiple
S1-785335787,S2-433458127,S1_S2,1,1,0,1,1,1,1,1,6,multiple
S1-785335787,S2-977080137,S1_S2,0,1,0,1,1,1,1,1,5,multiple
S1-785335787,S3-110645791,S1_S3,0,1,0,1,1,1,1,1,5,multiple
S1-785335787,S3-966874215,S1_S3,0,1,0,1,1,1,1,1,5,multiple
S1-785335787,S3-972131570,S1_S3,0,1,0,1,1,1,1,1,5,multiple
S1-785378524,S3-205702426,S1_S3,0,0,0,1,1,1,1,1,4,multiple
S1-785378524,S3-473470144,S1_S3,0,0,0,1,1,1,1,1,4,multiple
S1-785378524,S3-616358270,S1_S3,1,0,0,1,1,1,1,1,5,multiple
S1-785395645,S2-321040870,S1_S2,0,0,0,1,1,1,1,1,4,multiple
S1-785395645,S2-687861460,S1_S2,0,0,0,1,1,1,1,1,4,multiple
S1-785395645,S3-632024236,S1_S3,1,0,0,1,1,0,0,1,3,multiple
S1-785395645,S3-94431380,S1_S3,0,0,0,1,1,1,1,1,4,multiple
S1-785436145,S2-403195575,S1_S2,1,0,0,1,1,1,1,1,5,multiple
S1-785436145,S3-395407822,S1_S3,0,0,0,1,1,0,0,1,2,multiple
S1-785436145,S3-439187376,S1_S3,0,0,0,1,1,0,0,1,2,multiple
S1-786970905,S2-731424581,S1_S2,1,1,0,1,1,1,1,1,6,multiple
S1-786970905,S3-100632041,S1_S3,0,1,0,1,1,1,1,1,5,multiple
S1-786970905,S3-494717115,S1_S3,0,0,0,0,0,1,1,1,2,multiple
S1-78813959,S3-513090447,S1_S3,0,0,0,1,1,0,0,1,2,multiple
S1-78813959,S3-563325926,S1_S3,0,0,0,1,1,1,1,1,4,multiple
S1-78813959,S3-918906188,S1_S3,1,0,0,1,1,1,1,1,5,multiple
S1-788510407,S2-211589820,S1_S2,1,1,0,1,1,1,1,1,6,multiple
S1-788510407,S2-476655937,S1_S2,0,1,0,1,1,0,0,1,3,multiple
S1-788510407,S3-679619685,S1_S3,1,1,0,1,1,1,1,1,6,multiple
S1-789334061,S3-394252924,S1_S3,0,1,0,1,1,1,1,1,5,multiple
S1-78943540,S2-356239847,S1_S2,0,1,0,1,1,1,1,1,5,multiple
S1-78943540,S2-677509590,S1_S2,0,1,0,1,1,1,1,1,5,multiple
S1-78943540,S3-160023427,S1_S3,0,1,0,1,1,1,1,1,5,multiple
S1-78943540,S3-229162108,S1_S3,0,0,0,0,0,1,1,1,2,multiple
S1-78943540,S3-912662044,S1_S3,0,1,0,1,1,1,1,1,5,multiple
S1-789640024,S2-355629513,S1_S2,0,0,0,0,0,1,1,1,2,multiple
S1-789640024,S2-513139685,S1_S2,1,0,0,1,1,1,1,1,5,multiple
S1-789640024,S3-451798567,S1_S3,0,0,0,0,0,1,1,1,2,multiple
S1-78965685,S2-820784080,S1_S2,0,0,0,1,1,1,1,1,4,multiple
S1-78965685,S3-28601273,S1_S3,0,0,0,1,1,1,1,1,4,multiple
S1-78965685,S3-95233115,S1_S3,0,0,0,1,1,1,1,1,4,multiple
S1-789687769,S3-232906803,S1_S3,1,0,0,1,1,1,1,1,5,multiple
S1-789768470,S2-295675548,S1_S2,0,0,0,1,1,1,1,1,4,multiple
S1-789768470,S3-179241373,S1_S3,0,0,0,0,0,1,1,1,2,multiple
S1-789768470,S3-214969096,S1_S3,0,0,0,0,0,1,1,1,2,multiple
S1-790089724,S3-402652055,S1_S3,0,0,0,1,1,1,1,1,4,multiple
S1-790844619,S3-216577374,S1_S3,0,1,0,1,1,1,1,1,5,multiple
S1-790844619,S3-425228776,S1_S3,0,1,0,1,1,1,1,1,5,multiple
S1-790844619,S3-554403831,S1_S3,1,1,0,1,1,1,1,1,6,multiple
S1-790945187,S2-858115896,S1_S2,0,0,0,1,1,1,1,1,4,multiple
S1-790945187,S2-958715618,S1_S2,1,0,0,1,1,1,1,1,5,multiple
S1-790945187,S3-791967064,S1_S3,0,0,0,1,1,1,1,1,4,multiple
S1-79143136,S2-615387699,S1_S2,1,1,0,1,1,1,1,1,6,multiple
S1-79143136,S3-333997653,S1_S3,0,1,0,1,1,1,1,1,5,multiple
S1-79143136,S3-831723580,S1_S3,0,1,0,1,1,1,1,1,5,multiple
S1-791600347,S3-187634795,S1_S3,0,1,0,1,1,1,1,1,5,multiple
S1-791600347,S3-214279461,S1_S3,0,1,0,1,1,1,1,1,5,multiple
S1-791600347,S3-220453465,S1_S3,0,1,0,1,1,1,1,1,5,multiple
S1-791600347,S3-581378040,S1_S3,1,1,0,1,1,1,1,1,6,multiple
S1-792951546,S2-227154985,S1_S2,0,0,0,1,1,1,1,1,4,multiple
S1-792951546,S2-328646078,S1_S2,0,0,0,1,1,1,1,1,4,multiple
S1-792951546,S3-63624586,S1_S3,1,0,0,1,1,1,1,1,5,multiple
S1-792951546,S3-916894428,S1_S3,0,0,0,1,1,1,1,1,4,multiple
S1-793405616,S2-768556485,S1_S2,0,0,0,0,0,1,1,1,2,multiple
S1-793405616,S3-80015439,S1_S3,0,0,0,1,1,1,1,1,4,multiple
S1-793405616,S3-971873347,S1_S3,0,0,0,1,1,1,1,1,4,multiple
S1-794299792,S2-562569478,S1_S2,0,0,0,1,1,1,1,1,4,multiple
S1-794299792,S2-679912766,S1_S2,0,0,0,1,1,0,0,1,2,multiple
S1-794299792,S3-453230104,S1_S3,0,0,0,1,1,1,1,1,4,multiple
S1-794299792,S3-484139552,S1_S3,0,0,0,1,1,1,1,1,4,multiple
S1-794299792,S3-615293823,S1_S3,0,0,0,1,1,1,1,1,4,multiple
S1-794299792,S3-634502159,S1_S3,0,0,0,1,1,1,1,1,4,multiple
S1-794432036,S2-417074456,S1_S2,0,0,0,1,1,0,0,1,2,multiple
S1-794432036,S2-48908136,S1_S2,0,0,0,1,1,1,1,1,4,multiple
S1-794432036,S2-893027810,S1_S2,0,0,0,1,1,1,1,1,4,multiple
S1-794432036,S3-321902254,S1_S3,0,0,0,1,1,0,1,1,3,multiple
S1-794432036,S3-507744163,S1_S3,0,0,0,1,1,0,0,1,2,multiple
S1-795058018,S2-775316840,S1_S2,0,0,0,1,1,1,1,1,4,multiple
S1-795259438,S2-206118813,S1_S2,1,1,0,1,1,1,1,1,6,multiple
S1-795259438,S2-731903224,S1_S2,0,1,0,1,1,1,1,1,5,multiple
S1-795259438,S2-910169880,S1_S2,0,1,0,1,1,1,1,1,5,multiple
S1-795259438,S3-64524818,S1_S3,0,1,0,1,1,1,1,1,5,multiple
S1-795315717,S2-814505611,S1_S2,1,1,0,1,1,1,1,1,6,multiple
S1-795315717,S2-897568013,S1_S2,0,1,0,1,1,1,1,1,5,multiple
S1-795315717,S3-664768334,S1_S3,0,0,0,1,1,1,1,1,4,multiple
S1-795315717,S3-94962215,S1_S3,0,0,0,1,1,1,1,1,4,multiple
S1-796511633,S2-16069100,S1_S2,1,1,0,1,1,1,1,1,6,multiple
S1-796511633,S2-321009147,S1_S2,0,1,0,1,1,1,1,1,5,multiple
S1-796511633,S2-492559557,S1_S2,1,1,0,1,1,1,1,1,6,multiple
S1-796511633,S3-101636218,S1_S3,0,1,0,1,1,1,1,1,5,multiple
S1-796511633,S3-439177762,S1_S3,0,0,0,1,1,1,1,1,4,multiple
S1-796511633,S3-761142514,S1_S3,0,1,0,1,1,1,1,1,5,multiple
S1-797239797,S2-902088616,S1_S2,0,1,0,1,1,1,1,1,5,multiple
S1-797628204,S2-193168457,S1_S2,1,0,0,1,1,1,1,1,5,multiple
S1-797628204,S2-346828509,S1_S2,0,0,0,0,0,1,1,1,2,multiple
S1-797628204,S3-604332345,S1_S3,0,0,0,1,1,1,1,1,4,multiple
S1-798781224,S2-602677648,S1_S2,0,1,0,1,1,1,1,1,5,multiple
S1-798781224,S2-696634971,S1_S2,1,1,0,1,1,1,1,1,6,multiple
S1-798781224,S2-742099038,S1_S2,0,0,0,1,1,1,1,1,4,multiple
S1-798781224,S3-515125342,S1_S3,1,1,0,1,1,1,1,1,6,multiple
S1-799093417,S2-111622099,S1_S2,1,1,0,1,1,1,1,1,6,multiple
S1-799093417,S2-29890934,S1_S2,0,1,0,1,1,1,1,1,5,multiple
S1-799093417,S2-957240053,S1_S2,0,1,0,1,1,1,1,1,5,multiple
S1-799093417,S3-680409834,S1_S3,0,1,0,1,1,0,0,1,3,multiple
S1-799199290,S2-794937006,S1_S2,0,0,0,1,1,1,1,1,4,multiple
S1-799199290,S2-936686018,S1_S2,0,0,0,1,1,1,1,1,4,multiple
S1-799199290,S3-514475283,S1_S3,0,0,0,1,1,1,1,1,4,multiple
S1-799199290,S3-534510613,S1_S3,0,0,0,1,1,1,1,1,4,multiple
S1-799536670,S2-336448911,S1_S2,0,0,0,1,1,1,1,1,4,multiple
S1-799536670,S3-333540468,S1_S3,0,0,0,1,1,1,1,1,4,multiple
S1-800885110,S2-265227573,S1_S2,0,1,0,1,1,1,1,1,5,multiple
S1-800885110,S2-712749145,S1_S2,1,1,0,1,1,1,1,1,6,multiple
S1-800885110,S3-478386146,S1_S3,0,1,0,1,1,1,1,1,5,multiple
S1-800885110,S3-825206856,S1_S3,0,1,0,1,1,1,1,1,5,multiple
S1-801059233,S2-260635268,S1_S2,0,0,0,0,0,1,1,1,2,multiple
S1-801059233,S3-285045521,S1_S3,0,0,0,0,0,1,1,1,2,multiple
S1-801059233,S3-638635373,S1_S3,0,0,0,0,0,1,1,1,2,multiple
S1-801214002,S2-2201697,S1_S2,0,0,0,1,1,1,1,1,4,multiple
S1-801214002,S3-150622892,S1_S3,0,0,0,1,1,1,1,1,4,multiple
S1-801214002,S3-665661054,S1_S3,0,0,0,1,1,1,1,1,4,multiple
S1-80145912,S2-113768999,S1_S2,1,0,0,1,1,1,1,1,5,multiple
S1-80145912,S2-501764238,S1_S2,0,0,0,1,1,1,1,1,4,multiple
S1-80145912,S2-853997715,S1_S2,0,0,0,1,1,1,1,1,4,multiple
S1-80145912,S2-911277560,S1_S2,0,0,0,1,1,1,1,1,4,multiple
S1-80145912,S3-255044444,S1_S3,0,0,0,1,1,1,1,1,4,multiple
S1-80265903,S2-194578644,S1_S2,0,1,0,1,1,1,1,1,5,multiple
S1-80265903,S3-150031731,S1_S3,0,1,0,1,1,1,1,1,5,multiple
S1-80265903,S3-336239910,S1_S3,0,0,0,0,0,1,1,1,2,multiple
S1-804106763,S2-12915993,S1_S2,0,0,0,0,0,1,1,1,2,multiple
S1-804106763,S2-259431526,S1_S2,0,0,0,0,0,1,1,1,2,multiple
S1-804106763,S2-62387969,S1_S2,0,0,0,1,1,1,1,1,4,multiple
S1-804106763,S3-392029359,S1_S3,0,0,0,0,0,1,1,1,2,multiple
S1-805224314,S2-391619569,S1_S2,0,0,0,0,1,1,1,1,3,multiple
S1-805224314,S3-239455580,S1_S3,0,0,0,0,0,1,1,1,2,multiple
S1-805224314,S3-796212212,S1_S3,0,0,0,0,0,1,1,1,2,multiple
S1-807146265,S2-897367832,S1_S2,1,1,0,1,1,1,1,1,6,multiple
S1-807146265,S2-985243842,S1_S2,0,1,0,1,1,1,1,1,5,multiple
S1-807146265,S3-409679071,S1_S3,1,1,0,1,1,0,0,1,4,multiple
S1-807346903,S2-937696210,S1_S2,1,1,0,1,1,1,1,1,6,multiple
S1-807346903,S3-490978530,S1_S3,0,1,0,1,1,1,1,1,5,multiple
S1-809486955,S2-616176319,S1_S2,0,1,0,1,1,1,1,1,5,multiple
S1-809486955,S2-789263325,S1_S2,0,1,0,1,1,1,1,1,5,multiple
S1-809486955,S3-665047727,S1_S3,0,1,0,1,1,1,1,1,5,multiple
S1-810512159,S2-161833863,S1_S2,0,0,0,1,1,1,1,1,4,multiple
S1-810512159,S2-872411038,S1_S2,0,0,0,0,0,1,1,1,2,multiple
S1-810512159,S3-946804049,S1_S3,0,0,0,0,0,1,1,1,2,multiple
S1-811101999,S2-177388904,S1_S2,0,1,0,1,1,1,1,1,5,multiple
S1-811101999,S2-712851263,S1_S2,0,1,0,1,1,1,1,1,5,multiple
S1-811775654,S2-943751296,S1_S2,0,1,0,1,1,1,1,1,5,multiple
S1-811775654,S3-198618757,S1_S3,1,1,0,1,1,1,1,1,6,multiple
S1-811775654,S3-232095113,S1_S3,1,1,0,1,1,1,1,1,6,multiple
S1-811775654,S3-538771328,S1_S3,0,1,0,1,1,1,1,1,5,multiple
S1-811775654,S3-945214150,S1_S3,1,1,0,1,1,0,0,1,4,multiple
S1-812413834,S2-596048752,S1_S2,1,1,0,1,1,1,1,1,6,multiple
S1-812413834,S2-692626167,S1_S2,1,1,0,1,1,1,1,1,6,multiple
S1-812413834,S3-427948460,S1_S3,0,1,0,1,1,1,1,1,5,multiple
S1-812413834,S3-590390773,S1_S3,0,1,0,1,1,1,1,1,5,multiple
S1-812413834,S3-718307929,S1_S3,0,1,0,1,1,1,1,1,5,multiple
S1-813176335,S2-545604627,S1_S2,0,0,0,1,1,1,1,1,4,multiple
S1-813176335,S3-503685669,S1_S3,0,0,0,1,1,1,1,1,4,multiple
S1-81583847,S2-419307414,S1_S2,0,1,0,1,1,1,1,1,5,multiple
S1-81583847,S3-468636652,S1_S3,0,1,0,1,1,1,1,1,5,multiple
S1-81583847,S3-61199551,S1_S3,0,1,0,1,1,1,1,1,5,multiple
S1-816138330,S2-111801045,S1_S2,0,0,0,0,0,1,1,1,2,multiple
S1-816138330,S2-338065402,S1_S2,1,0,0,1,1,1,1,1,5,multiple
S1-816138330,S2-370068936,S1_S2,0,0,0,0,0,1,1,1,2,multiple
S1-816138330,S3-640613891,S1_S3,0,0,0,0,0,1,1,1,2,multiple
S1-816502984,S2-151655112,S1_S2,0,0,0,1,1,0,0,1,2,multiple
S1-816502984,S2-371793847,S1_S2,0,0,0,1,1,1,1,1,4,multiple
S1-816502984,S2-466531922,S1_S2,1,0,0,1,1,1,1,1,5,multiple
S1-816502984,S2-640418663,S1_S2,1,0,0,1,1,1,1,1,5,multiple
S1-816502984,S3-271871223,S1_S3,1,0,0,1,1,1,1,1,5,multiple
S1-816502984,S3-434415008,S1_S3,0,0,0,1,1,1,1,1,4,multiple
S1-816502984,S3-600606237,S1_S3,0,0,0,1,1,1,1,1,4,multiple
S1-816502984,S3-697700849,S1_S3,0,0,0,0,0,1,1,1,2,multiple
S1-816502984,S3-725724176,S1_S3,0,0,0,1,1,1,1,1,4,multiple
S1-816502984,S3-816800998,S1_S3,0,0,0,1,1,1,1,1,4,multiple
S1-817383376,S2-410380180,S1_S2,0,0,0,0,1,1,1,1,3,multiple
S1-817383376,S2-60525773,S1_S2,0,0,0,1,1,1,1,1,4,multiple
S1-817383376,S3-591741153,S1_S3,0,0,0,1,1,1,1,1,4,multiple
S1-817383376,S3-661073883,S1_S3,0,0,0,1,1,1,1,1,4,multiple
S1-817383376,S3-699876844,S1_S3,0,0,0,1,1,1,1,1,4,multiple
S1-817383376,S3-944174678,S1_S3,0,0,0,1,1,1,1,1,4,multiple
S1-817784929,S2-575195041,S1_S2,0,0,0,1,1,1,1,1,4,multiple
S1-817784929,S3-318904776,S1_S3,1,0,0,1,1,1,1,1,5,multiple
S1-817784929,S3-32611196,S1_S3,1,0,0,1,1,1,1,1,5,multiple
S1-817784929,S3-484623996,S1_S3,0,0,0,1,1,1,1,1,4,multiple
S1-817995330,S2-15179695,S1_S2,0,0,0,1,1,1,1,1,4,multiple
S1-817995330,S3-35902502,S1_S3,0,0,0,1,1,0,0,1,2,multiple
S1-820165757,S2-196828484,S1_S2,0,0,0,0,0,1,1,1,2,multiple
S1-820165757,S3-254910686,S1_S3,0,0,0,1,1,1,1,1,4,multiple
S1-820635360,S2-238575504,S1_S2,0,1,0,1,1,1,1,1,5,multiple
S1-820635360,S2-278482250,S1_S2,0,1,0,1,1,1,1,1,5,multiple
S1-820635360,S2-53441175,S1_S2,0,1,0,1,1,0,0,1,3,multiple
S1-820635360,S3-791093346,S1_S3,0,1,0,1,1,1,1,1,5,multiple
S1-820635360,S3-794751557,S1_S3,1,1,0,1,1,1,1,1,6,multiple
S1-820676383,S2-538469282,S1_S2,1,0,0,1,1,1,1,1,5,multiple
S1-820676383,S3-722840721,S1_S3,0,0,0,1,1,1,1,1,4,multiple
S1-820676383,S3-73336174,S1_S3,0,0,0,0,0,1,1,1,2,multiple
S1-820889206,S2-126124574,S1_S2,1,1,0,1,1,1,1,1,6,multiple
S1-820889206,S2-634889339,S1_S2,0,0,0,1,1,1,1,1,4,multiple
S1-820889206,S3-844819119,S1_S3,0,1,0,1,1,0,1,1,4,multiple
S1-821382238,S2-93002973,S1_S2,1,0,0,1,1,1,1,1,5,multiple
S1-821382238,S3-226910208,S1_S3,0,0,0,1,1,1,1,1,4,multiple
S1-821382238,S3-266597320,S1_S3,1,0,0,1,1,0,1,1,4,multiple
S1-821382238,S3-57090162,S1_S3,0,0,0,1,1,0,1,1,3,multiple
S1-821784042,S2-763342090,S1_S2,0,1,0,1,1,1,1,1,5,multiple
S1-821784042,S2-956207362,S1_S2,0,1,0,1,1,1,1,1,5,multiple
S1-821784042,S3-563652631,S1_S3,0,1,0,1,1,1,1,1,5,multiple
S1-821784042,S3-770875615,S1_S3,0,1,0,1,1,1,1,1,5,multiple
S1-821836717,S2-287990376,S1_S2,0,1,0,1,1,1,1,1,5,multiple
S1-821836717,S2-593116875,S1_S2,0,1,0,1,1,1,1,1,5,multiple
S1-822217333,S2-380962935,S1_S2,0,1,0,1,1,0,0,1,3,multiple
S1-822217333,S2-488816924,S1_S2,0,1,0,1,1,1,1,1,5,multiple
S1-822217333,S2-616637429,S1_S2,0,1,0,1,1,1,1,1,5,multiple
S1-822217333,S3-346798171,S1_S3,0,1,0,1,1,1,1,1,5,multiple
S1-822395482,S2-663957694,S1_S2,1,1,0,1,1,1,1,1,6,multiple
S1-822395482,S3-112590414,S1_S3,0,1,0,1,1,0,0,1,3,multiple
S1-822395482,S3-210942559,S1_S3,0,1,0,1,1,0,0,1,3,multiple
S1-822395482,S3-227579300,S1_S3,0,0,0,1,1,1,1,1,4,multiple
S1-822550064,S2-318320740,S1_S2,0,0,0,1,1,1,1,1,4,multiple
S1-822550064,S2-606375305,S1_S2,0,1,0,1,1,1,1,1,5,multiple
S1-822550064,S2-759142551,S1_S2,0,1,0,1,1,1,1,1,5,multiple
S1-822550064,S3-737084907,S1_S3,0,0,0,0,0,1,1,1,2,multiple
S1-823424347,S2-437138837,S1_S2,1,1,0,1,1,1,1,1,6,multiple
S1-823424347,S3-181299549,S1_S3,0,0,0,0,0,1,1,1,2,multiple
S1-823424347,S3-691776623,S1_S3,1,1,0,1,1,1,1,1,6,multiple
S1-823424347,S3-778160531,S1_S3,0,0,0,0,0,1,1,1,2,multiple
S1-82350924,S2-715156205,S1_S2,0,0,0,1,1,1,1,1,4,multiple
S1-82350924,S3-16481090,S1_S3,1,1,0,1,1,1,1,1,6,multiple
S1-82350924,S3-347161871,S1_S3,0,0,0,1,1,1,1,1,4,multiple
S1-82350924,S3-385888946,S1_S3,0,1,0,1,1,1,1,1,5,multiple
S1-82350924,S3-457071813,S1_S3,1,1,0,1,1,1,1,1,6,multiple
S1-82350924,S3-520163533,S1_S3,0,1,0,1,1,1,1,1,5,multiple
S1-824360783,S2-3261627,S1_S2,0,0,0,1,1,1,1,1,4,multiple
S1-824360783,S2-681667901,S1_S2,0,0,0,1,1,1,1,1,4,multiple
S1-824360783,S3-486979750,S1_S3,0,0,0,1,1,1,1,1,4,multiple
S1-824360783,S3-508409759,S1_S3,0,0,0,1,1,1,1,1,4,multiple
S1-824502786,S2-129725002,S1_S2,0,0,0,1,1,1,1,1,4,multiple
S1-824502786,S3-25978231,S1_S3,0,0,0,1,1,1,1,1,4,multiple
S1-824502786,S3-400656066,S1_S3,0,0,0,1,1,1,1,1,4,multiple
S1-824502786,S3-808771070,S1_S3,0,0,0,1,1,1,1,1,4,multiple
S1-824502786,S3-827358487,S1_S3,0,0,0,1,1,1,1,1,4,multiple
S1-8247321,S2-34279944,S1_S2,0,0,0,1,1,1,1,1,4,multiple
S1-8247321,S2-921480851,S1_S2,0,0,0,1,1,1,1,1,4,multiple
S1-8247321,S3-917771641,S1_S3,1,0,0,1,1,1,1,1,5,multiple
S1-824759960,S2-149337944,S1_S2,0,1,0,1,1,1,1,1,5,multiple
S1-824759960,S2-755753740,S1_S2,0,1,0,1,1,1,1,1,5,multiple
S1-824759960,S2-898696495,S1_S2,0,1,0,1,1,1,1,1,5,multiple
S1-824759960,S3-348105056,S1_S3,0,0,0,0,0,1,1,1,2,multiple
S1-824759960,S3-97722634,S1_S3,0,1,0,1,1,1,1,1,5,multiple
S1-824839630,S2-229223618,S1_S2,1,1,0,1,1,0,0,1,4,multiple
S1-824839630,S2-326960794,S1_S2,1,1,0,1,1,1,1,1,6,multiple
S1-824839630,S3-963108483,S1_S3,0,1,0,1,1,1,1,1,5,multiple
S1-825933364,S2-320181208,S1_S2,1,0,0,1,1,1,1,1,5,multiple
S1-825933364,S2-349855816,S1_S2,1,0,0,1,1,1,1,1,5,multiple
S1-825933364,S3-275086448,S1_S3,0,0,0,1,1,1,1,1,4,multiple
S1-825933364,S3-338962251,S1_S3,0,0,0,1,1,1,1,1,4,multiple
S1-825933364,S3-772819416,S1_S3,0,0,0,1,1,1,1,1,4,multiple
S1-826500777,S2-599590443,S1_S2,0,1,0,1,1,1,1,1,5,multiple
S1-826500777,S3-256762254,S1_S3,0,1,0,1,1,1,1,1,5,multiple
S1-826500777,S3-885414474,S1_S3,0,1,0,1,1,1,1,1,5,multiple
S1-827337876,S2-165947158,S1_S2,0,0,1,1,1,1,1,1,5,multiple
S1-827337876,S3-227698839,S1_S3,0,0,0,0,0,1,1,1,2,multiple
S1-827337876,S3-281020906,S1_S3,1,0,1,1,1,1,1,1,6,multiple
S1-827576535,S3-199155958,S1_S3,0,0,0,0,0,1,1,1,2,multiple
S1-828438242,S2-142956981,S1_S2,0,0,0,0,0,1,1,1,2,multiple
S1-828438242,S2-48957736,S1_S2,0,0,0,0,0,1,1,1,2,multiple
S1-828438242,S3-872491402,S1_S3,1,0,0,1,1,1,1,1,5,multiple
S1-829355709,S2-362052474,S1_S2,1,1,0,1,1,1,1,1,6,multiple
S1-829355709,S3-163069850,S1_S3,0,1,0,1,1,1,1,1,5,multiple
S1-829355709,S3-345982634,S1_S3,0,1,0,1,1,1,1,1,5,multiple
S1-829355709,S3-420838307,S1_S3,0,1,0,1,1,1,1,1,5,multiple
S1-829355709,S3-435158223,S1_S3,0,1,0,1,1,1,1,1,5,multiple
S1-829355709,S3-53951725,S1_S3,0,1,0,1,1,1,1,1,5,multiple
S1-829429059,S2-948217533,S1_S2,0,0,0,0,0,1,1,1,2,multiple
S1-829429059,S2-989160711,S1_S2,0,0,0,1,1,1,1,1,4,multiple
S1-829429059,S3-282026362,S1_S3,0,0,0,0,0,1,1,1,2,multiple
S1-829429059,S3-853721683,S1_S3,0,0,0,1,1,1,1,1,4,multiple
S1-829526291,S2-568310170,S1_S2,0,1,0,1,1,0,0,1,3,multiple
S1-829526291,S3-98128581,S1_S3,1,1,1,1,1,1,1,1,7,multiple
S1-830730802,S2-983790347,S1_S2,0,1,0,1,1,1,1,1,5,multiple
S1-830730802,S3-269929057,S1_S3,0,1,0,1,1,1,1,1,5,multiple
S1-830730802,S3-626707570,S1_S3,0,1,0,1,1,1,1,1,5,multiple
S1-830813617,S2-195055687,S1_S2,0,1,0,1,1,1,1,1,5,multiple
S1-830813617,S2-290502264,S1_S2,0,0,0,1,1,0,1,1,3,multiple
S1-830813617,S3-681938472,S1_S3,0,1,0,1,1,0,1,1,4,multiple
S1-831587943,S2-155943602,S1_S2,0,1,0,1,1,1,1,1,5,multiple
S1-831587943,S2-518148492,S1_S2,0,1,0,1,1,1,1,1,5,multiple
S1-831587943,S2-743346982,S1_S2,0,1,0,1,1,1,1,1,5,multiple
S1-831587943,S3-458178404,S1_S3,0,1,0,1,1,1,1,1,5,multiple
S1-832762583,S2-133013676,S1_S2,0,0,0,1,1,1,1,1,4,multiple
S1-832762583,S2-469943928,S1_S2,0,0,0,1,1,1,1,1,4,multiple
S1-832762583,S2-766803623,S1_S2,0,0,0,1,1,1,1,1,4,multiple
S1-832762583,S3-433340901,S1_S3,0,0,0,1,1,0,0,1,2,multiple
S1-832877768,S2-165351429,S1_S2,1,1,0,1,1,1,1,1,6,multiple
S1-832877768,S3-536330307,S1_S3,0,1,0,1,1,1,1,1,5,multiple
S1-833111542,S2-214724823,S1_S2,0,1,0,1,1,1,1,1,5,multiple
S1-833111542,S3-206376246,S1_S3,0,1,0,1,1,1,1,1,5,multiple
S1-834261028,S2-459563923,S1_S2,0,0,0,1,1,0,0,1,2,multiple
S1-834261028,S3-367026842,S1_S3,0,0,0,1,1,0,0,1,2,multiple
S1-834261028,S3-797680811,S1_S3,0,0,0,1,1,1,1,1,4,multiple
S1-834261028,S3-853853501,S1_S3,0,0,0,0,1,1,1,1,3,multiple
S1-837333674,S2-353901921,S1_S2,1,1,0,1,1,1,1,1,6,multiple
S1-837333674,S2-911146423,S1_S2,1,1,0,1,1,1,1,1,6,multiple
S1-837333674,S2-928878473,S1_S2,0,0,0,1,1,1,1,1,4,multiple
S1-837333674,S2-941761958,S1_S2,0,1,0,1,1,1,1,1,5,multiple
S1-837333674,S3-353388751,S1_S3,0,1,0,1,1,1,1,1,5,multiple
S1-839245292,S2-221980999,S1_S2,0,1,0,1,1,1,1,1,5,multiple
S1-839245292,S2-884646563,S1_S2,0,1,0,1,1,1,1,1,5,multiple
S1-839245292,S3-260677873,S1_S3,0,1,0,1,1,1,1,1,5,multiple
S1-839245292,S3-634243405,S1_S3,0,1,0,1,1,1,1,1,5,multiple
S1-839599219,S2-762607217,S1_S2,1,1,0,1,1,1,1,1,6,multiple
S1-839599219,S3-302072418,S1_S3,0,1,0,1,1,1,1,1,5,multiple
S1-839599219,S3-833427948,S1_S3,0,1,0,1,1,1,1,1,5,multiple
S1-840745007,S2-130607380,S1_S2,1,1,0,1,1,1,1,1,6,multiple
S1-840745007,S2-812006200,S1_S2,0,1,0,1,1,1,1,1,5,multiple
S1-840915486,S2-385324112,S1_S2,0,0,0,0,0,1,1,1,2,multiple
S1-840915486,S2-500409448,S1_S2,0,0,0,1,1,1,1,1,4,multiple
S1-840915486,S2-625331804,S1_S2,0,0,0,0,0,1,1,1,2,multiple
S1-840915486,S3-584925853,S1_S3,0,0,0,1,1,1,1,1,4,multiple
S1-840915486,S3-609415055,S1_S3,0,0,0,0,0,0,1,1,1,address_tfidf_top50
S1-840915486,S3-692034292,S1_S3,1,0,0,1,1,0,1,1,4,multiple
S1-841345131,S2-273076701,S1_S2,0,0,0,1,1,1,1,1,4,multiple
S1-841345131,S2-339664250,S1_S2,0,0,0,0,1,1,1,1,3,multiple
S1-841345131,S3-479902329,S1_S3,1,0,0,1,1,1,1,1,5,multiple
S1-841391465,S2-503811223,S1_S2,1,1,0,1,1,1,1,1,6,multiple
S1-841391465,S3-536485941,S1_S3,0,0,0,1,1,1,1,1,4,multiple
S1-841391465,S3-839931385,S1_S3,0,1,0,1,1,1,1,1,5,multiple
S1-84199961,S3-233410388,S1_S3,0,0,0,1,1,1,1,1,4,multiple
S1-84199961,S3-419749655,S1_S3,0,0,0,1,1,1,1,1,4,multiple
S1-84199961,S3-679438580,S1_S3,0,0,0,1,1,1,1,1,4,multiple
S1-84199961,S3-984304545,S1_S3,1,0,0,1,1,1,1,1,5,multiple
S1-842160292,S2-174072021,S1_S2,0,1,0,1,1,1,1,1,5,multiple
S1-842160292,S2-25104167,S1_S2,0,0,0,1,1,1,1,1,4,multiple
S1-842160292,S2-594705661,S1_S2,1,1,0,1,1,0,0,1,4,multiple
S1-842284965,S2-531064646,S1_S2,0,1,0,1,1,1,1,1,5,multiple
S1-842284965,S3-528531533,S1_S3,1,1,0,1,1,1,1,1,6,multiple
S1-842284965,S3-922916840,S1_S3,1,1,0,1,1,0,0,1,4,multiple
S1-844018631,S2-125165407,S1_S2,0,0,0,1,1,1,1,1,4,multiple
S1-844018631,S3-689447408,S1_S3,1,0,0,1,1,1,1,1,5,multiple
S1-844018631,S3-813297477,S1_S3,0,0,0,1,1,1,1,1,4,multiple
S1-844018631,S3-919023950,S1_S3,0,0,0,1,1,1,1,1,4,multiple
S1-844347271,S2-289138224,S1_S2,0,1,0,1,1,1,1,1,5,multiple
S1-844347271,S3-788618349,S1_S3,0,1,0,1,1,1,1,1,5,multiple
S1-845028288,S2-2317745,S1_S2,0,1,0,1,1,1,1,1,5,multiple
S1-845028288,S2-607220647,S1_S2,1,1,0,1,1,1,1,1,6,multiple
S1-845028288,S2-763485884,S1_S2,0,0,0,1,1,1,1,1,4,multiple
S1-845028288,S2-79294244,S1_S2,0,0,0,1,1,1,1,1,4,multiple
S1-845028288,S2-823438329,S1_S2,0,1,0,1,1,1,1,1,5,multiple
S1-845028288,S3-241912763,S1_S3,0,1,1,1,1,1,1,1,6,multiple
S1-845028288,S3-605526681,S1_S3,0,1,1,1,1,1,1,1,6,multiple
S1-845823397,S2-550202401,S1_S2,0,0,0,0,1,1,1,1,3,multiple
S1-845823397,S2-749364004,S1_S2,0,1,1,1,1,1,1,1,6,multiple
S1-845823397,S2-952909076,S1_S2,0,1,1,1,1,1,1,1,6,multiple
S1-845823397,S3-249022320,S1_S3,0,1,1,1,1,1,1,1,6,multiple
S1-845823397,S3-851602584,S1_S3,0,1,0,1,1,0,0,1,3,multiple
S1-846138537,S3-295848527,S1_S3,0,0,0,1,1,1,1,1,4,multiple
S1-847408558,S2-481156838,S1_S2,0,1,0,1,1,1,1,1,5,multiple
S1-847408558,S2-554131316,S1_S2,0,1,0,1,1,1,1,1,5,multiple
S1-847408558,S2-7377192,S1_S2,0,1,0,1,1,1,1,1,5,multiple
S1-847408558,S3-125797572,S1_S3,0,1,0,1,1,1,1,1,5,multiple
S1-847408558,S3-32931193,S1_S3,0,0,0,1,1,1,1,1,4,multiple
S1-847408558,S3-600276780,S1_S3,0,1,0,1,1,1,1,1,5,multiple
S1-847408558,S3-740297251,S1_S3,1,1,0,1,1,1,1,1,6,multiple
S1-847654314,S2-335536275,S1_S2,0,1,0,1,1,1,1,1,5,multiple
S1-847654314,S3-859998797,S1_S3,0,1,0,1,1,1,1,1,5,multiple
S1-848600474,S2-208926331,S1_S2,0,0,0,1,1,1,1,1,4,multiple
S1-848600474,S3-311124600,S1_S3,0,0,0,0,1,1,1,1,3,multiple
S1-850268258,S2-303204079,S1_S2,0,1,0,1,1,1,1,1,5,multiple
S1-850268258,S3-365958667,S1_S3,1,1,0,1,1,0,1,1,5,multiple
S1-850268258,S3-858771818,S1_S3,0,1,0,1,1,0,1,1,4,multiple
S1-85030782,S2-115613138,S1_S2,0,0,0,1,1,1,1,1,4,multiple
S1-85030782,S3-871820685,S1_S3,0,1,0,1,1,1,1,1,5,multiple
S1-850781707,S2-530707693,S1_S2,0,1,0,1,1,1,1,1,5,multiple
S1-850781707,S3-877548790,S1_S3,0,0,0,1,1,1,1,1,4,multiple
S1-850781707,S3-945150121,S1_S3,0,0,0,1,1,1,1,1,4,multiple
S1-85100407,S2-504056419,S1_S2,0,1,0,1,1,1,1,1,5,multiple
S1-85100407,S2-505319224,S1_S2,1,1,0,1,1,1,1,1,6,multiple
S1-85100407,S2-798401883,S1_S2,1,1,0,1,1,1,1,1,6,multiple
S1-85100407,S2-87440994,S1_S2,0,1,0,1,1,1,1,1,5,multiple
S1-85182495,S2-81900460,S1_S2,0,0,0,1,1,1,1,1,4,multiple
S1-85182495,S3-356319767,S1_S3,1,0,0,1,1,1,1,1,5,multiple
S1-85182495,S3-898648817,S1_S3,0,0,0,1,1,1,1,1,4,multiple
S1-852836042,S2-265820855,S1_S2,0,1,0,1,1,1,1,1,5,multiple
S1-852836042,S2-319326057,S1_S2,0,1,0,1,1,1,1,1,5,multiple
S1-852836042,S2-412906025,S1_S2,0,1,0,0,0,1,1,1,3,multiple
S1-852836042,S2-890900631,S1_S2,0,0,0,1,1,1,1,1,4,multiple
S1-852836042,S3-603709418,S1_S3,0,1,0,1,1,1,1,1,5,multiple
S1-853763894,S2-36113747,S1_S2,1,0,0,1,1,1,1,1,5,multiple
S1-853763894,S2-855552594,S1_S2,1,0,0,1,1,1,1,1,5,multiple
S1-853763894,S3-194482979,S1_S3,1,0,0,1,1,1,1,1,5,multiple
S1-853763894,S3-302609335,S1_S3,0,0,0,1,1,1,1,1,4,multiple
S1-853763894,S3-347940928,S1_S3,0,0,0,1,1,1,1,1,4,multiple
S1-853763894,S3-847386230,S1_S3,0,0,0,1,1,1,1,1,4,multiple
S1-854418344,S2-306205596,S1_S2,0,0,0,1,1,1,1,1,4,multiple
S1-854418344,S3-152242034,S1_S3,1,1,0,1,1,1,1,1,6,multiple
S1-854418344,S3-274885748,S1_S3,0,1,0,1,1,1,1,1,5,multiple
S1-854418344,S3-375180602,S1_S3,0,1,0,1,1,1,1,1,5,multiple
S1-854418344,S3-747126694,S1_S3,0,0,0,1,1,1,1,1,4,multiple
S1-854818462,S2-980965511,S1_S2,1,1,0,1,1,1,1,1,6,multiple
S1-854818462,S3-825780116,S1_S3,1,1,0,1,1,1,1,1,6,multiple
S1-855210413,S2-350260054,S1_S2,0,1,0,1,1,1,1,1,5,multiple
S1-855210413,S2-807100980,S1_S2,0,1,0,0,1,1,1,1,4,multiple
S1-855210413,S3-667925445,S1_S3,1,1,0,1,1,1,1,1,6,multiple
S1-855210413,S3-969580934,S1_S3,0,1,0,1,1,1,1,1,5,multiple
S1-856385520,S2-476454397,S1_S2,0,1,0,1,1,0,0,1,3,multiple
S1-856385520,S2-554336719,S1_S2,1,1,0,1,1,1,1,1,6,multiple
S1-856385520,S3-65662384,S1_S3,0,1,0,1,1,1,1,1,5,multiple
S1-856385520,S3-879468395,S1_S3,0,1,0,1,1,1,1,1,5,multiple
S1-856646872,S2-384213176,S1_S2,0,0,0,1,1,1,1,1,4,multiple
S1-856646872,S2-609930393,S1_S2,0,0,0,0,1,1,1,1,3,multiple
S1-856646872,S2-957042223,S1_S2,1,1,0,1,1,0,0,1,4,multiple
S1-856646872,S3-186557120,S1_S3,0,0,0,0,1,1,1,1,3,multiple
S1-856646872,S3-867065097,S1_S3,0,1,0,1,1,1,1,1,5,multiple
S1-858896432,S3-1842136,S1_S3,0,0,0,1,1,1,1,1,4,multiple
S1-858896432,S3-299208268,S1_S3,0,0,0,1,1,1,1,1,4,multiple
S1-858896432,S3-63315307,S1_S3,0,0,0,1,1,1,1,1,4,multiple
S1-858896432,S3-634934621,S1_S3,0,1,0,1,1,1,1,1,5,multiple
S1-859971724,S2-778861695,S1_S2,0,1,0,1,1,1,1,1,5,multiple
S1-860778317,S2-504073217,S1_S2,1,0,0,1,1,1,1,1,5,multiple
S1-860778317,S3-620873081,S1_S3,0,0,0,0,0,1,1,1,2,multiple
S1-860895619,S2-496901793,S1_S2,0,1,0,1,1,1,1,1,5,multiple
S1-860895619,S3-851815625,S1_S3,0,1,0,1,1,1,1,1,5,multiple
S1-861435996,S2-887791521,S1_S2,0,0,0,0,0,1,1,1,2,multiple
S1-861435996,S3-280213720,S1_S3,0,0,0,0,0,0,1,1,1,address_tfidf_top50
S1-861435996,S3-553236825,S1_S3,0,0,0,1,1,1,1,1,4,multiple
S1-861435996,S3-669529875,S1_S3,0,0,0,0,0,1,1,1,2,multiple
S1-861435996,S3-966088993,S1_S3,0,0,0,1,1,0,0,1,2,multiple
S1-861848683,S2-109566694,S1_S2,0,1,0,1,1,1,1,1,5,multiple
S1-861848683,S2-66506114,S1_S2,1,1,0,1,1,1,1,1,6,multiple
S1-861848683,S3-383653747,S1_S3,0,1,0,1,1,1,1,1,5,multiple
S1-861848683,S3-783361888,S1_S3,1,1,0,1,1,1,1,1,6,multiple
S1-861853706,S2-144640590,S1_S2,0,1,0,1,1,1,1,1,5,multiple
S1-861853706,S2-444078454,S1_S2,0,0,0,1,1,1,1,1,4,multiple
S1-861853706,S3-797110117,S1_S3,0,1,0,1,1,1,1,1,5,multiple
S1-863606791,S3-214971506,S1_S3,0,0,0,1,1,1,1,1,4,multiple
S1-863606791,S3-293236607,S1_S3,1,1,0,1,1,0,0,1,4,multiple
S1-863606791,S3-389641679,S1_S3,1,1,0,1,1,1,1,1,6,multiple
S1-863606791,S3-625679356,S1_S3,1,1,0,1,1,1,1,1,6,multiple
S1-863615980,S2-115363806,S1_S2,1,1,1,1,1,1,1,1,7,multiple
S1-863615980,S2-620388705,S1_S2,0,1,1,1,1,1,1,1,6,multiple
S1-863615980,S2-631663117,S1_S2,0,1,1,1,1,1,1,1,6,multiple
S1-863615980,S3-491422362,S1_S3,0,1,1,1,1,1,1,1,6,multiple
S1-863980402,S2-219141762,S1_S2,0,0,0,0,0,1,1,1,2,multiple
S1-863980402,S3-911305860,S1_S3,0,0,0,0,0,1,1,1,2,multiple
S1-864024201,S2-371226159,S1_S2,1,1,0,1,1,1,1,1,6,multiple
S1-864024201,S3-779656426,S1_S3,1,1,0,1,1,1,1,1,6,multiple
S1-864024201,S3-87702689,S1_S3,1,1,0,1,1,1,1,1,6,multiple
S1-864125262,S3-286147684,S1_S3,0,1,0,1,1,1,1,1,5,multiple
S1-864183662,S2-144312952,S1_S2,1,1,0,1,1,1,1,1,6,multiple
S1-864183662,S2-750522557,S1_S2,0,1,0,1,1,1,1,1,5,multiple
S1-864183662,S2-944376965,S1_S2,0,0,0,1,1,1,1,1,4,multiple
S1-864183662,S3-71058597,S1_S3,0,1,0,1,1,1,1,1,5,multiple
S1-864183662,S3-72524928,S1_S3,0,1,0,1,1,1,1,1,5,multiple
S1-864183662,S3-812562204,S1_S3,0,0,0,0,0,1,1,1,2,multiple
S1-864238930,S2-242074992,S1_S2,0,0,0,0,0,1,1,1,2,multiple
S1-864238930,S2-55854942,S1_S2,0,0,0,1,1,1,1,1,4,multiple
S1-864238930,S2-923523349,S1_S2,0,0,0,0,0,1,1,1,2,multiple
S1-864238930,S3-443543203,S1_S3,0,0,0,0,0,1,1,1,2,multiple
S1-864238930,S3-889578613,S1_S3,0,0,0,1,1,1,1,1,4,multiple
S1-86536937,S2-41098036,S1_S2,0,0,0,1,1,1,1,1,4,multiple
S1-86536937,S3-464881457,S1_S3,0,0,0,1,1,1,1,1,4,multiple
S1-86536937,S3-53064896,S1_S3,0,0,0,0,1,1,1,1,3,multiple
S1-865942868,S2-234140522,S1_S2,0,0,0,1,1,1,1,1,4,multiple
S1-865942868,S2-404220069,S1_S2,0,0,0,1,1,1,1,1,4,multiple
S1-865942868,S2-873001999,S1_S2,0,0,0,0,0,1,1,1,2,multiple
S1-865942868,S3-449286517,S1_S3,0,0,0,1,1,1,1,1,4,multiple
S1-865942868,S3-518949508,S1_S3,0,0,0,0,0,0,0,0,0,none
S1-865942868,S3-519284032,S1_S3,0,0,0,0,1,1,1,1,3,multiple
S1-866577475,S2-172526420,S1_S2,1,0,0,1,1,1,1,1,5,multiple
S1-866577475,S2-74838531,S1_S2,0,0,0,1,1,1,1,1,4,multiple
S1-866577475,S3-38705,S1_S3,1,0,0,1,1,1,1,1,5,multiple
S1-866648785,S2-217822217,S1_S2,0,0,0,0,0,1,1,1,2,multiple
S1-866648785,S2-918635182,S1_S2,1,0,0,1,1,1,1,1,5,multiple
S1-866648785,S3-302234798,S1_S3,1,0,0,1,1,1,1,1,5,multiple
S1-866648785,S3-401477596,S1_S3,1,0,0,1,1,1,1,1,5,multiple
S1-866648785,S3-791399524,S1_S3,0,0,1,0,0,1,1,1,3,multiple
S1-867567064,S2-633506800,S1_S2,0,1,0,1,1,1,1,1,5,multiple
S1-867567064,S3-606776510,S1_S3,0,1,0,1,1,1,1,1,5,multiple
S1-867567064,S3-805036901,S1_S3,0,1,0,1,1,1,1,1,5,multiple
S1-868802096,S2-260275474,S1_S2,0,1,0,1,1,1,1,1,5,multiple
S1-868802096,S2-326069614,S1_S2,0,1,0,1,1,1,1,1,5,multiple
S1-868802096,S3-660934736,S1_S3,0,1,0,1,1,1,1,1,5,multiple
S1-868802096,S3-756786881,S1_S3,0,1,0,1,1,0,0,1,3,multiple
S1-86883431,S2-910368036,S1_S2,0,1,0,1,1,0,0,1,3,multiple
S1-86883431,S3-328675141,S1_S3,0,1,0,1,1,1,1,1,5,multiple
S1-86883431,S3-506501600,S1_S3,0,1,0,1,1,1,1,1,5,multiple
S1-868894760,S2-93574104,S1_S2,0,1,0,1,1,1,1,1,5,multiple
S1-868894760,S3-502839821,S1_S3,0,1,0,1,1,1,1,1,5,multiple
S1-869016016,S2-815069225,S1_S2,0,0,0,0,0,1,1,1,2,multiple
S1-869016016,S3-82419024,S1_S3,0,0,0,0,0,1,1,1,2,multiple
S1-869211897,S2-567899245,S1_S2,0,0,0,1,1,1,1,1,4,multiple
S1-869211897,S2-901629507,S1_S2,0,0,0,1,1,1,1,1,4,multiple
S1-869211897,S2-944224049,S1_S2,0,0,0,1,1,1,1,1,4,multiple
S1-869211897,S2-97644859,S1_S2,0,0,0,1,1,1,1,1,4,multiple
S1-869211897,S3-524818983,S1_S3,1,0,0,1,1,1,1,1,5,multiple
S1-869211897,S3-944926041,S1_S3,0,0,0,1,1,1,1,1,4,multiple
S1-869627243,S2-357452960,S1_S2,0,1,0,1,1,1,1,1,5,multiple
S1-869627243,S2-832453482,S1_S2,1,1,1,1,1,1,1,1,7,multiple
S1-869627243,S3-654323759,S1_S3,0,1,1,1,1,1,1,1,6,multiple
S1-869627243,S3-719130625,S1_S3,1,1,1,1,1,1,1,1,7,multiple
S1-869627243,S3-760391110,S1_S3,0,1,1,1,1,1,1,1,6,multiple
S1-869931037,S2-341864332,S1_S2,0,0,0,0,0,1,1,1,2,multiple
S1-869931037,S2-738783674,S1_S2,0,0,0,0,0,1,1,1,2,multiple
S1-869931037,S2-972000008,S1_S2,0,0,0,1,1,1,1,1,4,multiple
S1-869931037,S3-861981055,S1_S3,1,0,0,1,1,1,1,1,5,multiple
S1-870162419,S2-312177145,S1_S2,0,1,1,1,1,1,1,1,6,multiple
S1-870162419,S2-729713400,S1_S2,0,1,1,1,1,1,1,1,6,multiple
S1-870162419,S3-221129467,S1_S3,0,1,1,1,1,1,1,1,6,multiple
S1-870162419,S3-370379413,S1_S3,0,1,1,1,1,1,1,1,6,multiple
S1-870162419,S3-835199012,S1_S3,0,1,1,1,1,1,1,1,6,multiple
S1-870162419,S3-938215576,S1_S3,0,1,1,1,1,1,1,1,6,multiple
S1-870334409,S2-174831839,S1_S2,0,1,0,1,1,1,1,1,5,multiple
S1-870334409,S2-306932669,S1_S2,0,1,0,1,1,1,1,1,5,multiple
S1-870334409,S2-763537866,S1_S2,0,0,0,1,1,1,1,1,4,multiple
S1-870334409,S3-99513876,S1_S3,0,1,0,1,1,1,1,1,5,multiple
S1-871209168,S2-107798347,S1_S2,0,1,0,1,1,1,1,1,5,multiple
S1-871209168,S2-494494242,S1_S2,1,1,0,1,1,1,1,1,6,multiple
S1-871209168,S2-756504736,S1_S2,1,1,0,1,1,1,1,1,6,multiple
S1-871209168,S3-134981432,S1_S3,0,1,0,1,1,1,1,1,5,multiple
S1-871209168,S3-371095390,S1_S3,1,1,0,1,1,0,0,1,4,multiple
S1-871209168,S3-381301668,S1_S3,0,1,0,1,1,1,1,1,5,multiple
S1-872680648,S2-163789073,S1_S2,0,0,0,1,1,1,1,1,4,multiple
S1-872680648,S2-759132825,S1_S2,0,0,0,1,1,1,1,1,4,multiple
S1-872680648,S3-292742558,S1_S3,1,0,0,1,1,1,1,1,5,multiple
S1-873389649,S3-624121880,S1_S3,1,1,1,1,1,1,1,1,7,multiple
S1-873608559,S2-676529108,S1_S2,0,0,0,0,0,1,1,1,2,multiple
S1-873608559,S3-170068435,S1_S3,0,0,0,0,0,1,1,1,2,multiple
S1-873608559,S3-644632552,S1_S3,0,0,0,1,1,1,1,1,4,multiple
S1-873608559,S3-981715921,S1_S3,0,0,0,1,1,1,1,1,4,multiple
S1-874099257,S2-178900084,S1_S2,0,0,0,0,1,1,1,1,3,multiple
S1-874099257,S3-947050354,S1_S3,0,0,0,1,1,1,1,1,4,multiple
S1-874226717,S2-142474674,S1_S2,0,1,0,1,1,1,1,1,5,multiple
S1-874226717,S2-302958557,S1_S2,0,0,0,0,0,0,1,1,1,address_tfidf_top50
S1-874226717,S2-861369078,S1_S2,1,1,0,1,1,1,1,1,6,multiple
S1-874226717,S3-125729707,S1_S3,1,1,0,1,1,0,1,1,5,multiple
S1-874226717,S3-592247506,S1_S3,0,1,0,1,1,0,0,1,3,multiple
S1-874226717,S3-839467013,S1_S3,0,1,0,1,1,1,1,1,5,multiple
S1-875238747,S2-237866294,S1_S2,0,1,0,1,1,1,1,1,5,multiple
S1-875238747,S2-864228398,S1_S2,0,1,0,1,1,1,1,1,5,multiple
S1-875238747,S3-663228519,S1_S3,0,1,0,1,1,1,1,1,5,multiple
S1-875238747,S3-849306053,S1_S3,0,1,0,1,1,1,1,1,5,multiple
S1-875795608,S2-694101007,S1_S2,0,0,0,0,0,1,1,1,2,multiple
S1-875795608,S3-937090015,S1_S3,0,0,0,0,0,1,1,1,2,multiple
S1-876195400,S2-397461627,S1_S2,0,0,0,1,1,1,1,1,4,multiple
S1-876195400,S2-524492687,S1_S2,0,0,0,1,1,1,1,1,4,multiple
S1-876195400,S2-612197970,S1_S2,0,0,0,1,1,1,1,1,4,multiple
S1-876195400,S3-383968858,S1_S3,0,0,0,1,1,1,1,1,4,multiple
S1-876919654,S2-808493671,S1_S2,0,0,0,0,0,1,1,1,2,multiple
S1-876919654,S3-414328804,S1_S3,0,0,0,1,1,1,1,1,4,multiple
S1-876919654,S3-49939084,S1_S3,0,0,0,0,0,1,1,1,2,multiple
S1-876919654,S3-578414665,S1_S3,0,0,0,0,0,1,1,1,2,multiple
S1-876919654,S3-914643580,S1_S3,0,0,0,1,1,1,1,1,4,multiple
S1-876991418,S3-193837259,S1_S3,1,1,0,1,1,0,0,1,4,multiple
S1-876991418,S3-892401668,S1_S3,0,1,0,1,1,0,0,1,3,multiple
S1-877018427,S2-756680998,S1_S2,1,1,0,1,1,0,0,1,4,multiple
S1-877018427,S3-266851022,S1_S3,1,1,0,1,1,0,0,1,4,multiple
S1-877018427,S3-923172538,S1_S3,0,1,0,1,1,1,1,1,5,multiple
S1-877074880,S2-414037999,S1_S2,0,0,0,0,0,1,1,1,2,multiple
S1-877074880,S2-886734907,S1_S2,0,0,0,0,0,1,1,1,2,multiple
S1-877074880,S3-624028847,S1_S3,0,0,0,0,0,1,1,1,2,multiple
S1-877074880,S3-657489072,S1_S3,0,0,0,1,1,1,1,1,4,multiple
S1-877074880,S3-924288021,S1_S3,0,0,0,1,1,1,1,1,4,multiple
S1-877084128,S2-174735034,S1_S2,0,0,0,1,1,1,1,1,4,multiple
S1-877084128,S2-738423032,S1_S2,0,0,0,1,1,1,1,1,4,multiple
S1-877084128,S3-681086754,S1_S3,0,0,0,1,1,1,1,1,4,multiple
S1-87873859,S2-570343509,S1_S2,0,1,0,1,1,1,1,1,5,multiple
S1-87873859,S2-592024808,S1_S2,0,1,0,1,1,1,1,1,5,multiple
S1-87873859,S2-871424639,S1_S2,0,1,0,1,1,1,1,1,5,multiple
S1-87873859,S2-892169639,S1_S2,0,1,0,1,1,1,1,1,5,multiple
S1-87873859,S3-340213148,S1_S3,0,1,0,1,1,1,1,1,5,multiple
S1-87873859,S3-998241338,S1_S3,0,1,0,1,1,1,1,1,5,multiple
S1-878909130,S2-71892209,S1_S2,0,0,0,0,0,1,1,1,2,multiple
S1-878909130,S3-107419771,S1_S3,0,0,0,0,0,1,1,1,2,multiple
S1-878909130,S3-44466390,S1_S3,0,0,0,1,1,1,1,1,4,multiple
S1-878909130,S3-464491069,S1_S3,0,0,0,0,0,1,1,1,2,multiple
S1-878909130,S3-626866916,S1_S3,0,0,0,1,1,1,1,1,4,multiple
S1-879571382,S2-269971026,S1_S2,1,1,0,1,1,1,1,1,6,multiple
S1-879571382,S2-869988924,S1_S2,0,0,0,1,1,1,1,1,4,multiple
S1-879571382,S3-274950926,S1_S3,0,1,0,1,1,1,1,1,5,multiple
S1-879571382,S3-466659546,S1_S3,0,1,0,1,1,1,1,1,5,multiple
S1-879571382,S3-620500833,S1_S3,0,1,0,1,1,1,1,1,5,multiple
S1-879885393,S2-131799137,S1_S2,0,0,0,0,0,1,1,1,2,multiple
S1-879885393,S2-542845523,S1_S2,0,0,0,0,0,1,1,1,2,multiple
S1-879885393,S2-773518251,S1_S2,0,0,0,0,0,1,1,1,2,multiple
S1-879885393,S2-917687666,S1_S2,0,0,0,0,0,1,1,1,2,multiple
S1-879885393,S3-512633986,S1_S3,1,0,0,1,1,0,0,1,3,multiple
S1-879885393,S3-810147218,S1_S3,0,0,0,1,1,1,1,1,4,multiple
S1-879885393,S3-977460495,S1_S3,0,0,0,1,1,1,1,1,4,multiple
S1-879885393,S3-98533488,S1_S3,0,0,0,1,1,1,1,1,4,multiple
S1-879911938,S2-545800186,S1_S2,1,1,0,1,1,1,1,1,6,multiple
S1-879911938,S2-756735388,S1_S2,1,1,0,1,1,1,1,1,6,multiple
S1-879911938,S3-311264501,S1_S3,1,1,0,1,1,1,1,1,6,multiple
S1-880858409,S2-433289886,S1_S2,0,0,0,0,0,1,1,1,2,multiple
S1-880858409,S2-76165345,S1_S2,0,0,0,0,0,1,1,1,2,multiple
S1-880858409,S3-2643951,S1_S3,0,0,0,0,0,1,1,1,2,multiple
S1-880858409,S3-688804894,S1_S3,0,0,0,1,1,1,1,1,4,multiple
S1-880858409,S3-893860791,S1_S3,0,0,0,0,0,1,1,1,2,multiple
S1-881410118,S2-160304597,S1_S2,0,0,0,0,0,1,1,1,2,multiple
S1-881410118,S2-256998043,S1_S2,0,0,0,1,1,1,1,1,4,multiple
S1-881410118,S2-76656085,S1_S2,0,0,0,1,1,1,1,1,4,multiple
S1-881410118,S3-600873466,S1_S3,0,0,0,1,1,1,1,1,4,multiple
S1-881410118,S3-678481553,S1_S3,0,0,0,1,1,1,1,1,4,multiple
S1-882359978,S2-510463761,S1_S2,0,1,0,1,1,1,1,1,5,multiple
S1-882359978,S3-138898635,S1_S3,1,1,0,1,1,1,1,1,6,multiple
S1-882359978,S3-564518727,S1_S3,1,1,0,1,1,1,1,1,6,multiple
S1-882359978,S3-609063668,S1_S3,1,1,0,1,1,1,1,1,6,multiple
S1-883518416,S2-425032715,S1_S2,0,1,0,1,1,1,1,1,5,multiple
S1-883518416,S2-859584480,S1_S2,0,1,0,1,1,1,1,1,5,multiple
S1-883518416,S2-994722810,S1_S2,0,1,0,1,1,1,1,1,5,multiple
S1-883518416,S3-268362478,S1_S3,0,1,0,1,1,0,0,1,3,multiple
S1-883518416,S3-581226516,S1_S3,0,1,0,1,1,0,0,1,3,multiple
S1-883713055,S2-539844136,S1_S2,1,0,0,1,1,1,1,1,5,multiple
S1-883713055,S3-278854053,S1_S3,0,0,0,1,1,1,1,1,4,multiple
S1-883713055,S3-44708205,S1_S3,0,0,0,1,1,1,1,1,4,multiple
S1-884024809,S2-468481759,S1_S2,0,1,0,1,1,1,1,1,5,multiple
S1-884024809,S3-627050936,S1_S3,0,1,0,1,1,1,1,1,5,multiple
S1-884353576,S2-982031083,S1_S2,0,1,0,1,1,1,1,1,5,multiple
S1-884353576,S3-927886664,S1_S3,0,0,0,1,1,1,1,1,4,multiple
S1-884388859,S2-313624840,S1_S2,0,1,0,1,1,1,1,1,5,multiple
S1-884388859,S2-313748881,S1_S2,1,1,0,1,1,1,1,1,6,multiple
S1-884388859,S2-361338940,S1_S2,0,1,0,1,1,1,1,1,5,multiple
S1-884388859,S2-63592649,S1_S2,1,1,0,1,1,1,1,1,6,multiple
S1-884388859,S2-82630596,S1_S2,0,1,0,1,1,1,1,1,5,multiple
S1-884388859,S3-302155752,S1_S3,0,1,0,1,1,1,1,1,5,multiple
S1-884388859,S3-478307641,S1_S3,0,1,0,1,1,1,1,1,5,multiple
S1-884388859,S3-884792330,S1_S3,0,1,0,1,1,1,1,1,5,multiple
S1-884433447,S2-28241875,S1_S2,0,0,0,1,1,1,1,1,4,multiple
S1-884433447,S2-609471920,S1_S2,0,0,0,1,1,1,1,1,4,multiple
S1-884433447,S3-437462601,S1_S3,0,0,0,0,0,1,1,1,2,multiple
S1-884433447,S3-633147230,S1_S3,1,0,0,1,1,1,1,1,5,multiple
S1-884433447,S3-75263730,S1_S3,1,0,0,1,1,1,1,1,5,multiple
S1-884462200,S2-344031078,S1_S2,0,1,0,1,1,1,1,1,5,multiple
S1-884462200,S2-537060694,S1_S2,0,1,0,1,1,1,1,1,5,multiple
S1-884462200,S3-156676329,S1_S3,1,1,0,1,1,1,1,1,6,multiple
S1-885813855,S2-341009508,S1_S2,0,0,0,1,1,1,1,1,4,multiple
S1-885813855,S2-974592824,S1_S2,0,0,0,0,0,1,1,1,2,multiple
S1-885813855,S3-372388120,S1_S3,0,1,0,1,1,1,1,1,5,multiple
S1-885813855,S3-798169726,S1_S3,0,1,0,1,1,1,1,1,5,multiple
S1-885813855,S3-816825821,S1_S3,1,1,0,1,1,1,1,1,6,multiple
S1-886390139,S2-355535962,S1_S2,0,1,0,1,1,1,1,1,5,multiple
S1-886390139,S2-803793691,S1_S2,0,1,0,1,1,1,1,1,5,multiple
S1-886390139,S3-368429343,S1_S3,0,1,0,0,1,1,1,1,4,multiple
S1-888276226,S2-306081322,S1_S2,0,0,0,1,1,1,1,1,4,multiple
S1-888276226,S2-565638435,S1_S2,0,1,0,1,1,1,1,1,5,multiple
S1-888276226,S2-753756705,S1_S2,0,1,0,1,1,1,1,1,5,multiple
S1-888276226,S2-838096333,S1_S2,0,1,0,1,1,1,1,1,5,multiple
S1-888276226,S3-180774465,S1_S3,0,0,0,1,1,1,1,1,4,multiple
S1-888276226,S3-197534663,S1_S3,0,1,0,1,1,1,1,1,5,multiple
S1-888276226,S3-425124016,S1_S3,0,0,0,1,1,1,1,1,4,multiple
S1-888276226,S3-623663435,S1_S3,1,1,0,1,1,1,1,1,6,multiple
S1-888310132,S2-749573440,S1_S2,0,0,0,0,0,1,1,1,2,multiple
S1-888310132,S3-132135705,S1_S3,0,0,0,1,1,1,1,1,4,multiple
S1-888310132,S3-477655334,S1_S3,0,0,0,1,1,1,1,1,4,multiple
S1-888565467,S2-138334615,S1_S2,0,1,0,1,1,1,1,1,5,multiple
S1-888565467,S3-113244474,S1_S3,0,0,0,1,1,1,1,1,4,multiple
S1-888565467,S3-142216928,S1_S3,0,1,0,1,1,1,1,1,5,multiple
S1-888565467,S3-414496455,S1_S3,0,1,0,1,1,1,1,1,5,multiple
S1-890700210,S2-240456839,S1_S2,1,0,0,1,1,1,1,1,5,multiple
S1-890700210,S2-434884098,S1_S2,0,0,0,0,0,1,1,1,2,multiple
S1-890700210,S2-802075365,S1_S2,0,0,0,0,0,1,1,1,2,multiple
S1-890700210,S3-736878798,S1_S3,0,0,0,1,1,1,1,1,4,multiple
S1-890700210,S3-825248603,S1_S3,0,0,0,1,1,1,1,1,4,multiple
S1-891927954,S2-533591366,S1_S2,0,0,0,1,1,1,1,1,4,multiple
S1-891927954,S2-724603129,S1_S2,0,0,0,1,1,1,1,1,4,multiple
S1-891927954,S2-920665291,S1_S2,0,0,0,1,1,1,1,1,4,multiple
S1-891927954,S3-697291307,S1_S3,0,0,0,1,1,1,1,1,4,multiple
S1-892110400,S2-488578324,S1_S2,1,0,0,1,1,1,1,1,5,multiple
S1-892268648,S3-995745305,S1_S3,0,1,1,1,1,1,1,1,6,multiple
S1-892739871,S2-487802918,S1_S2,0,0,0,0,0,1,1,1,2,multiple
S1-892739871,S3-362197035,S1_S3,0,0,0,0,0,1,1,1,2,multiple
S1-892739871,S3-521282332,S1_S3,0,0,0,0,0,1,1,1,2,multiple
S1-893239347,S2-258261031,S1_S2,0,0,0,0,0,1,1,1,2,multiple
S1-893239347,S3-124353145,S1_S3,0,0,0,1,1,1,1,1,4,multiple
S1-893239347,S3-867688260,S1_S3,0,0,0,1,1,1,1,1,4,multiple
S1-893871312,S2-657010150,S1_S2,0,0,1,1,1,1,1,1,5,multiple
S1-893871312,S2-711328452,S1_S2,0,0,1,0,1,1,1,1,4,multiple
S1-893871312,S2-791431819,S1_S2,0,0,1,0,1,1,1,1,4,multiple
S1-893871312,S3-571593556,S1_S3,0,0,0,1,1,1,1,1,4,multiple
S1-893871312,S3-689658693,S1_S3,0,0,0,1,1,1,1,1,4,multiple
S1-89388274,S2-509553048,S1_S2,1,0,0,1,1,1,1,1,5,multiple
S1-89388274,S3-332198910,S1_S3,1,0,0,1,1,1,1,1,5,multiple
S1-894116954,S2-502385049,S1_S2,0,1,0,1,1,1,1,1,5,multiple
S1-894116954,S3-775937597,S1_S3,0,1,0,1,1,1,1,1,5,multiple
S1-895219342,S2-720576343,S1_S2,0,0,0,0,0,1,1,1,2,multiple
S1-895219342,S3-141992210,S1_S3,0,0,0,0,0,1,1,1,2,multiple
S1-895219342,S3-713794814,S1_S3,0,0,0,1,1,1,1,1,4,multiple
S1-895575337,S2-134087665,S1_S2,0,0,0,1,1,1,1,1,4,multiple
S1-895575337,S2-919489499,S1_S2,1,0,0,1,1,1,1,1,5,multiple
S1-895575337,S3-894843296,S1_S3,1,0,0,1,1,1,1,1,5,multiple
S1-895575337,S3-924351364,S1_S3,1,0,0,1,1,1,1,1,5,multiple
S1-895987230,S2-258125866,S1_S2,0,0,0,1,1,1,1,1,4,multiple
S1-895987230,S2-740844237,S1_S2,1,0,0,1,1,1,1,1,5,multiple
S1-895987230,S3-155533976,S1_S3,1,0,0,1,1,1,1,1,5,multiple
S1-895987230,S3-423867003,S1_S3,0,0,0,1,1,1,1,1,4,multiple
S1-896172420,S2-749355081,S1_S2,0,0,0,1,1,1,1,1,4,multiple
S1-896172420,S2-834877205,S1_S2,1,0,0,1,1,1,1,1,5,multiple
S1-896172420,S3-594480350,S1_S3,0,0,0,1,1,1,1,1,4,multiple
S1-896900594,S2-386630064,S1_S2,1,1,0,1,1,1,1,1,6,multiple
S1-896900594,S3-803393220,S1_S3,0,1,0,1,1,1,1,1,5,multiple
S1-896985146,S2-451017576,S1_S2,0,1,0,1,1,1,1,1,5,multiple
S1-896985146,S2-906453144,S1_S2,0,1,0,1,1,1,1,1,5,multiple
S1-896985146,S2-964600940,S1_S2,1,1,0,1,1,1,1,1,6,multiple
S1-896985146,S3-64784735,S1_S3,0,0,0,1,1,1,1,1,4,multiple
S1-896985146,S3-826078302,S1_S3,0,1,0,1,1,1,1,1,5,multiple
S1-898804169,S2-530266721,S1_S2,0,0,0,0,0,1,1,1,2,multiple
S1-898804169,S2-98020930,S1_S2,0,0,0,0,0,1,1,1,2,multiple
S1-898804169,S3-192427392,S1_S3,0,0,0,1,1,1,1,1,4,multiple
S1-899276341,S2-152985676,S1_S2,1,1,0,1,1,1,1,1,6,multiple
S1-899276341,S3-903067733,S1_S3,0,1,0,1,1,1,1,1,5,multiple
S1-899438839,S2-169909921,S1_S2,1,1,0,1,1,1,1,1,6,multiple
S1-899438839,S2-365688960,S1_S2,0,0,0,1,1,1,1,1,4,multiple
S1-899438839,S3-335497279,S1_S3,0,1,0,1,1,0,0,1,3,multiple
S1-899438839,S3-474269872,S1_S3,1,1,0,1,1,1,1,1,6,multiple
S1-899632862,S2-247226866,S1_S2,0,0,0,1,1,1,1,1,4,multiple
S1-899632862,S3-340001225,S1_S3,0,0,0,1,1,1,1,1,4,multiple
S1-900068003,S2-201760021,S1_S2,0,0,0,1,1,1,1,1,4,multiple
S1-900068003,S2-658271096,S1_S2,1,0,0,1,1,1,1,1,5,multiple
S1-900068003,S3-235601280,S1_S3,0,0,0,1,1,1,1,1,4,multiple
S1-900068003,S3-484696588,S1_S3,0,0,0,1,1,1,1,1,4,multiple
S1-900258194,S2-389628830,S1_S2,0,0,0,0,0,1,1,1,2,multiple
S1-900258194,S2-98336831,S1_S2,1,0,0,1,1,1,1,1,5,multiple
S1-900258194,S3-108149179,S1_S3,0,0,0,0,0,1,1,1,2,multiple
S1-900258194,S3-322141690,S1_S3,0,0,0,1,1,1,1,1,4,multiple
S1-900603817,S2-250197292,S1_S2,1,1,0,1,1,1,1,1,6,multiple
S1-900603817,S3-935697159,S1_S3,0,1,0,1,1,1,1,1,5,multiple
S1-901032919,S2-310685592,S1_S2,0,0,1,1,1,1,1,1,5,multiple
S1-901032919,S2-339534541,S1_S2,0,0,0,1,1,1,1,1,4,multiple
S1-901032919,S3-175017888,S1_S3,0,1,1,1,1,1,1,1,6,multiple
S1-901032919,S3-764653667,S1_S3,0,0,1,1,1,1,1,1,5,multiple
S1-901032919,S3-972902954,S1_S3,1,1,1,1,1,1,1,1,7,multiple
S1-901976587,S2-138208240,S1_S2,0,1,0,1,1,1,1,1,5,multiple
S1-901976587,S3-157512095,S1_S3,0,1,0,1,1,1,1,1,5,multiple
S1-901976587,S3-246689983,S1_S3,0,1,0,1,1,1,1,1,5,multiple
S1-902348187,S3-608971267,S1_S3,0,1,0,1,1,1,1,1,5,multiple
S1-903132192,S2-523190515,S1_S2,1,0,0,1,1,1,1,1,5,multiple
S1-903132192,S2-830334579,S1_S2,0,0,0,1,1,1,1,1,4,multiple
S1-903132192,S3-225418824,S1_S3,0,0,0,1,1,1,1,1,4,multiple
S1-903173439,S2-746013259,S1_S2,0,0,0,1,1,1,1,1,4,multiple
S1-903173439,S3-702089374,S1_S3,1,1,0,1,1,1,1,1,6,multiple
S1-903173439,S3-710885012,S1_S3,1,1,0,1,1,1,1,1,6,multiple
S1-9031956,S2-301134835,S1_S2,0,1,0,1,1,1,1,1,5,multiple
S1-9031956,S2-591472604,S1_S2,0,1,0,1,1,1,1,1,5,multiple
S1-9031956,S3-739361068,S1_S3,1,1,0,1,1,1,1,1,6,multiple
S1-903375832,S3-717267776,S1_S3,0,0,0,0,0,1,1,1,2,multiple
S1-903375832,S3-976034353,S1_S3,0,0,0,1,1,1,1,1,4,multiple
S1-904198789,S2-447511048,S1_S2,0,0,0,0,0,1,1,1,2,multiple
S1-904198789,S2-875244642,S1_S2,0,0,0,1,1,1,1,1,4,multiple
S1-904198789,S3-352864064,S1_S3,0,0,0,1,1,1,1,1,4,multiple
S1-904198789,S3-50258876,S1_S3,0,0,0,1,1,1,1,1,4,multiple
S1-904544333,S2-451722231,S1_S2,1,1,0,1,1,1,1,1,6,multiple
S1-904544333,S2-489390867,S1_S2,0,1,0,1,1,0,0,1,3,multiple
S1-904544333,S3-212363760,S1_S3,1,1,0,1,1,1,1,1,6,multiple
S1-904544333,S3-455599062,S1_S3,0,1,0,1,1,1,1,1,5,multiple
S1-904544333,S3-731026614,S1_S3,0,1,0,1,1,1,1,1,5,multiple
S1-904655913,S2-182064929,S1_S2,0,0,0,1,1,1,1,1,4,multiple
S1-904655913,S2-305368403,S1_S2,0,0,0,1,1,1,1,1,4,multiple
S1-904655913,S2-630477137,S1_S2,0,0,0,1,1,0,0,1,2,multiple
S1-904655913,S3-733757504,S1_S3,0,0,0,1,1,1,1,1,4,multiple
S1-905616732,S2-246194372,S1_S2,1,1,0,1,1,1,1,1,6,multiple
S1-905616732,S2-633078670,S1_S2,0,1,0,1,1,0,0,1,3,multiple
S1-905616732,S2-829959825,S1_S2,0,1,0,1,1,1,1,1,5,multiple
S1-905616732,S3-481533584,S1_S3,1,1,0,1,1,1,1,1,6,multiple
S1-905616732,S3-916762019,S1_S3,0,1,0,1,1,1,1,1,5,multiple
S1-906373305,S2-744331904,S1_S2,1,1,0,1,1,1,1,1,6,multiple
S1-906373305,S3-644912396,S1_S3,0,1,0,1,1,1,1,1,5,multiple
S1-906373305,S3-797275944,S1_S3,0,1,0,1,1,1,1,1,5,multiple
S1-907902301,S3-96884886,S1_S3,0,1,0,1,1,1,1,1,5,multiple
S1-908027088,S2-115477071,S1_S2,0,0,0,1,1,1,1,1,4,multiple
S1-908027088,S2-706799486,S1_S2,0,0,0,0,0,1,1,1,2,multiple
S1-908027088,S2-873825705,S1_S2,1,0,0,1,1,1,1,1,5,multiple
S1-908682720,S2-189532072,S1_S2,1,1,0,1,1,1,1,1,6,multiple
S1-908682720,S3-194371921,S1_S3,0,1,0,1,1,0,0,1,3,multiple
S1-910355477,S2-461638550,S1_S2,0,0,0,0,1,1,1,1,3,multiple
S1-910355477,S3-517806467,S1_S3,0,0,1,0,0,1,1,1,3,multiple
S1-910381924,S2-46470241,S1_S2,0,0,0,1,1,1,1,1,4,multiple
S1-910381924,S2-716876438,S1_S2,0,0,0,1,1,1,1,1,4,multiple
S1-910381924,S3-126242113,S1_S3,0,0,1,0,0,1,1,1,3,multiple
S1-910381924,S3-458380019,S1_S3,0,0,0,1,1,1,1,1,4,multiple
S1-910381924,S3-604976513,S1_S3,0,0,1,0,1,1,1,1,4,multiple
S1-910454879,S2-879872087,S1_S2,0,0,0,0,0,1,1,1,2,multiple
S1-910454879,S3-615047858,S1_S3,0,0,0,1,1,1,1,1,4,multiple
S1-910454879,S3-834681756,S1_S3,0,0,0,1,1,1,1,1,4,multiple
S1-910454879,S3-871226613,S1_S3,0,0,0,1,1,1,1,1,4,multiple
S1-910454879,S3-908829302,S1_S3,1,0,0,1,1,1,1,1,5,multiple
S1-910475926,S2-66096411,S1_S2,1,1,0,1,1,1,1,1,6,multiple
S1-910475926,S2-776034723,S1_S2,0,1,0,1,1,1,1,1,5,multiple
S1-910475926,S2-795152372,S1_S2,0,1,0,1,1,1,1,1,5,multiple
S1-910475926,S3-352178851,S1_S3,0,1,0,1,1,1,1,1,5,multiple
S1-910758236,S2-820635717,S1_S2,1,0,0,1,1,1,1,1,5,multiple
S1-910758236,S3-322858660,S1_S3,0,0,0,1,1,0,0,1,2,multiple
S1-910758236,S3-411809830,S1_S3,0,0,0,0,0,1,1,1,2,multiple
S1-91131621,S2-269775267,S1_S2,0,1,0,1,1,1,1,1,5,multiple
S1-91131621,S2-427020523,S1_S2,1,1,0,1,1,1,1,1,6,multiple
S1-91131621,S2-439863898,S1_S2,1,1,0,1,1,1,1,1,6,multiple
S1-913627068,S2-247373416,S1_S2,0,1,0,1,1,1,1,1,5,multiple
S1-913627068,S2-758631208,S1_S2,0,0,0,1,1,1,1,1,4,multiple
S1-913627068,S2-951317340,S1_S2,0,1,0,1,1,1,1,1,5,multiple
S1-913627068,S3-169473706,S1_S3,1,1,0,1,1,0,0,1,4,multiple
S1-913627068,S3-361740280,S1_S3,1,1,0,1,1,1,1,1,6,multiple
S1-913890748,S2-768428812,S1_S2,0,1,0,1,1,1,1,1,5,multiple
S1-913890748,S3-198640654,S1_S3,1,1,0,1,1,1,1,1,6,multiple
S1-914124558,S2-406552543,S1_S2,0,0,0,0,0,1,1,1,2,multiple
S1-914124558,S2-475407830,S1_S2,0,0,0,0,0,1,1,1,2,multiple
S1-914124558,S3-459587370,S1_S3,0,0,0,1,1,1,1,1,4,multiple
S1-914124558,S3-466023897,S1_S3,0,0,0,1,1,1,1,1,4,multiple
S1-914124558,S3-940485445,S1_S3,0,0,0,0,0,1,1,1,2,multiple
S1-914447802,S2-216459419,S1_S2,0,1,0,1,1,1,1,1,5,multiple
S1-914447802,S2-707257104,S1_S2,0,1,0,1,1,1,1,1,5,multiple
S1-914447802,S2-848651626,S1_S2,0,1,0,1,1,1,1,1,5,multiple
S1-914447802,S3-843456751,S1_S3,0,1,0,1,1,1,1,1,5,multiple
S1-914447802,S3-864391431,S1_S3,0,1,0,1,1,1,1,1,5,multiple
S1-914594848,S2-699615637,S1_S2,0,0,0,1,1,1,1,1,4,multiple
S1-914594848,S3-308248275,S1_S3,0,0,0,0,0,1,1,1,2,multiple
S1-914594848,S3-372567308,S1_S3,1,0,0,1,1,1,1,1,5,multiple
S1-914913366,S2-780145564,S1_S2,0,1,0,1,1,1,1,1,5,multiple
S1-914913366,S3-320566216,S1_S3,0,1,0,1,1,0,1,1,4,multiple
S1-914913366,S3-496487612,S1_S3,0,1,0,1,1,0,1,1,4,multiple
S1-915314926,S2-96315637,S1_S2,1,1,0,1,1,1,1,1,6,multiple
S1-915314926,S3-422495403,S1_S3,0,0,0,1,1,1,1,1,4,multiple
S1-916787076,S2-428297203,S1_S2,0,1,0,1,1,1,1,1,5,multiple
S1-916796500,S2-332756443,S1_S2,0,0,0,0,0,1,1,1,2,multiple
S1-916796500,S2-552982590,S1_S2,0,1,0,1,1,1,1,1,5,multiple
S1-916796500,S3-692830484,S1_S3,0,0,0,0,1,1,1,1,3,multiple
S1-916796500,S3-862977547,S1_S3,0,1,0,1,1,1,1,1,5,multiple
S1-917900678,S3-921588176,S1_S3,0,0,0,0,0,1,1,1,2,multiple
S1-918079069,S2-37957037,S1_S2,0,0,0,1,1,1,1,1,4,multiple
S1-918079069,S3-178871570,S1_S3,1,0,0,1,1,1,1,1,5,multiple
S1-918079069,S3-816200729,S1_S3,0,0,0,1,1,1,1,1,4,multiple
S1-919069454,S2-829477448,S1_S2,0,0,0,1,1,0,0,1,2,multiple
S1-919069454,S2-88990559,S1_S2,0,0,0,1,1,1,1,1,4,multiple
S1-919069454,S2-981025105,S1_S2,0,0,0,1,1,0,0,1,2,multiple
S1-919069454,S3-843318124,S1_S3,0,0,0,1,1,1,1,1,4,multiple
S1-919069454,S3-898386156,S1_S3,0,0,0,1,1,1,1,1,4,multiple
S1-919069454,S3-913203754,S1_S3,1,0,0,1,1,1,1,1,5,multiple
S1-919069454,S3-913609840,S1_S3,0,0,0,1,1,1,1,1,4,multiple
S1-919138519,S3-974038838,S1_S3,0,0,0,1,1,1,1,1,4,multiple
S1-919815352,S2-763475982,S1_S2,0,1,0,1,1,1,1,1,5,multiple
S1-919815352,S2-846682518,S1_S2,0,1,0,1,1,1,1,1,5,multiple
S1-919815352,S3-28341476,S1_S3,0,1,0,1,1,0,0,1,3,multiple
S1-919815352,S3-566540481,S1_S3,0,1,0,1,1,1,1,1,5,multiple
S1-920595264,S2-493043236,S1_S2,0,0,0,1,1,1,1,1,4,multiple
S1-920595264,S2-579944531,S1_S2,0,0,0,1,1,0,0,1,2,multiple
S1-920595264,S2-642216640,S1_S2,0,0,0,1,1,1,1,1,4,multiple
S1-920595264,S3-107153678,S1_S3,0,0,0,0,1,1,1,1,3,multiple
S1-920595264,S3-909472449,S1_S3,0,0,0,1,1,1,1,1,4,multiple
S1-920595264,S3-956840547,S1_S3,1,0,0,1,1,1,1,1,5,multiple
S1-920800256,S2-63809251,S1_S2,0,0,0,0,0,1,1,1,2,multiple
S1-920800256,S3-118831886,S1_S3,0,0,0,1,1,1,1,1,4,multiple
S1-920800256,S3-619193291,S1_S3,0,0,0,1,1,1,1,1,4,multiple
S1-921015904,S2-553991858,S1_S2,0,1,0,1,1,1,1,1,5,multiple
S1-921015904,S3-398208162,S1_S3,0,1,0,1,1,1,1,1,5,multiple
S1-921015904,S3-829462170,S1_S3,1,1,0,1,1,1,1,1,6,multiple
S1-921054937,S2-436805036,S1_S2,0,0,0,1,1,1,1,1,4,multiple
S1-921054937,S3-157710599,S1_S3,0,0,0,1,1,1,1,1,4,multiple
S1-921054937,S3-216012988,S1_S3,0,0,0,1,1,1,1,1,4,multiple
S1-921137137,S2-239623483,S1_S2,1,0,0,1,1,1,1,1,5,multiple
S1-921137137,S2-265109506,S1_S2,0,0,0,0,0,1,1,1,2,multiple
S1-921137137,S2-805333092,S1_S2,0,0,0,0,0,1,1,1,2,multiple
S1-921137137,S2-891083290,S1_S2,0,0,0,1,1,1,1,1,4,multiple
S1-921137137,S2-974361694,S1_S2,0,0,0,1,1,1,1,1,4,multiple
S1-921137137,S3-619461385,S1_S3,1,0,0,1,1,1,1,1,5,multiple
S1-921137137,S3-722217500,S1_S3,0,0,0,0,0,1,1,1,2,multiple
S1-923290688,S2-117106642,S1_S2,0,1,0,1,1,1,1,1,5,multiple
S1-923290688,S2-664964187,S1_S2,0,1,0,1,1,1,1,1,5,multiple
S1-923290688,S3-419538011,S1_S3,0,1,0,1,1,1,1,1,5,multiple
S1-923290688,S3-708080283,S1_S3,0,0,0,1,1,1,1,1,4,multiple
S1-924977972,S2-448559613,S1_S2,0,1,0,1,1,1,1,1,5,multiple
S1-924977972,S2-725722837,S1_S2,0,1,0,1,1,1,1,1,5,multiple
S1-924977972,S2-888636942,S1_S2,0,1,0,1,1,1,1,1,5,multiple
S1-924977972,S3-185085879,S1_S3,0,1,0,1,1,1,1,1,5,multiple
S1-924977972,S3-314399717,S1_S3,1,1,0,1,1,1,1,1,6,multiple
S1-924977972,S3-41440008,S1_S3,0,0,0,1,1,1,1,1,4,multiple
S1-925184663,S2-498703859,S1_S2,0,0,1,1,1,1,1,1,5,multiple
S1-925184663,S3-151956608,S1_S3,0,0,1,1,1,1,1,1,5,multiple
S1-925184663,S3-33124073,S1_S3,0,0,1,1,1,1,1,1,5,multiple
S1-925184663,S3-669160913,S1_S3,1,0,0,1,1,1,1,1,5,multiple
S1-92550310,S2-8135727,S1_S2,0,1,0,1,1,1,1,1,5,multiple
S1-92550310,S3-830751114,S1_S3,0,1,0,0,0,1,1,1,3,multiple
S1-926097844,S2-706330851,S1_S2,0,0,0,1,1,1,1,1,4,multiple
S1-926097844,S3-384703369,S1_S3,0,0,0,1,1,1,1,1,4,multiple
S1-926097844,S3-896162561,S1_S3,0,0,0,1,1,1,1,1,4,multiple
S1-926097844,S3-965522402,S1_S3,0,0,0,0,0,1,1,1,2,multiple
S1-92644667,S2-423210851,S1_S2,0,1,0,1,1,1,1,1,5,multiple
S1-92644667,S3-357034736,S1_S3,0,1,0,1,1,1,1,1,5,multiple
S1-92644667,S3-466892569,S1_S3,1,1,0,1,1,1,1,1,6,multiple
S1-927861406,S2-498188467,S1_S2,1,1,0,1,1,0,0,1,4,multiple
S1-927861406,S2-638320176,S1_S2,0,1,0,1,1,1,1,1,5,multiple
S1-927861406,S3-398112182,S1_S3,0,1,0,1,1,1,1,1,5,multiple
S1-927861406,S3-418826169,S1_S3,1,1,0,1,1,0,0,1,4,multiple
S1-928365845,S2-271097887,S1_S2,0,0,0,1,1,1,1,1,4,multiple
S1-928365845,S3-116205255,S1_S3,0,0,0,0,1,1,1,1,3,multiple
S1-928365845,S3-363212621,S1_S3,1,0,0,1,1,1,1,1,5,multiple
S1-928500556,S2-184439199,S1_S2,0,1,0,1,1,0,0,1,3,multiple
S1-928500556,S2-369703323,S1_S2,1,1,0,1,1,0,0,1,4,multiple
S1-928500556,S3-164322808,S1_S3,0,0,0,1,1,1,1,1,4,multiple
S1-928500556,S3-774688575,S1_S3,0,1,0,1,1,1,1,1,5,multiple
S1-928500556,S3-842214060,S1_S3,1,1,0,1,1,1,1,1,6,multiple
S1-92981969,S2-329266501,S1_S2,0,0,0,1,1,0,1,1,3,multiple
S1-92981969,S2-380247367,S1_S2,0,1,0,1,1,1,1,1,5,multiple
S1-92981969,S2-742556730,S1_S2,0,1,0,1,1,1,1,1,5,multiple
S1-92981969,S3-262064433,S1_S3,0,1,0,1,1,0,1,1,4,multiple
S1-92981969,S3-343746449,S1_S3,0,1,0,1,1,1,1,1,5,multiple
S1-92981969,S3-386518220,S1_S3,0,1,0,1,1,1,1,1,5,multiple
S1-92981969,S3-872600727,S1_S3,0,1,0,1,1,1,1,1,5,multiple
S1-931163114,S2-716535025,S1_S2,0,0,0,1,1,1,1,1,4,multiple
S1-931163114,S3-506218649,S1_S3,1,0,0,1,1,1,1,1,5,multiple
S1-934020651,S2-103958464,S1_S2,1,1,0,1,1,1,1,1,6,multiple
S1-934020651,S2-185644779,S1_S2,1,1,0,1,1,1,1,1,6,multiple
S1-934020651,S2-7414966,S1_S2,0,1,0,1,1,1,1,1,5,multiple
S1-934020651,S2-899070472,S1_S2,0,1,0,1,1,1,1,1,5,multiple
S1-934020651,S3-527563303,S1_S3,0,1,0,1,1,1,1,1,5,multiple
S1-934197269,S2-557284064,S1_S2,0,1,0,1,1,1,1,1,5,multiple
S1-934197269,S2-795794109,S1_S2,1,1,0,1,1,1,1,1,6,multiple
S1-934197269,S2-841952998,S1_S2,0,1,0,1,1,1,1,1,5,multiple
S1-934197269,S3-309648590,S1_S3,0,1,0,1,1,1,1,1,5,multiple
S1-934197269,S3-613687411,S1_S3,1,1,0,1,1,1,1,1,6,multiple
S1-934539363,S2-156554452,S1_S2,1,0,0,1,1,1,1,1,5,multiple
S1-934539363,S2-449549502,S1_S2,0,0,0,1,1,1,1,1,4,multiple
S1-934539363,S2-575678933,S1_S2,0,0,0,1,1,1,1,1,4,multiple
S1-934539363,S2-606507696,S1_S2,1,0,0,1,1,1,1,1,5,multiple
S1-934539363,S3-420557055,S1_S3,1,0,0,1,1,1,1,1,5,multiple
S1-934539363,S3-475879113,S1_S3,0,0,0,1,1,1,1,1,4,multiple
S1-934539363,S3-857015655,S1_S3,1,0,0,1,1,1,1,1,5,multiple
S1-935981164,S2-661954018,S1_S2,0,0,0,0,1,1,1,1,3,multiple
S1-935981164,S3-579963266,S1_S3,0,1,0,1,1,0,0,1,3,multiple
S1-935981164,S3-896821606,S1_S3,0,0,0,1,1,1,1,1,4,multiple
S1-936637066,S2-570037434,S1_S2,0,1,0,1,1,1,1,1,5,multiple
S1-936637066,S3-444547469,S1_S3,1,1,0,1,1,1,1,1,6,multiple
S1-936637066,S3-834740395,S1_S3,0,0,0,1,1,1,1,1,4,multiple
S1-937389288,S2-213439413,S1_S2,0,0,0,0,0,1,1,1,2,multiple
S1-937389288,S2-392933903,S1_S2,0,0,0,0,0,1,1,1,2,multiple
S1-937389288,S2-914311497,S1_S2,0,0,0,0,0,1,1,1,2,multiple
S1-937389288,S3-676951776,S1_S3,0,0,0,1,1,1,1,1,4,multiple
S1-937389288,S3-791065140,S1_S3,1,0,0,1,1,1,1,1,5,multiple
S1-937770641,S3-976090171,S1_S3,0,1,0,1,1,1,1,1,5,multiple
S1-937779824,S2-31247740,S1_S2,0,0,0,1,1,1,1,1,4,multiple
S1-937779824,S2-374887123,S1_S2,1,1,0,1,1,1,1,1,6,multiple
S1-937779824,S2-638898309,S1_S2,0,0,0,0,0,1,1,1,2,multiple
S1-937779824,S2-794867559,S1_S2,0,1,0,1,1,1,1,1,5,multiple
S1-937779824,S3-604851883,S1_S3,1,1,0,1,1,1,1,1,6,multiple
S1-937779824,S3-947353140,S1_S3,0,1,0,1,1,1,1,1,5,multiple
S1-938657367,S2-581402571,S1_S2,0,1,0,1,1,1,1,1,5,multiple
S1-938657367,S2-973960477,S1_S2,1,1,0,1,1,1,1,1,6,multiple
S1-938657367,S3-695965541,S1_S3,1,1,0,1,1,1,1,1,6,multiple
S1-938889896,S2-491559496,S1_S2,1,1,0,1,1,1,1,1,6,multiple
S1-938889896,S2-561578494,S1_S2,0,1,0,1,1,1,1,1,5,multiple
S1-938889896,S2-916931392,S1_S2,0,0,0,0,1,1,1,1,3,multiple
S1-938889896,S2-948337336,S1_S2,0,1,0,1,1,1,1,1,5,multiple
S1-938889896,S3-711810187,S1_S3,0,1,0,1,1,1,1,1,5,multiple
S1-939000989,S2-931110492,S1_S2,1,0,0,1,1,1,1,1,5,multiple
S1-939222796,S2-118175042,S1_S2,0,1,1,1,1,1,1,1,6,multiple
S1-939222796,S2-459770179,S1_S2,1,1,1,1,1,1,1,1,7,multiple
S1-939222796,S3-813970859,S1_S3,0,1,1,1,1,1,1,1,6,multiple
S1-939537898,S3-115712579,S1_S3,1,1,0,1,1,1,1,1,6,multiple
S1-939537898,S3-657378312,S1_S3,0,1,0,1,1,1,1,1,5,multiple
S1-939537898,S3-735743463,S1_S3,0,0,0,0,1,1,1,1,3,multiple
S1-939680363,S2-730603699,S1_S2,0,0,0,1,1,1,1,1,4,multiple
S1-939680363,S3-289615682,S1_S3,0,0,0,1,1,1,1,1,4,multiple
S1-939680363,S3-293141983,S1_S3,0,0,0,0,1,1,1,1,3,multiple
S1-939680363,S3-509996049,S1_S3,0,0,0,1,1,1,1,1,4,multiple
S1-939760109,S2-655663652,S1_S2,0,1,0,1,1,1,1,1,5,multiple
S1-939760109,S3-371915475,S1_S3,0,1,0,1,1,1,1,1,5,multiple
S1-939760109,S3-421882879,S1_S3,0,1,0,1,1,1,1,1,5,multiple
S1-939760109,S3-60622975,S1_S3,0,1,0,1,1,1,1,1,5,multiple
S1-940313071,S2-321054492,S1_S2,0,0,0,1,1,1,1,1,4,multiple
S1-940313071,S2-852105945,S1_S2,0,0,0,0,0,1,1,1,2,multiple
S1-940313071,S3-326877768,S1_S3,0,0,0,0,0,1,1,1,2,multiple
S1-940846827,S2-884338721,S1_S2,0,1,0,1,1,1,1,1,5,multiple
S1-940846827,S3-366140978,S1_S3,0,1,0,0,0,1,1,1,3,multiple
S1-940846827,S3-544383566,S1_S3,0,0,0,0,0,1,1,1,2,multiple
S1-940846827,S3-603921179,S1_S3,0,1,0,1,1,1,1,1,5,multiple
S1-940846827,S3-762124483,S1_S3,1,1,0,1,1,1,1,1,6,multiple
S1-940959784,S2-153841982,S1_S2,0,0,0,0,0,1,1,1,2,multiple
S1-940959784,S2-164879745,S1_S2,0,0,0,0,0,1,1,1,2,multiple
S1-940959784,S3-976531178,S1_S3,0,0,0,1,1,1,1,1,4,multiple
S1-941014309,S2-35335305,S1_S2,0,1,0,1,1,1,1,1,5,multiple
S1-941014309,S2-684348734,S1_S2,1,1,0,1,1,1,1,1,6,multiple
S1-941014309,S2-879481067,S1_S2,0,1,0,1,1,1,1,1,5,multiple
S1-941014309,S3-515588581,S1_S3,0,1,0,1,1,1,1,1,5,multiple
S1-941067175,S2-856984458,S1_S2,0,1,0,1,1,1,1,1,5,multiple
S1-941903852,S2-989888068,S1_S2,0,1,0,1,1,1,1,1,5,multiple
S1-941903852,S3-559530286,S1_S3,0,1,0,1,1,1,1,1,5,multiple
S1-941903852,S3-929965906,S1_S3,0,1,0,1,1,1,1,1,5,multiple
S1-94211415,S2-628206894,S1_S2,0,0,0,0,0,1,1,1,2,multiple
S1-94211415,S2-648385338,S1_S2,1,0,0,1,1,1,1,1,5,multiple
S1-94211415,S3-888561474,S1_S3,0,0,0,0,0,1,1,1,2,multiple
S1-942273587,S2-239670348,S1_S2,0,0,0,1,1,1,1,1,4,multiple
S1-944110652,S2-150603575,S1_S2,1,1,0,1,1,1,1,1,6,multiple
S1-944110652,S3-242780882,S1_S3,0,1,0,1,1,1,1,1,5,multiple
S1-944110652,S3-7336495,S1_S3,1,1,0,1,1,1,1,1,6,multiple
S1-944458041,S3-545120277,S1_S3,1,1,0,1,1,1,1,1,6,multiple
S1-94462914,S2-428212602,S1_S2,0,1,0,1,1,1,1,1,5,multiple
S1-94462914,S2-919080460,S1_S2,0,1,0,1,1,1,1,1,5,multiple
S1-94462914,S3-241482517,S1_S3,0,1,0,1,1,1,1,1,5,multiple
S1-94462914,S3-904671668,S1_S3,1,1,0,1,1,1,1,1,6,multiple
S1-945056398,S2-240813187,S1_S2,1,1,0,1,1,1,1,1,6,multiple
S1-945056398,S3-282720751,S1_S3,0,1,0,1,1,1,1,1,5,multiple
S1-945056398,S3-622915804,S1_S3,0,1,0,1,1,1,1,1,5,multiple
S1-946500542,S2-176167585,S1_S2,0,0,0,1,1,0,0,1,2,multiple
S1-946500542,S3-333779490,S1_S3,0,0,0,1,1,1,1,1,4,multiple
S1-946500542,S3-579763640,S1_S3,1,0,0,1,1,1,1,1,5,multiple
S1-946700904,S2-847316728,S1_S2,0,1,0,1,1,1,1,1,5,multiple
S1-946700904,S3-584756364,S1_S3,1,1,0,1,1,1,1,1,6,multiple
S1-946700904,S3-620245292,S1_S3,0,1,0,1,1,1,1,1,5,multiple
S1-946700904,S3-761031877,S1_S3,1,1,0,1,1,0,0,1,4,multiple
S1-94730389,S2-765637134,S1_S2,0,1,0,1,1,1,1,1,5,multiple
S1-94730389,S3-507419843,S1_S3,0,1,0,1,1,1,1,1,5,multiple
S1-94730389,S3-830215471,S1_S3,0,1,0,1,1,1,1,1,5,multiple
S1-94730389,S3-917516129,S1_S3,0,1,0,1,1,1,1,1,5,multiple
S1-947512483,S2-273739688,S1_S2,1,1,0,1,1,1,1,1,6,multiple
S1-947512483,S2-771206229,S1_S2,0,0,0,1,1,1,1,1,4,multiple
S1-947512483,S3-765010862,S1_S3,0,1,0,1,1,1,1,1,5,multiple
S1-94787660,S2-730588551,S1_S2,0,0,0,1,1,1,1,1,4,multiple
S1-948299758,S2-885657038,S1_S2,0,0,0,1,1,1,1,1,4,multiple
S1-948299758,S3-227807184,S1_S3,0,0,0,1,1,1,1,1,4,multiple
S1-948299758,S3-336897536,S1_S3,0,0,0,1,1,1,1,1,4,multiple
S1-948299758,S3-371231870,S1_S3,0,0,0,1,1,1,1,1,4,multiple
S1-948299758,S3-623803830,S1_S3,1,0,0,1,1,1,1,1,5,multiple
S1-948628766,S2-75815058,S1_S2,1,0,0,1,1,1,1,1,5,multiple
S1-9489835,S2-652007159,S1_S2,0,0,0,1,1,1,1,1,4,multiple
S1-9489835,S2-75830640,S1_S2,0,0,0,1,1,1,1,1,4,multiple
S1-9489835,S3-181519856,S1_S3,1,0,0,1,1,1,1,1,5,multiple
S1-9489835,S3-382942273,S1_S3,0,0,0,1,1,1,1,1,4,multiple
S1-9489835,S3-481890500,S1_S3,0,0,0,1,1,1,1,1,4,multiple
S1-9489835,S3-982480757,S1_S3,0,0,0,1,1,1,1,1,4,multiple
S1-9489835,S3-999360009,S1_S3,0,0,0,1,1,1,1,1,4,multiple
S1-951645212,S2-240089680,S1_S2,0,1,0,1,1,1,1,1,5,multiple
S1-951645212,S2-604906956,S1_S2,0,1,0,1,1,0,0,1,3,multiple
S1-951645212,S3-644751964,S1_S3,1,1,0,1,1,1,1,1,6,multiple
S1-951645212,S3-873617593,S1_S3,0,1,0,1,1,1,1,1,5,multiple
S1-951831019,S2-256441598,S1_S2,0,1,0,1,1,1,1,1,5,multiple
S1-951831019,S2-459203075,S1_S2,1,1,0,1,1,1,1,1,6,multiple
S1-951831019,S3-402277778,S1_S3,1,1,0,1,1,1,1,1,6,multiple
S1-951831019,S3-746865546,S1_S3,0,1,0,1,1,1,1,1,5,multiple
S1-951831019,S3-752614030,S1_S3,1,1,0,1,1,1,1,1,6,multiple
S1-952738304,S3-652283714,S1_S3,1,0,0,1,1,1,1,1,5,multiple
S1-952738304,S3-687377902,S1_S3,1,0,0,1,1,1,1,1,5,multiple
S1-954032219,S2-111951204,S1_S2,1,1,0,1,1,1,1,1,6,multiple
S1-954032219,S2-447136117,S1_S2,0,0,0,1,1,1,1,1,4,multiple
S1-954032219,S2-556726010,S1_S2,0,0,0,1,1,1,1,1,4,multiple
S1-954032219,S3-148331603,S1_S3,0,1,0,1,1,1,1,1,5,multiple
S1-954032219,S3-304233690,S1_S3,0,0,0,1,1,1,1,1,4,multiple
S1-954032219,S3-709652021,S1_S3,0,1,0,1,1,1,1,1,5,multiple
S1-95576202,S2-369763269,S1_S2,0,0,0,1,1,1,1,1,4,multiple
S1-95576202,S3-114688212,S1_S3,1,0,0,1,1,1,1,1,5,multiple
S1-95576202,S3-545449718,S1_S3,0,0,0,1,1,1,1,1,4,multiple
S1-95576202,S3-743704024,S1_S3,0,0,0,1,1,0,0,1,2,multiple
S1-955917685,S2-706710765,S1_S2,0,1,0,1,1,1,1,1,5,multiple
S1-955917685,S2-839972293,S1_S2,1,1,0,1,1,1,1,1,6,multiple
S1-955917685,S3-146043594,S1_S3,0,0,0,1,1,1,1,1,4,multiple
S1-955917685,S3-667635566,S1_S3,0,1,0,1,1,1,1,1,5,multiple
S1-956052250,S2-317970704,S1_S2,1,1,0,1,1,1,1,1,6,multiple
S1-956176130,S3-20515036,S1_S3,0,0,0,1,1,1,1,1,4,multiple
S1-956176130,S3-426363173,S1_S3,0,0,0,1,1,1,1,1,4,multiple
S1-956761669,S2-133160538,S1_S2,0,0,0,1,1,1,1,1,4,multiple
S1-956761669,S3-148962593,S1_S3,0,0,1,1,1,1,1,1,5,multiple
S1-957260749,S2-446459350,S1_S2,0,1,0,1,1,0,1,1,4,multiple
S1-957260749,S2-602757928,S1_S2,0,1,0,1,1,1,1,1,5,multiple
S1-957260749,S2-809797274,S1_S2,0,1,0,1,1,0,1,1,4,multiple
S1-957260749,S3-570043297,S1_S3,1,1,0,1,1,1,1,1,6,multiple
S1-958153886,S3-330649345,S1_S3,0,0,0,1,1,1,1,1,4,multiple
S1-958153886,S3-65237092,S1_S3,0,0,0,1,1,1,1,1,4,multiple
S1-959139632,S2-412884524,S1_S2,0,0,0,0,0,1,1,1,2,multiple
S1-959139632,S3-270857334,S1_S3,0,0,0,1,1,1,1,1,4,multiple
S1-959979316,S2-378477586,S1_S2,0,1,0,1,1,1,1,1,5,multiple
S1-959979316,S2-555505400,S1_S2,0,0,0,1,1,1,1,1,4,multiple
S1-959979316,S2-799810530,S1_S2,0,0,0,1,1,1,1,1,4,multiple
S1-959979316,S2-874958263,S1_S2,0,1,0,1,1,1,1,1,5,multiple
S1-959979316,S3-728694717,S1_S3,0,1,0,1,1,1,1,1,5,multiple
S1-959979316,S3-771021021,S1_S3,1,1,0,1,1,1,1,1,6,multiple
S1-960150486,S3-107667826,S1_S3,0,0,0,1,1,1,1,1,4,multiple
S1-960150486,S3-488776329,S1_S3,0,0,0,1,1,1,1,1,4,multiple
S1-960150486,S3-622447962,S1_S3,1,0,0,1,1,1,1,1,5,multiple
S1-960150486,S3-772941897,S1_S3,0,0,0,0,0,1,1,1,2,multiple
S1-96053852,S2-397396855,S1_S2,0,1,0,0,1,1,1,1,4,multiple
S1-96053852,S2-928639634,S1_S2,0,1,0,1,1,1,1,1,5,multiple
S1-96053852,S3-115717036,S1_S3,0,0,0,1,1,1,1,1,4,multiple
S1-960804923,S2-262139727,S1_S2,1,0,0,1,1,1,1,1,5,multiple
S1-960804923,S2-536104326,S1_S2,0,0,0,0,0,0,0,0,0,none
S1-960804923,S3-145596117,S1_S3,0,0,0,1,1,0,0,1,2,multiple
S1-960804923,S3-32602583,S1_S3,0,0,0,1,1,0,0,1,2,multiple
S1-960804923,S3-43644046,S1_S3,0,0,0,0,0,0,0,0,0,none
S1-960804923,S3-836799329,S1_S3,0,0,0,1,1,0,0,1,2,multiple
S1-960804923,S3-915796282,S1_S3,0,0,0,1,1,0,0,1,2,multiple
S1-961090647,S2-109825734,S1_S2,1,1,0,1,1,1,1,1,6,multiple
S1-961090647,S2-545976153,S1_S2,1,1,0,1,1,1,1,1,6,multiple
S1-961090647,S3-335123792,S1_S3,0,1,0,1,1,1,1,1,5,multiple
S1-961090647,S3-547762956,S1_S3,1,1,0,1,1,1,1,1,6,multiple
S1-962431055,S2-136516206,S1_S2,0,1,1,1,1,1,1,1,6,multiple
S1-962431055,S2-828201664,S1_S2,0,1,1,1,1,1,1,1,6,multiple
S1-962431055,S3-522826723,S1_S3,0,1,0,1,1,1,1,1,5,multiple
S1-962609846,S2-233762628,S1_S2,0,0,0,0,0,1,1,1,2,multiple
S1-962609846,S2-945536119,S1_S2,1,1,0,1,1,1,1,1,6,multiple
S1-962609846,S3-445646627,S1_S3,0,1,0,1,1,1,1,1,5,multiple
S1-962933342,S3-86662800,S1_S3,0,1,0,1,1,1,1,1,5,multiple
S1-963936327,S2-258673946,S1_S2,0,1,1,1,1,1,1,1,6,multiple
S1-963936327,S2-81077897,S1_S2,0,1,1,1,1,1,1,1,6,multiple
S1-963936327,S3-720409324,S1_S3,0,1,1,1,1,1,1,1,6,multiple
S1-964334828,S2-275083656,S1_S2,1,0,0,1,1,1,1,1,5,multiple
S1-964334828,S3-873617753,S1_S3,0,0,0,1,1,1,1,1,4,multiple
S1-964542489,S2-208241755,S1_S2,0,0,0,1,1,1,1,1,4,multiple
S1-964542489,S2-338398233,S1_S2,0,0,0,1,1,1,1,1,4,multiple
S1-964542489,S2-777852868,S1_S2,0,1,0,1,1,1,1,1,5,multiple
S1-964542489,S2-892858154,S1_S2,1,1,0,1,1,1,1,1,6,multiple
S1-964542489,S3-498236904,S1_S3,1,1,0,1,1,1,1,1,6,multiple
S1-964542489,S3-596909433,S1_S3,0,0,0,1,1,1,1,1,4,multiple
S1-966134953,S2-268990130,S1_S2,0,1,0,1,1,1,1,1,5,multiple
S1-966134953,S3-288960998,S1_S3,0,1,1,1,1,1,1,1,6,multiple
S1-966134953,S3-700196076,S1_S3,0,1,1,1,1,1,1,1,6,multiple
S1-968878854,S2-32243502,S1_S2,1,1,0,1,1,1,1,1,6,multiple
S1-968878854,S2-469498461,S1_S2,1,1,0,1,1,1,1,1,6,multiple
S1-968878854,S2-75693586,S1_S2,0,1,0,1,1,1,1,1,5,multiple
S1-968878854,S2-877847575,S1_S2,0,1,0,1,1,1,1,1,5,multiple
S1-969043050,S2-1524769,S1_S2,0,0,0,1,1,0,0,1,2,multiple
S1-969043050,S2-588616948,S1_S2,0,0,0,1,1,1,1,1,4,multiple
S1-969043050,S3-686303905,S1_S3,0,0,0,1,1,1,1,1,4,multiple
S1-969266980,S2-336270736,S1_S2,0,1,0,1,1,1,1,1,5,multiple
S1-969266980,S2-663349307,S1_S2,0,1,0,1,1,1,1,1,5,multiple
S1-969266980,S2-733566080,S1_S2,0,1,0,1,1,1,1,1,5,multiple
S1-969266980,S3-868832996,S1_S3,0,0,0,1,1,1,1,1,4,multiple
S1-969888445,S2-568328962,S1_S2,0,0,0,1,1,1,1,1,4,multiple
S1-969888445,S2-745710946,S1_S2,0,0,0,1,1,1,1,1,4,multiple
S1-969888445,S3-77449010,S1_S3,1,0,0,1,1,1,1,1,5,multiple
S1-969888445,S3-890025637,S1_S3,0,0,0,0,0,1,1,1,2,multiple
S1-970118683,S3-610978651,S1_S3,0,0,0,1,1,1,1,1,4,multiple
S1-970118683,S3-831528358,S1_S3,0,0,0,1,1,1,1,1,4,multiple
S1-970197633,S2-497561511,S1_S2,1,0,0,1,1,1,1,1,5,multiple
S1-970197633,S2-839274649,S1_S2,1,0,0,1,1,1,1,1,5,multiple
S1-970197633,S3-434068325,S1_S3,0,0,0,0,0,1,1,1,2,multiple
S1-970197633,S3-932768250,S1_S3,0,0,0,1,1,1,1,1,4,multiple
S1-970359507,S2-423206557,S1_S2,0,0,0,1,1,1,1,1,4,multiple
S1-970359507,S2-766640121,S1_S2,0,0,0,1,1,1,1,1,4,multiple
S1-970359507,S2-849551374,S1_S2,1,0,0,1,1,1,1,1,5,multiple
S1-970359507,S3-395330268,S1_S3,0,0,0,1,1,1,1,1,4,multiple
S1-970359507,S3-706238531,S1_S3,1,0,0,1,1,1,1,1,5,multiple
S1-970523133,S2-291711393,S1_S2,0,0,0,1,1,1,1,1,4,multiple
S1-970523133,S2-945880203,S1_S2,0,0,0,1,1,1,1,1,4,multiple
S1-970523133,S3-309028158,S1_S3,0,0,0,1,1,1,1,1,4,multiple
S1-970523133,S3-756301699,S1_S3,0,0,0,1,1,1,1,1,4,multiple
S1-970523133,S3-772977779,S1_S3,0,0,0,1,1,1,1,1,4,multiple
S1-971125611,S2-231599066,S1_S2,0,0,0,1,1,1,1,1,4,multiple
S1-971125611,S2-459989590,S1_S2,0,0,0,1,1,1,1,1,4,multiple
S1-971125611,S3-502533797,S1_S3,0,1,0,1,1,1,1,1,5,multiple
S1-971125611,S3-881617610,S1_S3,0,1,0,1,1,1,1,1,5,multiple
S1-971143597,S3-942546526,S1_S3,0,1,0,1,1,1,1,1,5,multiple
S1-971351046,S3-329318479,S1_S3,1,0,0,1,1,1,1,1,5,multiple
S1-971483958,S2-394828079,S1_S2,0,0,0,1,1,1,1,1,4,multiple
S1-971483958,S3-918276229,S1_S3,0,0,0,1,1,1,1,1,4,multiple
S1-97150335,S2-917828495,S1_S2,0,0,0,0,1,1,1,1,3,multiple
S1-97174183,S2-197190364,S1_S2,0,0,0,1,1,1,1,1,4,multiple
S1-97174183,S2-633122011,S1_S2,0,0,0,1,1,1,1,1,4,multiple
S1-972575462,S2-690087155,S1_S2,0,0,0,0,1,1,1,1,3,multiple
S1-972575462,S2-729408887,S1_S2,1,0,0,1,1,1,1,1,5,multiple
S1-972575462,S3-118846057,S1_S3,0,0,0,1,1,1,1,1,4,multiple
S1-973394254,S2-143968050,S1_S2,0,0,0,0,0,1,1,1,2,multiple
S1-973394254,S2-271060398,S1_S2,0,0,0,0,0,1,1,1,2,multiple
S1-973394254,S2-490019432,S1_S2,0,0,0,1,1,1,1,1,4,multiple
S1-973394254,S3-104715629,S1_S3,1,0,0,1,1,1,1,1,5,multiple
S1-973394254,S3-597597328,S1_S3,1,0,0,1,1,1,1,1,5,multiple
S1-97359314,S3-30950833,S1_S3,0,0,0,1,1,0,0,1,2,multiple
S1-97359314,S3-920726852,S1_S3,0,0,0,1,1,1,1,1,4,multiple
S1-973607603,S2-263117030,S1_S2,0,0,0,1,1,0,0,1,2,multiple
S1-973607603,S2-529826174,S1_S2,0,0,0,1,1,1,1,1,4,multiple
S1-973607603,S3-715093212,S1_S3,0,0,0,1,1,0,1,1,3,multiple
S1-973730958,S2-544603567,S1_S2,0,0,0,1,1,1,1,1,4,multiple
S1-973730958,S2-578058799,S1_S2,0,1,0,1,1,1,1,1,5,multiple
S1-973730958,S3-484227702,S1_S3,0,0,0,1,1,1,1,1,4,multiple
S1-973730958,S3-667767248,S1_S3,0,1,0,1,1,0,0,1,3,multiple
S1-974008430,S2-212192633,S1_S2,1,1,0,1,1,1,1,1,6,multiple
S1-974008430,S2-742590549,S1_S2,1,1,0,1,1,1,1,1,6,multiple
S1-974008430,S3-55609204,S1_S3,0,1,0,1,1,1,1,1,5,multiple
S1-974008430,S3-887686894,S1_S3,0,0,0,1,1,1,1,1,4,multiple
S1-974916150,S2-223805028,S1_S2,0,0,0,1,1,1,1,1,4,multiple
S1-974916150,S3-239606317,S1_S3,0,1,0,1,1,1,1,1,5,multiple
S1-974916150,S3-565279814,S1_S3,0,1,0,1,1,1,1,1,5,multiple
S1-974916150,S3-861492794,S1_S3,0,1,0,1,1,1,1,1,5,multiple
S1-975168824,S2-531826369,S1_S2,0,1,0,1,1,1,1,1,5,multiple
S1-975168824,S3-170199530,S1_S3,0,1,0,1,1,1,1,1,5,multiple
S1-975168824,S3-821335297,S1_S3,0,1,0,1,1,1,1,1,5,multiple
S1-975561158,S2-546392835,S1_S2,0,0,0,1,1,1,1,1,4,multiple
S1-975561158,S3-127640052,S1_S3,0,0,0,1,1,0,1,1,3,multiple
S1-975561158,S3-546621946,S1_S3,1,0,0,1,1,0,0,1,3,multiple
S1-975561158,S3-566084145,S1_S3,1,0,0,1,1,0,1,1,4,multiple
S1-975561158,S3-796772091,S1_S3,0,0,0,1,1,1,1,1,4,multiple
S1-975697194,S2-618644538,S1_S2,0,1,0,1,1,1,1,1,5,multiple
S1-975697194,S2-864779045,S1_S2,0,1,0,1,1,1,1,1,5,multiple
S1-975697194,S3-195891341,S1_S3,0,0,0,1,1,1,1,1,4,multiple
S1-975697194,S3-426079713,S1_S3,0,1,0,1,1,1,1,1,5,multiple
S1-975819325,S3-157789271,S1_S3,0,0,0,1,1,1,1,1,4,multiple
S1-975819325,S3-301097218,S1_S3,0,0,0,1,1,1,1,1,4,multiple
S1-975858698,S2-537771189,S1_S2,1,0,0,1,1,1,1,1,5,multiple
S1-975858698,S3-128413920,S1_S3,0,0,0,0,0,1,1,1,2,multiple
S1-975858698,S3-797326181,S1_S3,0,0,0,1,1,1,1,1,4,multiple
S1-975866536,S2-176843430,S1_S2,0,1,0,1,1,1,1,1,5,multiple
S1-975866536,S3-1934867,S1_S3,0,1,0,1,1,1,1,1,5,multiple
S1-976004482,S2-481580323,S1_S2,1,1,0,1,1,1,1,1,6,multiple
S1-976004482,S2-772889598,S1_S2,0,1,0,1,1,0,0,1,3,multiple
S1-976004482,S3-401317247,S1_S3,0,1,0,1,1,1,1,1,5,multiple
S1-976004482,S3-848144018,S1_S3,0,1,0,1,1,1,1,1,5,multiple
S1-976012284,S2-275563204,S1_S2,0,0,0,1,1,1,1,1,4,multiple
S1-976012284,S2-650329661,S1_S2,0,0,0,1,1,1,1,1,4,multiple
S1-976012284,S3-569858310,S1_S3,0,0,0,1,1,1,1,1,4,multiple
S1-976012284,S3-813515459,S1_S3,1,0,0,1,1,1,1,1,5,multiple
S1-976012284,S3-826936193,S1_S3,1,0,0,1,1,1,1,1,5,multiple
S1-976012284,S3-919587858,S1_S3,0,0,0,1,1,1,1,1,4,multiple
S1-978005549,S2-603892236,S1_S2,0,1,0,1,1,1,1,1,5,multiple
S1-978005549,S3-931080386,S1_S3,0,1,0,1,1,1,1,1,5,multiple
S1-978209196,S2-256858367,S1_S2,0,0,0,0,0,1,1,1,2,multiple
S1-978209196,S3-516748818,S1_S3,0,0,0,0,0,1,1,1,2,multiple
S1-978209196,S3-959752332,S1_S3,0,0,0,1,1,1,1,1,4,multiple
S1-979701681,S2-353885428,S1_S2,0,0,0,1,1,1,1,1,4,multiple
S1-979701681,S2-672779931,S1_S2,1,0,0,1,1,1,1,1,5,multiple
S1-979701681,S2-776307811,S1_S2,1,0,0,1,1,1,1,1,5,multiple
S1-979701681,S3-613227877,S1_S3,0,0,0,1,1,1,1,1,4,multiple
S1-979701681,S3-656527020,S1_S3,0,0,0,1,1,1,1,1,4,multiple
S1-979701681,S3-66928555,S1_S3,1,0,0,1,1,1,1,1,5,multiple
S1-980074782,S2-54442833,S1_S2,0,0,0,1,1,1,1,1,4,multiple
S1-980074782,S3-420239175,S1_S3,1,0,0,1,1,1,1,1,5,multiple
S1-980074782,S3-781348041,S1_S3,0,0,0,1,1,0,0,1,2,multiple
S1-980074782,S3-908985930,S1_S3,0,0,0,1,1,1,1,1,4,multiple
S1-980074782,S3-95963640,S1_S3,0,0,0,1,1,1,1,1,4,multiple
S1-980662016,S2-27366622,S1_S2,0,0,0,0,0,1,1,1,2,multiple
S1-980662016,S2-349144256,S1_S2,0,0,0,1,1,1,1,1,4,multiple
S1-980662016,S2-443761536,S1_S2,0,0,0,0,0,1,1,1,2,multiple
S1-980662016,S3-552154764,S1_S3,0,0,0,0,0,1,1,1,2,multiple
S1-980662016,S3-585066614,S1_S3,1,0,0,1,1,1,1,1,5,multiple
S1-980662016,S3-689357461,S1_S3,0,0,0,0,0,1,1,1,2,multiple
S1-981621552,S2-280085590,S1_S2,0,0,0,0,0,1,1,1,2,multiple
S1-981621552,S2-402359600,S1_S2,0,0,0,1,1,1,1,1,4,multiple
S1-981621552,S2-741862534,S1_S2,0,0,0,1,1,1,1,1,4,multiple
S1-981671898,S2-246201959,S1_S2,0,0,0,1,1,1,1,1,4,multiple
S1-981671898,S2-333516706,S1_S2,0,0,0,1,1,1,1,1,4,multiple
S1-981671898,S3-129377357,S1_S3,0,0,0,0,1,1,1,1,3,multiple
S1-981671898,S3-179765943,S1_S3,0,0,0,0,1,1,1,1,3,multiple
S1-981671898,S3-61387141,S1_S3,0,0,0,1,1,1,1,1,4,multiple
S1-982976799,S2-728611073,S1_S2,0,1,0,1,1,1,1,1,5,multiple
S1-982976799,S3-488816716,S1_S3,1,1,0,1,1,1,1,1,6,multiple
S1-983154592,S2-187789264,S1_S2,0,0,0,1,1,1,1,1,4,multiple
S1-983154592,S2-88664002,S1_S2,0,0,0,1,1,1,1,1,4,multiple
S1-983154592,S3-819399210,S1_S3,0,0,0,1,1,1,1,1,4,multiple
S1-983544936,S2-740228474,S1_S2,0,1,0,1,1,1,1,1,5,multiple
S1-983544936,S2-979079177,S1_S2,1,1,0,1,1,1,1,1,6,multiple
S1-983544936,S3-632241678,S1_S3,0,1,0,1,1,0,1,1,4,multiple
S1-983544936,S3-893424781,S1_S3,0,1,0,1,1,1,1,1,5,multiple
S1-984197405,S2-162333792,S1_S2,1,1,0,1,1,1,1,1,6,multiple
S1-984197405,S2-86353348,S1_S2,0,1,0,1,1,1,1,1,5,multiple
S1-984197405,S3-303464995,S1_S3,1,1,0,1,1,1,1,1,6,multiple
S1-984197405,S3-57748397,S1_S3,1,1,0,1,1,1,1,1,6,multiple
S1-984814127,S2-41101601,S1_S2,0,0,1,1,1,1,1,1,5,multiple
S1-984814127,S3-111945431,S1_S3,0,0,0,1,1,1,1,1,4,multiple
S1-984814127,S3-557195247,S1_S3,0,0,0,1,1,1,1,1,4,multiple
S1-985153487,S2-464291845,S1_S2,0,1,1,1,1,1,1,1,6,multiple
S1-985153487,S2-858408021,S1_S2,1,1,0,1,1,0,0,1,4,multiple
S1-985153487,S3-925474282,S1_S3,0,0,1,1,1,1,1,1,5,multiple
S1-986063350,S2-14624110,S1_S2,0,0,1,1,1,1,1,1,5,multiple
S1-986063350,S2-557267372,S1_S2,0,0,0,1,1,1,1,1,4,multiple
S1-986063350,S2-830673198,S1_S2,1,0,1,1,1,1,1,1,6,multiple
S1-986063350,S2-863900595,S1_S2,0,0,1,1,1,1,1,1,5,multiple
S1-986063350,S3-141116440,S1_S3,0,0,0,1,1,0,0,1,2,multiple
S1-986599778,S2-532639038,S1_S2,0,1,0,1,1,1,1,1,5,multiple
S1-986599778,S2-678229802,S1_S2,0,1,0,1,1,1,1,1,5,multiple
S1-986599778,S2-697162535,S1_S2,0,1,0,1,1,1,1,1,5,multiple
S1-986599778,S3-553972445,S1_S3,0,1,0,1,1,1,1,1,5,multiple
S1-987999760,S2-728570528,S1_S2,0,0,1,0,0,1,1,1,3,multiple
S1-987999760,S3-390144006,S1_S3,0,0,1,1,1,1,1,1,5,multiple
S1-988037126,S2-247682320,S1_S2,0,0,0,0,0,1,1,1,2,multiple
S1-988037126,S2-298253839,S1_S2,0,0,0,1,1,1,1,1,4,multiple
S1-988037126,S2-507302868,S1_S2,0,0,0,1,1,1,1,1,4,multiple
S1-988037126,S3-190022625,S1_S3,0,0,0,0,0,1,1,1,2,multiple
S1-990046472,S2-600985486,S1_S2,1,1,0,1,1,1,1,1,6,multiple
S1-990046472,S3-222398517,S1_S3,0,1,0,1,1,1,1,1,5,multiple
S1-990046472,S3-844573426,S1_S3,0,1,0,1,1,1,1,1,5,multiple
S1-99065570,S2-141138050,S1_S2,0,0,0,1,1,1,1,1,4,multiple
S1-99065570,S2-504766215,S1_S2,1,0,0,1,1,1,1,1,5,multiple
S1-99065570,S3-146938548,S1_S3,0,0,0,1,1,1,1,1,4,multiple
S1-99065570,S3-773748107,S1_S3,0,0,0,1,1,1,1,1,4,multiple
S1-990973314,S2-230947190,S1_S2,0,0,0,1,1,1,1,1,4,multiple
S1-990973314,S2-700837046,S1_S2,0,0,0,1,1,1,1,1,4,multiple
S1-990973314,S3-183091273,S1_S3,0,0,0,0,1,1,1,1,3,multiple
S1-990973314,S3-363927218,S1_S3,0,0,0,0,0,1,1,1,2,multiple
S1-990973314,S3-662445894,S1_S3,0,0,0,1,1,1,1,1,4,multiple
S1-990973314,S3-97353384,S1_S3,0,0,0,1,1,1,1,1,4,multiple
S1-991223188,S2-410304827,S1_S2,0,1,0,1,1,1,1,1,5,multiple
S1-991223188,S2-596934178,S1_S2,0,1,0,1,1,1,1,1,5,multiple
S1-991223188,S3-311978050,S1_S3,0,0,0,0,0,1,1,1,2,multiple
S1-991223188,S3-667482963,S1_S3,0,1,0,1,1,0,0,1,3,multiple
S1-991223188,S3-721900844,S1_S3,1,1,0,1,1,1,1,1,6,multiple
S1-991427058,S2-619371083,S1_S2,0,1,0,1,1,1,1,1,5,multiple
S1-991427058,S2-718168603,S1_S2,0,1,0,1,1,1,1,1,5,multiple
S1-991427058,S2-920888459,S1_S2,1,1,0,1,1,1,1,1,6,multiple
S1-991427058,S3-844895132,S1_S3,0,1,0,1,1,1,1,1,5,multiple
S1-991667563,S2-102284318,S1_S2,0,1,0,1,1,1,1,1,5,multiple
S1-991667563,S2-34459528,S1_S2,1,1,0,1,1,1,1,1,6,multiple
S1-991667563,S2-74163967,S1_S2,0,1,0,1,1,1,1,1,5,multiple
S1-991667563,S2-766897982,S1_S2,0,1,0,1,1,1,1,1,5,multiple
S1-993170234,S2-950409624,S1_S2,0,0,0,1,1,1,1,1,4,multiple
S1-993170234,S3-318020875,S1_S3,0,0,0,0,0,1,1,1,2,multiple
S1-993170234,S3-795844484,S1_S3,0,0,0,1,1,0,0,1,2,multiple
S1-993687764,S2-55027251,S1_S2,0,1,0,1,1,1,1,1,5,multiple
S1-993687764,S2-858967550,S1_S2,0,1,0,1,1,1,1,1,5,multiple
S1-993687764,S3-945218517,S1_S3,0,1,0,1,1,1,1,1,5,multiple
S1-994039051,S2-315653214,S1_S2,0,0,0,0,0,1,1,1,2,multiple
S1-994039051,S3-294322740,S1_S3,0,0,0,1,1,0,0,1,2,multiple
S1-994039051,S3-333281482,S1_S3,1,0,0,1,1,1,1,1,5,multiple
S1-994039051,S3-8431405,S1_S3,1,0,0,1,1,1,1,1,5,multiple
S1-994154881,S2-378527122,S1_S2,0,1,0,1,1,1,1,1,5,multiple
S1-994154881,S3-660650778,S1_S3,0,1,0,1,1,1,1,1,5,multiple
S1-994154881,S3-675238056,S1_S3,0,1,0,1,1,1,1,1,5,multiple
S1-994154881,S3-862049440,S1_S3,0,1,0,1,1,1,1,1,5,multiple
S1-994372343,S3-210723908,S1_S3,1,0,0,1,1,1,1,1,5,multiple
S1-994372343,S3-337366343,S1_S3,0,0,0,0,1,1,1,1,3,multiple
S1-994372343,S3-913438944,S1_S3,1,0,0,1,1,1,1,1,5,multiple
S1-995746069,S3-132595723,S1_S3,0,0,0,1,1,1,1,1,4,multiple
S1-995746069,S3-239886699,S1_S3,0,0,0,0,0,1,1,1,2,multiple
S1-995765254,S3-126638858,S1_S3,0,0,0,1,1,1,1,1,4,multiple
S1-995765254,S3-603835261,S1_S3,1,1,0,1,1,1,1,1,6,multiple
S1-99669344,S2-516926720,S1_S2,0,0,0,1,1,1,1,1,4,multiple
S1-99669344,S3-43423221,S1_S3,0,1,0,1,1,1,1,1,5,multiple
S1-99669344,S3-938059930,S1_S3,0,0,0,1,1,1,1,1,4,multiple
S1-998103901,S2-266015330,S1_S2,0,0,0,1,1,0,1,1,3,multiple
S1-998103901,S2-478562099,S1_S2,0,0,0,1,1,1,1,1,4,multiple
S1-998103901,S2-809520259,S1_S2,0,0,0,0,0,1,1,1,2,multiple
S1-998103901,S3-135372633,S1_S3,0,0,0,0,0,1,1,1,2,multiple
S1-998103901,S3-90510443,S1_S3,1,0,0,1,1,0,0,1,3,multiple
S1-998328453,S3-882532281,S1_S3,0,0,0,1,1,1,1,1,4,multiple
S1-999620895,S2-138181812,S1_S2,0,0,0,0,0,1,1,1,2,multiple
S1-999620895,S2-528286619,S1_S2,0,0,0,1,1,1,1,1,4,multiple
S1-999620895,S3-461477121,S1_S3,0,0,0,1,1,0,1,1,3,multiple
S1-999620895,S3-816127925,S1_S3,0,0,0,1,1,1,1,1,4,multiple
S1-999646554,S2-170839037,S1_S2,0,1,0,1,1,1,1,1,5,multiple
S1-999646554,S2-208857167,S1_S2,0,0,0,1,1,1,1,1,4,multiple
S1-999646554,S2-263574028,S1_S2,0,1,0,1,1,1,1,1,5,multiple
S1-999646554,S2-898074336,S1_S2,0,1,0,1,1,1,1,1,5,multiple
S1-999646554,S3-374491945,S1_S3,0,1,0,1,1,1,1,1,5,multiple
S1-999646554,S3-650922269,S1_S3,0,1,0,1,1,1,1,1,5,multiple
S1-999896377,S2-906793309,S1_S2,1,0,0,1,1,0,0,1,3,multiple
S1-999896377,S3-445044136,S1_S3,1,0,0,1,1,0,0,1,3,multiple
S1-999896377,S3-723082664,S1_S3,0,0,0,0,1,1,1,1,3,multiple
S1-999896377,S3-924080263,S1_S3,0,0,0,0,1,1,1,1,3,multiple
